<?xml version="1.0" encoding="utf-8"?>
<COLLADA xmlns="http://www.collada.org/2005/11/COLLADASchema" version="1.4.1" xmlns:xsi="http://www.w3.org/2001/XMLSchema-instance">
  <asset>
    <contributor>
      <author>Blender User</author>
      <authoring_tool>Blender 4.3.0 commit date:2024-11-19, commit time:08:52, hash:2b18cad88b13</authoring_tool>
    </contributor>
    <created>2025-09-23T13:25:10</created>
    <modified>2025-09-23T13:25:10</modified>
    <unit name="meter" meter="1"/>
    <up_axis>Z_UP</up_axis>
  </asset>
  <library_cameras>
    <camera id="Camera_002-camera" name="Camera.002">
      <optics>
        <technique_common>
          <perspective>
            <xfov sid="xfov">39.59775</xfov>
            <aspect_ratio>1.777778</aspect_ratio>
            <znear sid="znear">0.1</znear>
            <zfar sid="zfar">100</zfar>
          </perspective>
        </technique_common>
      </optics>
      <extra>
        <technique profile="blender">
          <shiftx sid="shiftx" type="float">0</shiftx>
          <shifty sid="shifty" type="float">0</shifty>
          <dof_distance sid="dof_distance" type="float">10</dof_distance>
        </technique>
      </extra>
    </camera>
    <camera id="Camera_001-camera" name="Camera.001">
      <optics>
        <technique_common>
          <perspective>
            <xfov sid="xfov">39.59775</xfov>
            <aspect_ratio>1.777778</aspect_ratio>
            <znear sid="znear">0.1</znear>
            <zfar sid="zfar">100</zfar>
          </perspective>
        </technique_common>
      </optics>
      <extra>
        <technique profile="blender">
          <shiftx sid="shiftx" type="float">0</shiftx>
          <shifty sid="shifty" type="float">0</shifty>
          <dof_distance sid="dof_distance" type="float">10</dof_distance>
        </technique>
      </extra>
    </camera>
    <camera id="Camera-camera" name="Camera">
      <optics>
        <technique_common>
          <perspective>
            <xfov sid="xfov">39.59775</xfov>
            <aspect_ratio>1.777778</aspect_ratio>
            <znear sid="znear">0.1</znear>
            <zfar sid="zfar">100</zfar>
          </perspective>
        </technique_common>
      </optics>
      <extra>
        <technique profile="blender">
          <shiftx sid="shiftx" type="float">0</shiftx>
          <shifty sid="shifty" type="float">0</shifty>
          <dof_distance sid="dof_distance" type="float">10</dof_distance>
        </technique>
      </extra>
    </camera>
  </library_cameras>
  <library_lights>
    <light id="Light_002-light" name="Light.002">
      <technique_common>
        <point>
          <color sid="color">1000 1000 1000</color>
          <constant_attenuation>1</constant_attenuation>
          <linear_attenuation>0</linear_attenuation>
          <quadratic_attenuation>0</quadratic_attenuation>
        </point>
      </technique_common>
      <extra>
        <technique profile="blender">
          <type sid="type" type="int">0</type>
          <flag sid="flag" type="int">0</flag>
          <mode sid="mode" type="int">1</mode>
          <red sid="red" type="float">1</red>
          <green sid="green" type="float">1</green>
          <blue sid="blue" type="float">1</blue>
          <energy sid="blender_energy" type="float">1000</energy>
          <spotsize sid="spotsize" type="float">75</spotsize>
          <spotblend sid="spotblend" type="float">0.15</spotblend>
          <clipsta sid="clipsta" type="float">0.04999995</clipsta>
          <clipend sid="clipend" type="float">30.002</clipend>
          <radius sid="radius" type="float">0</radius>
          <area_shape sid="area_shape" type="int">1</area_shape>
          <area_size sid="area_size" type="float">0.1</area_size>
          <area_sizey sid="area_sizey" type="float">0.1</area_sizey>
          <area_sizez sid="area_sizez" type="float">1</area_sizez>
        </technique>
      </extra>
    </light>
    <light id="Light_001-light" name="Light.001">
      <technique_common>
        <point>
          <color sid="color">1000 1000 1000</color>
          <constant_attenuation>1</constant_attenuation>
          <linear_attenuation>0</linear_attenuation>
          <quadratic_attenuation>0</quadratic_attenuation>
        </point>
      </technique_common>
      <extra>
        <technique profile="blender">
          <type sid="type" type="int">0</type>
          <flag sid="flag" type="int">0</flag>
          <mode sid="mode" type="int">1</mode>
          <red sid="red" type="float">1</red>
          <green sid="green" type="float">1</green>
          <blue sid="blue" type="float">1</blue>
          <energy sid="blender_energy" type="float">1000</energy>
          <spotsize sid="spotsize" type="float">75</spotsize>
          <spotblend sid="spotblend" type="float">0.15</spotblend>
          <clipsta sid="clipsta" type="float">0.04999995</clipsta>
          <clipend sid="clipend" type="float">30.002</clipend>
          <radius sid="radius" type="float">0</radius>
          <area_shape sid="area_shape" type="int">1</area_shape>
          <area_size sid="area_size" type="float">0.1</area_size>
          <area_sizey sid="area_sizey" type="float">0.1</area_sizey>
          <area_sizez sid="area_sizez" type="float">1</area_sizez>
        </technique>
      </extra>
    </light>
    <light id="Light-light" name="Light">
      <technique_common>
        <point>
          <color sid="color">1000 1000 1000</color>
          <constant_attenuation>1</constant_attenuation>
          <linear_attenuation>0</linear_attenuation>
          <quadratic_attenuation>0</quadratic_attenuation>
        </point>
      </technique_common>
      <extra>
        <technique profile="blender">
          <type sid="type" type="int">0</type>
          <flag sid="flag" type="int">0</flag>
          <mode sid="mode" type="int">2097153</mode>
          <red sid="red" type="float">1</red>
          <green sid="green" type="float">1</green>
          <blue sid="blue" type="float">1</blue>
          <energy sid="blender_energy" type="float">1000</energy>
          <spotsize sid="spotsize" type="float">75</spotsize>
          <spotblend sid="spotblend" type="float">0.15</spotblend>
          <clipsta sid="clipsta" type="float">0.04999995</clipsta>
          <clipend sid="clipend" type="float">40</clipend>
          <radius sid="radius" type="float">0.1</radius>
          <area_shape sid="area_shape" type="int">1</area_shape>
          <area_size sid="area_size" type="float">0.1</area_size>
          <area_sizey sid="area_sizey" type="float">0.1</area_sizey>
          <area_sizez sid="area_sizez" type="float">1</area_sizez>
        </technique>
      </extra>
    </light>
  </library_lights>
  <library_effects>
    <effect id="Tan-effect">
      <profile_COMMON>
        <technique sid="common">
          <lambert>
            <emission>
              <color sid="emission">0 0 0 1</color>
            </emission>
            <diffuse>
              <color sid="diffuse">0.8000001 0.4579014 0.2915481 1</color>
            </diffuse>
            <index_of_refraction>
              <float sid="ior">1.45</float>
            </index_of_refraction>
          </lambert>
        </technique>
      </profile_COMMON>
    </effect>
    <effect id="Blue-effect">
      <profile_COMMON>
        <technique sid="common">
          <lambert>
            <emission>
              <color sid="emission">0 0 0 1</color>
            </emission>
            <diffuse>
              <color sid="diffuse">0.07642511 0.2771015 0.8000001 1</color>
            </diffuse>
            <index_of_refraction>
              <float sid="ior">1.45</float>
            </index_of_refraction>
          </lambert>
        </technique>
      </profile_COMMON>
    </effect>
    <effect id="Red-effect">
      <profile_COMMON>
        <technique sid="common">
          <lambert>
            <emission>
              <color sid="emission">0 0 0 1</color>
            </emission>
            <diffuse>
              <color sid="diffuse">0.8000001 0.08196031 0.186369 1</color>
            </diffuse>
            <index_of_refraction>
              <float sid="ior">1.45</float>
            </index_of_refraction>
          </lambert>
        </technique>
      </profile_COMMON>
    </effect>
    <effect id="black-effect">
      <profile_COMMON>
        <technique sid="common">
          <lambert>
            <emission>
              <color sid="emission">0 0 0 1</color>
            </emission>
            <diffuse>
              <color sid="diffuse">5.15507e-4 0 4.90129e-4 1</color>
            </diffuse>
            <index_of_refraction>
              <float sid="ior">1.45</float>
            </index_of_refraction>
          </lambert>
        </technique>
      </profile_COMMON>
    </effect>
  </library_effects>
  <library_images/>
  <library_materials>
    <material id="Tan-material" name="Tan">
      <instance_effect url="#Tan-effect"/>
    </material>
    <material id="Blue-material" name="Blue">
      <instance_effect url="#Blue-effect"/>
    </material>
    <material id="Red-material" name="Red">
      <instance_effect url="#Red-effect"/>
    </material>
    <material id="black-material" name="black">
      <instance_effect url="#black-effect"/>
    </material>
  </library_materials>
  <library_geometries>
    <geometry id="Person_Standing_Simple-mesh" name="Person Standing Simple">
      <mesh>
        <source id="Person_Standing_Simple-mesh-positions">
          <float_array id="Person_Standing_Simple-mesh-positions-array" count="12777">-0.03100323 0.1416439 0.5833689 -0.02049851 0.141161 0.5843719 -0.02328228 0.1408036 0.589006 -0.03785586 0.1453066 0.585405 -0.0376451 0.1465747 0.579742 -0.03803575 0.1494781 0.5776839 -0.04522377 0.1516536 0.5803549 -0.03235721 0.1437867 0.575009 -0.04031842 0.1513553 0.572722 -0.03261661 0.1476722 0.568162 -0.003392159 0.1425204 0.5847969 0.005729377 0.1376896 0.583357 -0.001243293 0.1449522 0.578656 0.009145677 0.1329523 0.575599 0.003970265 0.1281955 0.5655509 0.009554862 0.1219628 0.562074 -4.32214e-4 0.1344978 0.5935599 -0.02641344 0.134087 0.597319 -0.04183077 0.1414296 0.598125 -0.04445976 0.1466462 0.587762 -0.05582851 0.1577447 0.591103 -0.002982795 0.1320281 0.6029739 0.01173424 0.1363661 0.5868009 0.02293086 0.1366254 0.59476 -0.04649627 0.1582483 0.633896 -0.0642457 0.1737729 0.589392 -0.05435854 0.1575644 0.6062799 0.01972121 0.1152428 0.5529549 0.01346892 0.110697 0.547511 -0.00402224 0.1259655 0.5414299 -0.007359325 0.1370878 0.537321 -0.002467513 0.133966 0.5328909 0.002515316 0.1277292 0.526302 0.001434922 0.1310356 0.5341129 0.009566307 0.1235368 0.532509 0.004211068 0.1279889 0.539328 -8.74606e-5 0.1253568 0.5378269 0.004995048 0.112996 0.5445429 0.005470633 0.1216312 0.5383509 -0.005036056 0.1371291 0.506681 0.003963351 0.1287969 0.5086799 -0.01039516 0.1366814 0.5056779 0.009329795 0.1212689 0.516482 6.85155e-5 0.1251914 0.5127709 0.01583725 0.122958 0.512275 0.01419603 0.1325667 0.5066019 0.01478308 0.1277229 0.506948 0.004284918 0.1320745 0.5077449 0.002621412 0.1276786 0.5038499 -0.005560338 0.1425878 0.502921 -0.009768426 0.1420022 0.504409 0.005243301 0.1347736 0.512031 0.01369416 0.1342594 0.5182589 -0.0103138 0.1415526 0.5119649 -0.001550257 0.1370408 0.511766 -0.01008743 0.1473649 0.489067 -0.01472562 0.1454164 0.504609 -0.0243113 0.157922 0.507815 0.004027724 0.1351151 0.530484 0.01352977 0.1355631 0.5283439 0.004345238 0.1463401 0.5419669 0.01183617 0.145619 0.5378059 -0.002551198 0.1437461 0.489908 0.01380783 0.1400972 0.486843 0.01266515 0.1514336 0.478735 -0.003878057 0.1605155 0.483295 0.006348431 0.1347892 0.495597 0.01425164 0.1322358 0.505991 -3.11008e-5 0.1624374 0.552151 0.009620606 0.1620849 0.5475899 0.01070433 0.1681679 0.474371 -0.02525287 0.1604133 0.5245849 -0.03254789 0.1837234 0.5138489 -0.005541265 0.1850381 0.556589 0.006731629 0.1854644 0.5515009 0.008671998 0.1861175 0.4731569 -0.02412611 0.1839162 0.5475919 -0.02167391 0.1627668 0.5401249 -0.00711596 0.2089791 0.5506059 0.004129052 0.2082795 0.546922 -0.02311074 0.2207971 0.4751749 -0.02801227 0.2057515 0.4913799 -0.03749853 0.2099047 0.525087 -0.03364783 0.1860771 0.529143 -0.03615111 0.232042 0.5169199 -0.03362917 0.2097417 0.5089159 -0.01116198 0.227905 0.5362229 0.001889169 0.2278684 0.535638 -0.001017034 0.2236649 0.458606 -0.00419718 0.2361456 0.476229 -0.02062588 0.2353959 0.485971 -0.0237233 0.2353509 0.5009619 -0.01148796 0.2401261 0.4997519 -0.005090177 0.240984 0.5213549 0.001129925 0.23944 0.5191 0.01454901 0.1326153 0.4919859 -0.001686275 0.1314844 0.4969729 0.002092719 0.1346785 0.485179 -0.01155287 0.1405938 0.488531 -0.01191687 0.1381351 0.5031819 -0.04860937 0.2191789 0.4780409 -0.0622965 0.2285566 0.509445 -0.0580902 0.2470037 0.478045 -0.0480743 0.2287284 0.451713 -0.05850434 0.2491968 0.442747 -0.03864628 0.2111849 0.465151 -0.06153845 0.2269068 0.3848089 -0.04891073 0.2281448 0.427491 -0.06166344 0.2403697 0.416031 -0.006030142 0.1981698 0.424871 0.01012498 0.1943701 0.425759 0.005752265 0.194135 0.438113 0.00493592 0.2019394 0.405402 -0.02042162 0.2086452 0.394931 -0.01393193 0.1993585 0.4384029 -0.05829107 0.268399 0.457551 -0.06409287 0.2672954 0.4402549 -0.05696135 0.2664837 0.486395 -0.0542277 0.2761003 0.4704299 -0.08650708 0.2822512 0.412956 -0.07412576 0.2635528 0.424263 -0.04255062 0.2919715 0.4856169 -0.05722188 0.2898873 0.443219 -0.03346425 0.3029624 0.4774209 -0.03799283 0.3024889 0.4530419 -0.04888612 0.30712 0.426327 -0.02078562 0.3120229 0.4983289 -0.0178743 0.3094237 0.4624399 2.41226e-4 0.3125692 0.47741 0.01228773 0.3132542 0.453635 0.01446735 0.3166849 0.432781 -0.05905973 0.321511 0.6454289 -0.06280106 0.3003178 0.6646409 -0.04511207 0.3079212 0.6732609 -0.07175582 0.310868 0.623683 -0.07825589 0.2843717 0.647499 -0.0670737 0.1908436 0.548114 -0.06518226 0.1774039 0.568682 -0.07640546 0.2183332 0.5545839 -0.07241016 0.2504658 0.660834 -0.05045282 0.2275959 0.6830839 -0.05892926 0.2695726 0.6780859 -0.04710561 0.3037496 0.519156 -0.04609066 0.1537032 0.5710089 -0.0420106 0.1484439 0.5612509 -0.04646432 0.2211406 0.3968749 -0.02684533 0.2080103 0.443692 -0.04483592 0.1920158 0.4779199 -0.05765807 0.2000668 0.5005549 -0.08329743 0.2364511 0.5801599 -0.08627587 0.2443122 0.597266 -0.08583551 0.2677372 0.593571 -0.04498285 0.3289087 0.6536579 -0.01174795 0.3128054 0.679408 -0.06893426 0.2224572 0.524146 -0.0716291 0.3140627 0.5918219 -0.05498003 0.3335751 0.625034 -0.07282656 0.2599245 0.5242169 -0.02381932 0.3174042 0.512365 -0.01043981 0.334895 0.5329659 0.004703879 0.3236094 0.515746 -0.08515989 0.2744852 0.6222329 -0.03664654 0.3428195 0.632985 -0.01394635 0.3359357 0.657671 -0.03557676 0.152633 0.6438979 -0.04307126 0.1784394 0.669796 -0.06184935 0.1835898 0.629908 -0.05371475 0.1784168 0.651127 -0.024715 0.2751872 0.6929289 -0.02139854 0.1575668 0.6630169 -0.07980901 0.2379869 0.638539 -0.06001389 0.2056418 0.664338 -0.08046436 0.2599712 0.5538969 -0.07722795 0.2803805 0.551196 -0.07737749 0.2664994 0.5450039 -0.02168411 0.2261754 0.695429 -0.02122467 0.1861451 0.685306 0.006587803 0.1800683 0.6866099 0.003989756 0.229133 0.697806 -0.001057565 0.1446196 0.4603399 -0.01164633 0.1614145 0.4599639 0.002886593 0.1474825 0.4572569 0.01185482 0.1640413 0.4525399 -0.002498507 0.1876698 0.4482559 0.01908499 0.1903292 0.448777 0.01851558 0.1399126 0.4598819 -0.01532989 0.1935138 0.450051 -0.02766579 0.3120819 0.429997 -0.02560305 0.1447139 0.584181 -0.006413698 0.1462566 0.578247 -0.01297581 0.1449875 0.581226 -0.02468627 0.1448017 0.574991 -0.02650344 0.141136 0.5746909 -0.01169347 0.1470413 0.5769299 -0.01176983 0.148714 0.5793879 -0.009931743 0.1486017 0.584163 -0.0349856 0.1484328 0.5703139 -0.0380795 0.1528239 0.5774199 -0.01367419 0.1491476 0.576798 -0.0168482 0.1456735 0.568877 -0.03657913 0.1506432 0.580877 -0.03762102 0.1498131 0.583578 -0.02890187 0.1512015 0.5947219 -0.02414065 0.1440017 0.589494 -0.01380717 0.1599979 0.565215 -0.009215474 0.1559512 0.5698409 -0.0407136 0.1526615 0.577047 -0.04183536 0.1590688 0.576765 -0.04019403 0.155247 0.585529 -0.03868299 0.1633999 0.588743 -0.01107758 0.1677844 0.5708209 -0.01242536 0.1524814 0.591741 -0.01496618 0.1646216 0.5937409 -0.007043004 0.1615424 0.5847119 -0.02792024 0.1635349 0.5958159 -0.03644675 0.1616173 0.567475 -0.0211876 0.1690286 0.565838 -0.03887313 0.1680273 0.5759389 -0.02955389 0.17191 0.569018 -0.01284754 0.1731212 0.5813639 -0.00676167 0.1640753 0.5780399 -0.03034996 0.1757642 0.580478 -0.03652411 0.1715981 0.5807699 -0.02565366 0.1731387 0.5899799 -0.02063071 0.1761588 0.57573 -0.05450344 0.1600567 0.5677769 -0.06255829 0.1942209 0.527898 -0.01717829 0.2097049 0.372908 -0.001830518 0.2127795 0.36971 -0.07224357 0.2362456 0.392329 0.02033364 0.33083 0.3995819 -0.03549861 0.3255818 0.396266 -0.07033115 0.3296819 0.3833959 -0.08978354 0.2722007 0.412211 -0.0886299 0.2623434 0.408904 -0.07027804 0.3012866 0.4171879 -0.09307956 0.3074823 0.4018669 -0.006418645 0.3357054 0.3664949 -0.05049651 0.332053 0.381609 -0.02989709 0.3351132 0.36557 -0.2521548 0.2302104 0.1830989 -0.254388 0.2550555 0.1878869 -0.2616197 0.2392563 0.1106508 -0.2444931 0.2747823 0.1902709 -0.2515929 0.2713996 0.1110548 -0.2437099 0.214667 0.1806828 -0.2592936 0.2204207 0.1083049 -0.2259346 0.2898286 0.1932849 -0.2380388 0.2839039 0.1334499 -0.2118257 0.2942971 0.1937609 -0.1736975 0.2337925 0.1870039 -0.1888148 0.2441052 0.08490395 -0.1746153 0.2678467 0.1887089 -0.1803359 0.2118523 0.184574 -0.1916247 0.207152 0.1219339 -0.1833915 0.2284191 0.1404649 -0.2294996 0.2026198 0.1804538 -0.2413569 0.192671 0.1013979 -0.2245625 0.1883087 0.1101739 -0.2128363 0.1956978 0.1816329 -0.2109116 0.189153 0.1105469 -0.2092167 0.2847373 0.09751093 -0.180224 0.28425 0.1898479 -0.1962453 0.2755158 0.09496092 -0.1894084 0.2604109 0.09128797 -0.201632 0.1462895 -0.4012814 -0.2195399 0.1503692 -0.3793022 -0.2034677 0.1485838 -0.41359 -0.2228646 0.1653081 -0.3827694 -0.2180871 0.1710726 -0.3796386 -0.2009617 0.1641072 -0.4131475 -0.2247359 0.1574538 -0.3802576 -0.2107374 0.1545179 -0.4067203 -0.2269192 0.1674989 -0.3636667 -0.2019966 0.1685027 -0.3907757 -0.1862155 0.1490153 -0.4187895 -0.1967657 0.1473255 -0.4005572 -0.190585 0.146298 -0.4259601 -0.1914132 0.1609115 -0.4258458 -0.1945444 0.1583322 -0.429279 -0.2024551 0.1588564 -0.4182367 -0.2008438 0.1569721 -0.4180496 -0.1849082 0.1536931 -0.4223756 -0.1928151 0.1522477 -0.4299075 -0.2006313 0.1659442 -0.4052323 -0.1995282 0.1469891 -0.4145101 -0.2225341 0.173212 -0.3646678 -0.2125576 0.1716279 -0.3766719 -0.2037773 0.1591644 -0.3746508 -0.1986287 0.1588121 -0.3823254 -0.2070286 0.167804 -0.3773825 -0.2271115 0.1564798 -0.3546054 -0.2291939 0.1620223 -0.3600652 -0.2132574 0.1544605 -0.3525509 -0.2138386 0.150265 -0.3679975 -0.2066349 0.1513666 -0.3750137 -0.2068585 0.163299 -0.3574166 -0.1938633 0.1556166 -0.3979797 -0.1975185 0.1641442 -0.4004089 -0.1905341 0.1624421 -0.4135918 -0.2124286 0.1723183 -0.3578857 -0.2321439 0.1818249 -0.3656662 -0.23804 0.1907668 -0.355147 -0.2309986 0.1888924 -0.3719125 -0.2036582 0.1776566 -0.4263978 -0.2116591 0.1746991 -0.3926433 -0.2154387 0.1784776 -0.4001274 -0.2067971 0.1834912 -0.427537 -0.2250397 0.1826147 -0.3909131 -0.217738 0.1895071 -0.4021657 -0.2184212 0.1973072 -0.359272 -0.2268196 0.1945719 -0.3678721 -0.2218531 0.1963188 -0.3595098 -0.2112632 0.1765398 -0.3725662 -0.2178393 0.1766165 -0.3582926 -0.2221614 0.1759631 -0.3586812 -0.2012746 0.1928761 -0.4302732 -0.2030571 0.1894783 -0.4318912 -0.1962978 0.1896108 -0.4437175 -0.1980884 0.1759158 -0.4334098 -0.1895859 0.1916916 -0.4383872 -0.1865863 0.1855905 -0.4399451 -0.213212 0.1974474 -0.3880609 -0.2185246 0.1963385 -0.3897398 -0.2004898 0.175509 -0.4127733 -0.2247462 0.1912479 -0.3907538 -0.2019211 0.1959204 -0.4025401 -0.2079753 0.1783295 -0.3851321 -0.1981927 0.188618 -0.4015542 -0.195454 0.180945 -0.4117714 -0.1940608 0.1881448 -0.4141634 -0.1879583 0.1785075 -0.4384768 -0.1946294 0.1787335 -0.4438174 -0.2057163 0.1894428 -0.3843377 -0.2092739 0.1829925 -0.3622803 -0.2141802 0.1979338 -0.3734365 -0.2082225 0.190075 -0.3645852 -0.2116765 0.1958675 -0.3533474 -0.2363489 0.2038977 -0.3579201 -0.2402716 0.2095363 -0.3512414 -0.2342619 0.2093908 -0.3630756 -0.2285875 0.1980803 -0.3642784 -0.234889 0.1971806 -0.349195 -0.2358036 0.2123847 -0.3518252 -0.2203508 0.2187481 -0.3518266 -0.2251695 0.2171818 -0.3606446 -0.2111665 0.2107797 -0.4178736 -0.2046824 0.2048523 -0.4241834 -0.2123658 0.2036322 -0.4082041 -0.211835 0.2171477 -0.4106187 -0.2071055 0.2158661 -0.4224525 -0.2193862 0.2188779 -0.3792824 -0.2253826 0.2162907 -0.381537 -0.2290582 0.2043889 -0.3824989 -0.2215294 0.1973581 -0.3811231 -0.2277365 0.2124373 -0.3828669 -0.2057853 0.2193207 -0.4054651 -0.2163265 0.2151631 -0.3585138 -0.2125372 0.2080281 -0.3516907 -0.2101557 0.207725 -0.3767814 -0.203683 0.2011882 -0.4051483 -0.2001273 0.2041903 -0.4318909 -0.2002133 0.2063989 -0.4039717 -0.2010037 0.2145122 -0.4028981 -0.1936506 0.2173361 -0.4290354 -0.1941233 0.2045977 -0.4265127 -0.196645 0.209827 -0.4368975 -0.1932744 0.2147802 -0.4195365 -0.2021647 0.2113417 -0.4334337 -0.2143219 0.237599 -0.3817272 -0.2258586 0.2348898 -0.3638601 -0.2210448 0.2375583 -0.3615131 -0.2159789 0.2319139 -0.3818746 -0.2272546 0.2305073 -0.3650166 -0.2037944 0.2424767 -0.3901559 -0.2128748 0.2384673 -0.3644984 -0.206714 0.2296496 -0.3920816 -0.2013463 0.2294955 -0.3979579 -0.2112742 0.2246109 -0.3765798 -0.2050489 0.2393909 -0.3766651 -0.2100062 0.229362 -0.3604642 -0.2039545 0.2314636 -0.374109 -0.2014006 0.2396918 -0.3994671 -0.1948589 0.2391313 -0.3946801 -0.1944165 0.2323362 -0.3964349 -0.203121 0.2281691 -0.3782598 -0.2067044 0.2374684 -0.3923031 -0.2345607 0.2269003 -0.3468888 -0.2247294 0.2242723 -0.3651083 -0.2335016 0.2203138 -0.3465557 -0.2172479 0.2216985 -0.3478434 -0.2202504 0.2200329 -0.3583074 -0.2281063 0.2339802 -0.3556511 -0.2112483 0.2245234 -0.3639934 -0.1999003 0.2365873 -0.3800488 -0.21406 0.2304175 -0.3498572 -0.2009869 0.2344025 -0.4013453 -0.1976819 0.1478264 -0.3512867 -0.1912702 0.1492621 -0.3558306 -0.1934463 0.1459195 -0.341547 -0.1879152 0.1639685 -0.3505918 -0.1838598 0.1570865 -0.3539497 -0.1822732 0.1524798 -0.3645936 -0.1880698 0.1512711 -0.3450099 -0.2042323 0.1506824 -0.351105 -0.2005302 0.1494858 -0.3601619 -0.1848073 0.156244 -0.3695269 -0.1835942 0.1503916 -0.3688439 -0.2093195 0.1572503 -0.3512691 -0.2009245 0.1496421 -0.3683183 -0.1942338 0.1523102 -0.3742895 -0.2024651 0.1572971 -0.3671842 -0.1920189 0.1602828 -0.3690196 -0.2091296 0.1502697 -0.3353884 -0.1913686 0.1558881 -0.3293212 -0.1992356 0.1448222 -0.3442093 -0.2074611 0.1615352 -0.3525251 -0.1944625 0.1629722 -0.324144 -0.1984748 0.1662325 -0.3424463 -0.1918675 0.148765 -0.3698527 -0.2060515 0.1639541 -0.346684 -0.2196649 0.174248 -0.3599408 -0.2210922 0.176508 -0.3893973 -0.2015001 0.219813 -0.4255067 -0.2006278 0.217275 -0.4350625 -0.2221149 0.1959572 -0.3653025 -0.2158687 0.1983255 -0.3792415 -0.2145386 0.2174172 -0.3770259 -0.2083559 0.1927478 -0.344303 -0.2067434 0.1904122 -0.3479825 -0.2171987 0.2361513 -0.3482664 -0.2139275 0.2305129 -0.3392496 -0.2142434 0.2196936 -0.3441128 -0.2343038 0.2308154 -0.3405143 -0.2275217 0.2357501 -0.3310279 -0.2322878 0.1705278 -0.3510419 -0.2104712 0.2030646 -0.3381614 -0.2074562 0.1776795 -0.3305009 -0.2108169 0.2207503 -0.3311367 -0.2092043 0.1646091 -0.3365222 -0.2165786 0.1557595 -0.3376455 -0.2164372 0.1994252 -0.3181474 -0.245189 0.1862614 -0.3270912 -0.2434486 0.1999375 -0.3251913 -0.252826 0.2109031 -0.2895513 -0.2506774 0.2232761 -0.2746865 -0.2407209 0.2399772 -0.2848517 -0.240952 0.1860263 -0.3487784 -0.2353609 0.1793242 -0.3491601 -0.2541539 0.1896575 -0.2715817 -0.241626 0.204288 -0.340696 -0.2395604 0.1710004 -0.3288034 -0.2352797 0.1635458 -0.3451393 -0.2096459 0.1660867 -0.3487967 -0.2105336 0.1782923 -0.3532501 -0.2450104 0.2776802 0.08660495 -0.2271063 0.2851768 0.09364199 -0.1985793 0.2166014 0.030568 -0.2082214 0.2596243 0.05533486 -0.250788 0.2049125 0.112239 -0.2617545 0.193865 0.05066895 -0.254206 0.1846491 0.03998792 -0.2385439 0.1825436 0.05013185 -0.274298 0.2241961 0.04441183 -0.2259297 0.1853785 0.04921489 -0.2577143 0.2582913 0.1126109 -0.2701433 0.2406983 0.05133193 -0.1974328 0.2460029 0.05674594 -0.2658585 0.2507523 0.03690493 -0.2725862 0.2067411 0.03623092 -0.2563995 0.262526 0.05003088 -0.2054756 0.2048885 0.03027987 -0.2377423 0.2696235 0.05260294 -0.2480779 0.2687914 0.05345183 -0.2480638 0.1836872 0.001930952 -0.2355098 0.1840814 0.00939691 -0.2007884 0.2466711 0.03848093 -0.1955899 0.2300028 0.03895199 -0.2662754 0.1931185 0.01500988 -0.2124969 0.2588787 0.01270192 -0.2545165 0.2637273 -0.02135103 -0.229995 0.2665807 0.001950979 -0.2451415 0.2669853 -0.008229017 -0.2247251 0.2679158 0.05304294 -0.2772896 0.2322477 -0.02479505 -0.1970244 0.2397047 -0.03099012 -0.2701005 0.2504101 -0.02038002 -0.2701975 0.2027373 -0.08321106 -0.277125 0.2158214 -0.02446401 -0.2072936 0.1987929 -0.04384201 -0.1985219 0.2099661 -0.04682803 -0.24185 0.2611871 -0.06878101 -0.194724 0.221603 -0.04372006 -0.2118518 0.2559778 -0.04525804 -0.269303 0.2473419 -0.05881202 -0.2523293 0.2545186 -0.101638 -0.2697387 0.2136831 -0.1449649 -0.2520508 0.1896389 -0.201159 -0.2452369 0.184862 -0.180657 -0.2084996 0.2437375 -0.089383 -0.2143442 0.229681 -0.168645 -0.2456337 0.1861321 -0.07756507 -0.238393 0.1845152 -0.15077 -0.2149429 0.2127358 -0.205917 -0.2213138 0.1892657 -0.2068234 -0.2246736 0.2322824 -0.2085106 -0.261155 0.2268308 -0.200195 -0.2166925 0.2000825 -0.207464 -0.2469351 0.233139 -0.219632 -0.2560048 0.2104336 -0.2395411 -0.2184405 0.2199616 -0.2394081 -0.2488881 0.1845964 -0.2315832 -0.2557412 0.2000688 -0.2291523 -0.2261841 0.1833921 -0.2176354 -0.2311373 0.1791401 -0.23072 -0.2197045 0.1891103 -0.2306692 -0.216099 0.2016078 -0.237308 -0.2393479 0.2182249 -0.3299902 -0.2340909 0.2327899 -0.3254547 -0.2382106 0.2249114 -0.3293858 -0.2326511 0.1627843 -0.2529338 -0.239598 0.1781664 -0.2310688 -0.2062023 0.147185 -0.3199154 -0.1957296 0.1544051 -0.3131607 -0.2116706 0.1670604 -0.3247281 -0.2186869 0.1620223 -0.3172678 -0.2020103 0.1694794 -0.311623 -0.2177644 0.1519933 -0.3102247 -0.1997079 0.1499011 -0.3106923 -0.1946802 0.1609222 -0.311284 -0.2135024 0.167825 -0.3161401 -0.2008039 0.1527339 -0.2788726 -0.2106869 0.1827774 -0.3065721 -0.2096028 0.1944566 -0.2857531 -0.1967018 0.1765567 -0.2871387 -0.2174332 0.1993663 -0.3027347 -0.214919 0.2382515 -0.2964957 -0.2101197 0.2237078 -0.2765436 -0.2127214 0.2257944 -0.3013384 -0.2094302 0.1671129 -0.3222891 -0.2139623 0.2025636 -0.353731 -0.2494072 0.1777608 -0.2616547 -0.2356048 0.1561934 -0.2760981 -0.2178688 0.2351931 -0.3358492 -0.2217603 0.2406786 -0.3111335 -0.2038419 0.1741521 -0.3054547 -0.216484 0.1633859 -0.3203743 -0.2269086 0.1627868 -0.3182306 -0.2029275 0.1661888 -0.2624458 -0.2145938 0.1487928 -0.2724183 -0.2256051 0.1894047 -0.111213 -0.02581566 0.2398692 0.5147389 -0.02551001 0.2273374 0.532704 -0.02503961 0.2073971 0.543729 -0.009991049 0.1382161 0.5033699 -0.1992366 0.1966376 0.1129209 -0.1878716 0.202132 0.1824839 -0.1988475 0.1955584 0.1817288 -0.05000418 0.2201467 0.3802439 -0.02572 0.1891642 0.461654 -0.02901768 0.1609284 0.478297 -0.01110696 0.1400136 0.5298079 -0.006048381 0.1364107 0.5458649 -0.0243206 0.1358051 0.613388 -0.1972101 0.294443 0.193017 -0.2237412 0.2604518 -0.05929797 -0.2344501 0.2335615 -0.2215986 -0.2100642 0.1459512 -0.2946569 -0.2319723 0.1593009 -0.3217751 -0.2436743 0.2337645 -0.2443588 -0.2316343 0.2341657 -0.2430376 -0.2207233 0.2416581 -0.2826024 -0.2126892 0.2278271 -0.2637298 -0.2099516 0.2013618 -0.2592661 -0.2136999 0.1914288 -0.244473 -0.2185869 0.1798019 -0.2417422 -0.2271162 0.1710048 -0.2437862 -0.1994428 0.1780193 -0.2661077 -0.2106525 0.2059023 -0.2678686 -0.2233802 0.2290502 -0.2438214 -0.2233948 0.1891638 0.01977396 -0.2260754 0.151957 -0.2960454 -0.252726 0.2222828 -0.2436 -0.1573283 0.2623738 -1.129465 -0.1578953 0.2218005 -1.154828 -0.1520028 0.2296761 -1.118739 -0.1542699 0.2403894 -1.084482 -0.1600013 0.2580922 -1.019285 -0.1578816 0.2411155 -1.019502 -0.1084774 0.3013584 -1.02006 -0.1211938 0.3037061 -1.082451 -0.1234177 0.3091582 -1.021929 -0.1467401 0.2289991 -1.071183 -0.1181173 0.2184752 -1.054033 -0.122457 0.2208722 -1.014273 -0.132516 0.2205992 -1.015939 -0.1049802 0.2321528 -1.065963 -0.09807753 0.2498352 -1.017176 -0.1049007 0.2311559 -1.015256 -0.1499252 0.2296659 -1.018482 -0.136085 0.2202191 -1.055676 -0.1460146 0.2970259 -1.023244 -0.126752 0.2120293 -1.081622 -0.1120458 0.2134109 -1.085864 -0.1070538 0.1618218 -1.134453 -0.1036527 0.1991256 -1.11442 -0.1147086 0.1905755 -1.115285 -0.09565472 0.06459349 -1.177361 -0.08977848 0.08223098 -1.170617 -0.09281772 0.08247679 -1.175439 -0.07579219 0.07873195 -1.195351 -0.07086402 0.08014547 -1.186803 -0.06690049 0.06560307 -1.188085 -0.07212406 0.07091677 -1.17602 -0.07737767 0.07298797 -1.170799 -0.07711094 0.057114 -1.177177 -0.08508956 0.0612623 -1.174382 -0.08392119 0.07931095 -1.168071 -0.1008241 0.04588061 -1.193638 -0.1011762 0.0578646 -1.197685 -0.09909266 0.05250728 -1.186468 -0.08602339 0.261758 -1.186477 -0.08698564 0.2523323 -1.162016 -0.08675396 0.2090322 -1.173754 -0.1007128 0.07596075 -1.190857 -0.009512007 0.1400356 0.5585829 -0.007704198 0.1342357 0.616743 -0.01736837 0.1476143 0.6511099 0.01445573 0.1243674 0.5295949 0.01574116 0.1112619 0.5387119 0.009697437 0.1154845 0.5372399 0.003012537 0.1237066 0.5556359 -0.07513487 0.2221488 0.536292 0.009472548 0.124715 0.522089 -0.01710665 0.1371517 0.5114299 -0.02643316 0.1445597 0.5027709 -0.01562941 0.1366317 0.524671 -0.05772614 0.1644527 0.544161 6.82249e-4 0.1368791 0.4670919 0.008581519 0.1353916 0.463725 -0.07282698 0.2023227 0.580851 0.01927673 0.1304572 0.473625 0.01352488 0.1291736 0.478014 -0.02939414 0.1428493 0.550655 -0.05290579 0.1612939 0.5372299 -0.04662287 0.179551 0.4913349 0.003540933 0.1625636 0.6728989 0.009486496 0.1463429 0.649542 -0.06850725 0.2883026 0.536171 -0.05836904 0.3164433 0.550033 -0.07016831 0.253946 0.5268499 -0.03482174 0.1450605 0.541919 -0.04615473 0.1616896 0.5162299 -0.01811265 0.1446302 0.566222 -0.03218758 0.1511994 0.5660349 -0.02523344 0.1597316 0.561973 -0.01096844 0.1446816 0.5738959 -0.008113503 0.1474079 0.577726 -0.008199036 0.1512542 0.5764209 -0.05342733 0.1570303 0.5521729 -0.01447379 0.2399252 0.521017 0.003826797 0.131929 0.507828 -0.03521537 0.3473411 0.5971799 -0.01505702 0.3529612 0.621975 -0.08320903 0.2271583 0.593344 -0.06915771 0.2410819 0.523518 -0.08369117 0.2300835 0.575658 -0.09483242 0.2553749 0.5620259 -0.0951963 0.24627 0.577613 -0.09199196 0.2496345 0.5702659 -0.07876604 0.2289893 0.538785 -0.08054935 0.2253103 0.5668969 -0.07900977 0.2274054 0.552558 -0.088135 0.2480801 0.5385909 -0.09417194 0.2491393 0.542419 -0.0827732 0.2302978 0.523855 -0.09722113 0.2405843 0.5775859 -0.09378719 0.2382014 0.5806599 -0.1004673 0.2496176 0.5679669 -0.09709388 0.2534114 0.5542129 -0.09407877 0.2491053 0.563661 -0.09178829 0.2420472 0.5717529 -0.09111005 0.2414283 0.5336189 -0.0841847 0.2354432 0.523554 -0.08468425 0.2292674 0.563815 -0.07783359 0.2317402 0.5518819 -0.0835613 0.2321038 0.5336349 -0.08901649 0.2419268 0.540293 -0.0952652 0.2450973 0.5490149 -0.07507503 0.2376581 0.5488709 -0.07395535 0.2321618 0.5405539 -0.09440034 0.2435106 0.559114 -0.09032297 0.2431992 0.5542339 -0.08709782 0.2387256 0.5586699 -0.07585328 0.241434 0.5438789 -0.0854237 0.2314537 0.5392269 -0.08105993 0.2436943 0.5451499 -0.09115821 0.2419627 0.5447699 -0.08816081 0.2378463 0.5705229 -0.08819049 0.2295715 0.5703729 -0.03761702 0.3392685 0.5614929 -0.01342707 0.3504937 0.5626119 -0.08108222 0.2315673 0.547782 -0.08021342 0.2323168 0.554657 -0.08235299 0.235307 0.558438 -0.07817625 0.2392899 0.5554119 -0.08306461 0.2352169 0.5678519 -0.08049565 0.2435835 0.554806 -0.07530182 0.2347186 0.5248959 -0.08916878 0.2517569 0.5538479 -0.08402705 0.2432821 0.535741 -0.08896762 0.2427726 0.577258 -0.08558082 0.2520937 0.5702959 -0.07797878 0.2430458 0.533638 -0.07350677 0.2238962 0.526567 -0.08320927 0.253965 0.5517939 -0.05451887 0.3360333 0.594307 -0.09520024 0.09573775 -1.168578 -0.1171472 0.3127496 -1.182237 -0.118691 0.3153082 -1.161339 -0.1001611 0.3084771 -1.164867 -0.1216335 0.303583 -1.196197 -0.1013985 0.3059397 -1.18762 -0.08606874 0.2312458 -1.141134 -0.09424883 0.2094441 -1.122705 -0.08722287 0.1910489 -1.139631 -0.1203753 0.3081455 -1.125264 -0.1119431 0.09093677 -1.1944 -0.1083431 0.09815478 -1.197519 -0.105315 0.08943349 -1.197866 -0.09943056 0.0923838 -1.173049 -0.106329 0.09141749 -1.169866 -0.1240215 0.0510149 -1.194845 -0.1157914 0.05749708 -1.193221 -0.1213063 0.0508148 -1.185165 -0.118894 0.07648307 -1.180019 -0.1238831 0.07619315 -1.174849 -0.1215875 0.0588898 -1.183293 -0.1183558 0.09207439 -1.178037 -0.1162828 0.09893006 -1.169909 -0.1242966 0.09294658 -1.17359 -0.1478571 0.07902008 -1.196311 -0.1440479 0.09356665 -1.198887 -0.1440144 0.06892156 -1.199382 -0.132323 0.09511047 -1.190732 -0.1353874 0.09122085 -1.196501 -0.1360977 0.1015921 -1.200196 -0.1486893 0.1061423 -1.190021 -0.1501985 0.1016394 -1.192097 -0.1548022 0.104026 -1.198726 -0.1519564 0.112603 -1.177505 -0.151363 0.1053383 -1.18467 -0.09194105 0.2560856 -1.117628 -0.109485 0.05684971 -1.198396 -0.109255 0.04443687 -1.195943 -0.1029335 0.07006639 -1.17264 -0.1063498 0.07237535 -1.170396 -0.102047 0.05529606 -1.178739 -0.101647 0.04706728 -1.183893 -0.1051791 0.05026698 -1.181109 -0.111971 0.04200327 -1.185213 -0.09406721 0.09275019 -1.195707 -0.08489453 0.08877897 -1.194548 -0.1127125 0.08975398 -1.172604 -0.1138995 0.08863836 -1.187491 -0.1164283 0.08817315 -1.186223 -0.117115 0.09141677 -1.194324 -0.1265279 0.0997824 -1.198705 -0.1200875 0.09373289 -1.198409 -0.1465045 0.1108212 -1.175478 -0.1532205 0.2780669 -1.084338 -0.1318088 0.1952399 -1.119835 -0.1170595 0.1523849 -1.141784 -0.1233955 0.2025726 -1.102202 -0.145327 0.2178164 -1.111734 -0.09505689 0.1719856 -1.13481 -0.1537652 0.2760269 -1.121404 -0.1464189 0.2795226 -1.144142 -0.1549848 0.2595859 -1.146711 -0.1629208 0.1934348 -1.180687 -0.1690089 0.143404 -1.197005 -0.1675291 0.1263669 -1.187978 -0.1580774 0.2078298 -1.166187 -0.1621947 0.1370308 -1.179929 -0.0856989 0.1604183 -1.185796 -0.09019595 0.1838293 -1.180904 -0.08118778 0.1768622 -1.168408 -0.1056479 0.1828167 -1.189585 -0.107097 0.1563462 -1.193668 -0.1329656 0.1370216 -1.203541 -0.1385979 0.1883414 -1.201469 -0.155234 0.191523 -1.161339 -0.1639642 0.1435959 -1.203627 -0.156543 0.2191495 -1.18961 -0.1495379 0.2236891 -1.196483 -0.1345866 0.1337729 -1.163807 -0.120456 0.1187247 -1.163763 -0.08959811 0.1182406 -1.15484 -0.09525042 0.1423054 -1.144362 -0.1508592 0.2625555 -1.169592 -0.1410108 0.2936987 -1.16445 -0.1314558 0.3067762 -1.145817 -0.1291608 0.3091802 -1.180645 -0.08177971 0.1244426 -1.1561 -0.1022014 0.2884714 -1.20078 -0.09086441 0.2853001 -1.192394 -0.07108193 0.1387168 -1.163941 -0.07799559 0.1597357 -1.156836 -0.1388022 0.2844215 -1.199033 -0.14236 0.2908864 -1.188492 -0.09784483 0.2361618 -1.09521 -0.09560966 0.2816452 -1.14333 -0.09062045 0.2915752 -1.174068 -0.097579 0.2771852 -1.112589 -0.1056172 0.3015023 -1.139932 -0.1111863 0.2932189 -1.098175 -0.1027427 0.2814784 -1.088241 -0.09919536 0.2606261 -1.066427 -0.09726589 0.2815245 -1.019973 -0.09599238 0.2643634 -1.019733 -0.1109738 0.2252026 -1.015146 -0.140879 0.2234434 -1.016267 -0.1023814 0.04103934 -1.186624 -0.1452336 0.2626249 -1.198967 -0.1508122 0.2627233 -1.190065 -0.1442055 0.187906 -1.140838 -0.1364215 0.07145935 -1.18556 -0.1409419 0.07162046 -1.184227 -0.1435344 0.06524866 -1.187711 -0.07218587 0.1237239 -1.197213 -0.06730222 0.1325497 -1.188186 -0.1438273 0.1547354 -1.160479 -0.1469959 0.1043075 -1.181309 -0.09067052 0.1275781 -1.201104 -0.1331806 0.07255959 -1.18883 -0.1341179 0.09321647 -1.190695 -0.1372599 0.08823126 -1.178961 -0.1472523 0.08712917 -1.18068 -0.1492574 0.09043937 -1.192509 -0.1357483 0.07695239 -1.200681 -0.110345 0.212653 -1.194142 -0.1230562 0.2913627 -1.201537 -0.1334705 0.2271168 -1.200758 -0.1038419 0.2631621 -1.202331 -0.1342697 0.2706997 -1.203297 -0.09095835 0.2244094 -1.184793 -0.09422266 0.2640073 -1.19913 -0.1514806 0.1344262 -1.206611 -0.09351474 0.08872789 -1.184655 -0.09688192 0.07031905 -1.18918 -0.08506381 0.07410556 -1.197761 -0.09576082 0.0520271 -1.190021 -0.09396827 0.05782425 -1.178886 -0.0932697 0.0451799 -1.181458 -0.08937829 0.05014514 -1.197833 -0.07215332 0.1004589 -1.193435 -0.0655052 0.1144227 -1.188258 -0.06526994 0.1043634 -1.174289 -0.07420301 0.05162262 -1.195556 -0.07617259 0.07048666 -1.199285 -0.09876203 0.07660275 -1.183328 -0.1150808 0.05605202 -1.183954 -0.1125319 0.05023151 -1.182263 -0.1138188 0.071231 -1.173596 -0.1100296 0.04020541 -1.188117 -0.1153712 0.05120176 -1.193845 -0.1163545 0.07140958 -1.186204 -0.1041209 0.07712727 -1.194636 -0.1102131 0.07725 -1.194647 -0.06709909 0.1354668 -1.177677 -0.1321951 0.07624155 -1.179682 -0.1284592 0.05802518 -1.183805 -0.1178566 0.076958 -1.191672 -0.1180675 0.06023901 -1.185055 -0.1204377 0.06421858 -1.200369 -0.1219711 0.08002549 -1.196264 -0.07333707 0.102251 -1.163026 -0.1320326 0.05946832 -1.194394 -0.1331164 0.06737309 -1.188758 -0.1297994 0.08172118 -1.19554 -0.1400285 0.08873808 -1.200032 -0.1426501 0.08789449 -1.177616 -0.1454049 0.07076239 -1.186359 -0.1480106 0.07064336 -1.19044 -0.1364029 0.1004 -1.178153 -0.1409034 0.1020893 -1.176031 -0.1301478 0.09792327 -1.177057 -0.1277958 0.0641582 -1.200706 -0.128 0.05021429 -1.186205 -0.07145774 0.1225435 -1.16612 -0.1028283 0.1175354 -1.201271 -0.1533994 0.08317077 -1.198956 -0.1522195 0.09663599 -1.201147 -0.1482338 0.08755707 -1.194298 -0.1609569 0.0872851 -1.189432 -0.1614575 0.09467417 -1.183185 -0.163317 0.09142327 -1.195612 -0.07854616 0.04149717 -1.181998 -0.08470231 0.04194146 -1.189208 -0.1499999 0.08733719 -1.189138 -0.1583951 0.08880305 -1.186363 -0.1530026 0.09182918 -1.184122 -0.09119355 0.04125761 -1.183804 -0.1523274 0.07971268 -1.190977 -0.1559767 0.0938999 -1.202082 -0.1565394 0.1049278 -1.178892 -0.1620244 0.08837968 -1.198462 -0.1648234 0.09923338 -1.193495 -0.1625196 0.1090069 -1.183176 -0.1646246 0.1116248 -1.192801 -0.1612553 0.1132706 -1.198258 -0.1610577 0.1184838 -1.177073 -0.1527457 0.1375702 -1.173075 -0.1465796 0.1092133 -1.199184 -0.1361458 0.124205 -1.204009 -0.1365028 0.0677579 -1.196902 -0.1365783 0.06563746 -1.187431 -0.1587769 0.07948929 -1.192194 0.04357773 0.1488139 0.590043 0.04403769 0.1486782 0.5862889 0.05238914 0.151741 0.585403 0.03471744 0.1491488 0.5835149 0.03970324 0.1515326 0.567704 0.04453235 0.148927 0.576667 0.02739942 0.149574 0.576011 0.02608954 0.1451887 0.587637 0.02805626 0.150169 0.5796989 0.01731812 0.1391029 0.583632 0.05168324 0.1571323 0.570035 0.06444603 0.1668597 0.573898 0.05936688 0.1632777 0.5751879 0.06610155 0.166892 0.5828999 0.0577889 0.1568208 0.586265 0.05734241 0.160831 0.5799489 0.05316448 0.1531898 0.589289 0.06001079 0.1532695 0.5935979 0.07196003 0.1729789 0.594389 0.07131588 0.1750606 0.571018 0.06184756 0.1537955 0.6008099 0.04854512 0.1426829 0.5995079 0.04540109 0.1441195 0.615186 0.03190994 0.1369894 0.603431 0.06980639 0.1723707 0.609478 0.07645171 0.1905497 0.5930159 0.06061202 0.1710216 0.6366559 0.04427468 0.2818792 0.680746 0.03208994 0.2485865 0.691641 0.04952895 0.2375234 0.6821929 0.02140104 0.1122652 0.544243 0.03129237 0.1295121 0.542354 0.03064066 0.1408589 0.547115 0.02218413 0.1263552 0.5613049 0.02719134 0.1312898 0.5374509 0.02688091 0.1358031 0.5331719 0.02278888 0.1289133 0.5403949 0.01947575 0.1249562 0.532941 0.0207265 0.1168559 0.5374839 0.02402532 0.122704 0.538487 0.02698248 0.1182036 0.5442159 0.037759 0.1434993 0.506184 0.04239434 0.1435759 0.513199 0.02988266 0.1292471 0.5130999 0.02612185 0.1343194 0.507857 0.03213471 0.1412399 0.507136 0.02227526 0.1234891 0.5172089 0.0360226 0.1442673 0.5051509 0.02920758 0.1329929 0.5044739 0.03661203 0.1425997 0.5030539 0.01827043 0.1262959 0.4985859 0.02973711 0.1349401 0.4971999 0.03120523 0.1469716 0.503868 0.02381259 0.1343273 0.508174 0.03568375 0.1481004 0.5051229 0.0220927 0.1367828 0.512465 0.035604 0.1470282 0.513147 0.03935217 0.1518655 0.506002 0.01380014 0.226104 0.4605099 0.01218956 0.2391206 0.478719 0.02532565 0.1387712 0.5315119 0.02816766 0.1405845 0.512532 0.03654897 0.1472338 0.531233 0.0202493 0.1630856 0.480819 0.04555481 0.1662533 0.509614 0.02867317 0.1474694 0.490713 0.01872742 0.1480545 0.542337 0.03518056 0.1527632 0.490232 0.02943497 0.1728225 0.4862299 0.0312711 0.2272818 0.4765749 0.04718029 0.1932305 0.5159019 0.04503208 0.1687943 0.526395 0.01867556 0.1646676 0.5526329 0.01848822 0.1879039 0.557207 0.04526269 0.2197736 0.5272189 0.04236602 0.2188042 0.510873 0.01469272 0.2115802 0.551168 0.007375121 0.2320046 0.5365089 0.02554905 0.2412654 0.490062 0.038742 0.2137119 0.493101 0.01761996 0.2438387 0.5035099 0.02713644 0.2414157 0.5022719 0.004525721 0.2410876 0.5022409 0.006690502 0.2423888 0.521658 0.01692402 0.2328789 0.534392 0.02653664 0.1375936 0.4858079 0.03822118 0.1465288 0.489813 0.06011813 0.2645319 0.445866 0.058214 0.2625477 0.4761269 0.05379492 0.2398715 0.4576279 0.06244677 0.2503137 0.4247439 0.0727846 0.2810422 0.428165 0.02809929 0.1502724 0.459412 0.03335696 0.2141991 0.3950629 0.02667623 0.2027243 0.438761 0.05863559 0.2356292 0.404002 0.07062733 0.2551789 0.4121759 0.04350805 0.2213816 0.4503319 0.06139183 0.2825623 0.4434869 0.05474823 0.2815477 0.4605329 0.05749738 0.2989458 0.437845 0.049079 0.283892 0.4826299 0.0409947 0.306062 0.450243 0.0622915 0.3135839 0.422056 0.03795969 0.3174785 0.4286 0.02468425 0.3063553 0.489628 0.03385579 0.3325906 0.6478219 0.01803547 0.3364236 0.655281 0.02209806 0.3159358 0.674992 0.04978394 0.3253608 0.626815 0.0414918 0.3127545 0.667328 0.07755887 0.1944252 0.5723579 0.07955038 0.2369308 0.5586009 0.07850581 0.220369 0.5847479 0.06272757 0.266577 0.664315 0.06618386 0.2979137 0.555761 0.05720627 0.3038885 0.5385829 0.03954184 0.327022 0.551023 0.06691968 0.275074 0.5217179 0.06416147 0.2628409 0.506845 0.04709643 0.2931094 0.507618 0.03154093 0.3140898 0.5216899 0.03525561 0.2981058 0.488776 0.062249 0.1608763 0.563937 0.04238605 0.2191817 0.4271159 0.05128586 0.1900919 0.472559 0.06370145 0.2125459 0.488783 0.06477582 0.1992288 0.4956139 0.05825698 0.2333105 0.485042 0.0715717 0.2285161 0.5232389 0.07511466 0.2869301 0.5977169 0.08085948 0.2642425 0.601571 0.080684 0.2560054 0.5843849 0.07141816 0.2931568 0.626266 0.06111055 0.3009909 0.651089 0.05052739 0.3286296 0.5949689 0.0286296 0.3459488 0.5964489 0.02809572 0.3434816 0.627173 0.007642745 0.3519657 0.5852089 0.008108675 0.3486651 0.632052 0.06200432 0.1922163 0.6541079 0.05013746 0.1888397 0.6724479 0.06976217 0.1992837 0.633297 0.01884549 0.2815195 0.69107 0.02466577 0.3443772 0.5744209 0.01418399 0.3408068 0.5539069 0.04707115 0.2185878 0.4657589 0.06648218 0.2672502 0.5261399 0.06885397 0.2460036 0.525422 0.06999135 0.2842029 0.5507499 0.07374006 0.2783592 0.557869 0.06105011 0.2200754 0.6674559 0.006774187 0.3157107 0.5025749 0.01466274 0.3116363 0.478902 0.02860432 0.2072334 0.6904219 0.02479475 0.1380023 0.619198 0.03132319 0.1991847 0.451366 0.03438639 0.1923347 0.4575099 0.04553925 0.1531631 0.5767729 0.05141645 0.1514401 0.576296 0.03187876 0.1544685 0.5787389 0.03234094 0.1523 0.578089 0.04938966 0.155023 0.585771 0.05678451 0.164171 0.580274 0.05743366 0.1578252 0.5821979 0.03807079 0.1522261 0.570297 0.05075222 0.1549443 0.5908299 0.03069478 0.1527428 0.585666 0.03107917 0.1578714 0.5929179 0.04781842 0.1598917 0.5961449 0.05761426 0.1670074 0.588154 0.02799904 0.1555711 0.577353 0.02403849 0.1652487 0.5855119 0.05877614 0.1711103 0.5793749 0.05490338 0.1590956 0.572547 0.05922484 0.1645795 0.5796609 0.05411463 0.1744335 0.591151 0.03536885 0.1695865 0.5973469 0.028364 0.1703492 0.592402 0.02719271 0.172348 0.571808 0.028216 0.1604156 0.5708059 0.03195708 0.1654534 0.566394 0.04520404 0.1722831 0.5970459 0.05360192 0.1723171 0.5699179 0.02350896 0.1676853 0.5788199 0.03932482 0.1785828 0.56825 0.0527327 0.1808457 0.5817679 0.02712208 0.1778877 0.582394 0.04353493 0.1845749 0.582382 0.03911095 0.1808612 0.5916489 0.03424847 0.1827028 0.5771439 0.07313054 0.2104012 0.531394 0.07558888 0.2400304 0.531124 0.03292423 0.2156473 0.3741549 0.06205803 0.2334704 0.383099 0.05619359 0.344773 0.3866609 0.08680707 0.2932587 0.41676 0.07560753 0.310927 0.417135 0.08816921 0.2834365 0.413458 0.06756031 0.3339499 0.4024049 0.0810101 0.3290305 0.405808 0.008071959 0.2136873 0.3688339 0.01683884 0.2150951 0.3700409 0.2480121 0.2966025 0.1269509 0.2412615 0.3133395 0.1916669 0.2484101 0.2893767 0.188663 0.2274869 0.2419474 0.1933768 0.2148094 0.2361451 0.1949189 0.2224869 0.2281945 0.1302949 0.2287596 0.3173793 0.1048649 0.2243189 0.3275093 0.1938279 0.2108265 0.327614 0.1375129 0.2014634 0.333988 0.197793 0.1902166 0.2446673 0.1988159 0.1769911 0.261331 0.2004559 0.1869611 0.2525705 0.1371518 0.1635975 0.2929182 0.1998698 0.1746154 0.2724658 0.1505769 0.2397055 0.254862 0.1900719 0.251993 0.2620477 0.1355929 0.2476812 0.2715829 0.1881009 0.2017036 0.3215134 0.09775996 0.1868358 0.3323948 0.1994339 0.2372688 0.2318874 0.1105399 0.2581948 0.2685559 0.09042096 0.1622713 0.3106234 0.1994889 0.1778454 0.3090525 0.1061419 0.1729974 0.2872406 0.1003279 0.2175556 0.1725549 -0.4054332 0.231006 0.1755424 -0.3701161 0.215018 0.1701726 -0.3932672 0.213962 0.1878691 -0.4052839 0.2281773 0.1961114 -0.3706457 0.2335309 0.1906677 -0.3734521 0.223896 0.1789969 -0.3981156 0.2358522 0.1830238 -0.3705294 0.2224099 0.1962748 -0.3681353 0.2268295 0.1996018 -0.3502882 0.2311742 0.1985715 -0.3554098 0.2131091 0.1923863 -0.3829309 0.2057662 0.1693487 -0.4186599 0.2100534 0.1708711 -0.3928931 0.2007246 0.1717766 -0.4118351 0.2161681 0.1827198 -0.4102181 0.2055757 0.1839846 -0.4185988 0.2078543 0.1754277 -0.4224861 0.1993546 0.1763427 -0.4155396 0.2037304 0.1854842 -0.4064493 0.2064116 0.1789483 -0.3905904 0.2138099 0.1706886 -0.4066157 0.2386782 0.1882673 -0.3494498 0.2361739 0.1932631 -0.3533257 0.2289575 0.1795794 -0.3374078 0.2225802 0.1792469 -0.3439698 0.2205833 0.1733891 -0.3694489 0.2172189 0.1920737 -0.3692144 0.2098289 0.1825088 -0.3746644 0.2143861 0.1832376 -0.3666504 0.2362288 0.1826021 -0.3492984 0.2177925 0.1756556 -0.3667525 0.2177207 0.1921343 -0.342523 0.2096331 0.1877018 -0.3928214 0.2206947 0.1968193 -0.3493494 0.2146813 0.1807291 -0.4101301 0.2091118 0.181619 -0.4217842 0.2197437 0.1869701 -0.3998399 0.237721 0.2149187 -0.3604418 0.2436991 0.2161528 -0.345552 0.2390779 0.206264 -0.3556938 0.2172083 0.2052703 -0.4190976 0.21924 0.2101615 -0.4128459 0.2263157 0.2123947 -0.3932933 0.2162634 0.200977 -0.3765903 0.2051511 0.2023504 -0.4039382 0.2105432 0.1972047 -0.4045379 0.2092474 0.2162564 -0.4073768 0.2102001 0.2178516 -0.3946909 0.2113147 0.214259 -0.4223431 0.2262573 0.1981644 -0.3626649 0.2189218 0.1996083 -0.3638301 0.2143539 0.1992821 -0.418007 0.2093034 0.1970844 -0.4252799 0.233352 0.2061574 -0.3815016 0.2245488 0.2012882 -0.3911445 0.2073109 0.2104552 -0.4359697 0.2066523 0.2047861 -0.4376602 0.1976501 0.2059376 -0.4326583 0.2001963 0.2122336 -0.4310693 0.2034807 0.2094089 -0.4065613 0.2205491 0.2203159 -0.3796139 0.2206629 0.2211585 -0.3648976 0.2299169 0.2200232 -0.3507167 0.2205736 0.1974323 -0.3838043 0.2259944 0.2194907 -0.3809949 0.229686 0.1998566 -0.380075 0.232549 0.2147594 -0.3815479 0.2068521 0.2103613 -0.3937551 0.2062857 0.1994982 -0.4359241 0.1993452 0.1989766 -0.4309604 0.2133211 0.2119489 -0.3761665 0.2160314 0.2062873 -0.3537209 0.2248243 0.2219223 -0.3510482 0.2146187 0.2130409 -0.3564714 0.2133809 0.2109432 -0.4237841 0.2420593 0.2372076 -0.3449633 0.2450237 0.2364045 -0.3418961 0.241695 0.230551 -0.3488839 0.2303551 0.243375 -0.3515536 0.2256472 0.2443332 -0.3442991 0.2199857 0.2367849 -0.4101801 0.2199007 0.2431244 -0.4028697 0.2342715 0.2389739 -0.3742079 0.2229791 0.2242824 -0.3699377 0.2122015 0.2267559 -0.3979834 0.2287006 0.2236085 -0.3729196 0.2209295 0.229632 -0.4004836 0.2141942 0.2306017 -0.4169036 0.2314357 0.2426903 -0.3730564 0.2345602 0.2242972 -0.3555679 0.2359502 0.2309995 -0.3737995 0.2134482 0.2449696 -0.3980903 0.2254164 0.2449841 -0.3711208 0.2213228 0.2409387 -0.3505297 0.220515 0.2432785 -0.3691745 0.2165953 0.2333956 -0.3692426 0.2087536 0.2399204 -0.3958443 0.2084206 0.2317868 -0.397 0.2067257 0.2352809 -0.4300686 0.2038228 0.2298621 -0.4198822 0.2028964 0.2425815 -0.4223741 0.2020593 0.2399418 -0.4129282 0.2102262 0.2428963 -0.4279584 0.2119427 0.2370311 -0.4262635 0.2101593 0.2297797 -0.4248806 0.2389608 0.2530453 -0.3380295 0.2329835 0.2599102 -0.3472868 0.2381269 0.2569167 -0.3317313 0.2210714 0.2631347 -0.3743098 0.2110422 0.267669 -0.3835024 0.2262507 0.2632648 -0.3536611 0.2229329 0.2575114 -0.3743364 0.2313222 0.2607713 -0.3556274 0.2183058 0.2638952 -0.3572369 0.2181046 0.2500308 -0.3694124 0.2096439 0.2546359 -0.3914746 0.2145463 0.2549582 -0.3852115 0.2094535 0.2648329 -0.3929688 0.209368 0.259539 -0.3948764 0.2025238 0.2572278 -0.3904749 0.2103515 0.2532036 -0.3711512 0.2142794 0.2627725 -0.3854277 0.2306568 0.2501283 -0.3569741 0.2329542 0.256444 -0.3566786 0.215547 0.2514451 -0.3567522 0.2240323 0.2465164 -0.3547598 0.2066094 0.2616139 -0.3737198 0.2191265 0.2557596 -0.3383616 0.2157651 0.2574269 -0.3526653 0.2214851 0.2616782 -0.3407089 0.2109746 0.2656437 -0.3732658 0.2107763 0.2608433 -0.3672425 0.2025946 0.2640285 -0.3886874 0.1941583 0.1771458 -0.3097606 0.1854542 0.1738075 -0.334914 0.1918939 0.1692356 -0.3132979 0.2073299 0.1700134 -0.3373315 0.203548 0.1630698 -0.3355072 0.1993349 0.1601482 -0.3439261 0.1944766 0.1581236 -0.3243889 0.1906186 0.1591719 -0.3386697 0.197533 0.1592994 -0.3346703 0.1805285 0.1598523 -0.3467829 0.1822589 0.1660247 -0.336988 0.1880588 0.1621296 -0.3278971 0.1994303 0.1671445 -0.3519957 0.1990171 0.1592651 -0.3520395 0.1818 0.1574265 -0.3508654 0.1820214 0.1632477 -0.3523657 0.2001233 0.1575273 -0.3274819 0.2095711 0.1653287 -0.3206709 0.1961759 0.1786324 -0.328179 0.1885296 0.1683169 -0.353091 0.1915158 0.1601142 -0.3575671 0.1901121 0.1568914 -0.352518 0.2022575 0.1777906 -0.3309543 0.2054554 0.1743839 -0.3361819 0.2334244 0.2022678 -0.3458402 0.2159756 0.2417052 -0.4149785 0.2184305 0.1875373 -0.3393138 0.2129476 0.1897 -0.3974274 0.2192651 0.2273501 -0.3458961 0.210386 0.2454032 -0.4183567 0.2123941 0.2139213 -0.3398628 0.2138042 0.2177696 -0.3352766 0.2304665 0.2615863 -0.3229426 0.24046 0.1962206 -0.3405749 0.2137849 0.1928783 -0.3145703 0.2198699 0.1835781 -0.3282715 0.2199781 0.2229691 -0.3093463 0.2141284 0.2258675 -0.333783 0.2366717 0.2588137 -0.3168588 0.2388076 0.2668871 -0.2707934 0.2474625 0.2537742 -0.2802013 0.2500036 0.2124132 -0.3130249 0.2418639 0.2047187 -0.3392128 0.246665 0.2114143 -0.3386567 0.2536572 0.2116772 -0.2572852 0.2432045 0.1899072 -0.3321641 0.2553182 0.233606 -0.266115 0.2460705 0.230736 -0.3280212 0.1819268 0.260113 0.07580995 0.2236944 0.31627 0.0856899 0.225058 0.2276505 0.0981549 0.251957 0.2911528 0.05264389 0.2372346 0.3112436 0.1205139 0.2219519 0.3097086 0.057989 0.2601277 0.2445355 0.06270694 0.2480229 0.2436262 0.1192709 0.1925588 0.2965933 0.06149995 0.1850201 0.2842113 0.06228488 0.2626259 0.2729709 0.04414093 0.1992285 0.2363614 0.07332992 0.1897515 0.2454178 0.04862797 0.1830978 0.2722374 0.05750489 0.2398189 0.3016463 0.04487097 0.2298625 0.223003 0.03610897 0.2427077 0.2236542 0.03317499 0.2668834 0.256467 0.0158019 0.2542278 0.2308258 0.05164492 0.2635911 0.2426537 0.01002889 0.2591847 0.2863563 -0.02256494 0.1830537 0.2612702 0.01819294 0.2336232 0.3039419 -0.00871706 0.2124177 0.3025164 0.02495592 0.2503218 0.2946188 -0.02720308 0.200363 0.2362032 0.03400695 0.1899041 0.2406639 -0.03516393 0.2647913 0.2738953 -0.0177921 0.2316297 0.2208974 -0.0499171 0.1861028 0.2669303 -0.03909707 0.1851745 0.2510628 -0.03646999 0.1973783 0.2874038 -0.039254 0.1846933 0.2761017 0.007176995 0.2636041 0.2494482 -0.135185 0.2393563 0.2899896 -0.0913341 0.227057 0.2957338 -0.06227701 0.2558486 0.2321774 -0.01246696 0.2456216 0.2215579 -0.108551 0.2506343 0.219709 -0.197372 0.2603827 0.2355923 -0.1263689 0.2130197 0.250799 -0.1991569 0.1971104 0.2728643 -0.08281004 0.2291455 0.2182492 -0.112991 0.2110528 0.2383395 -0.196133 0.2524068 0.2634184 -0.1797569 0.2184505 0.2585648 -0.2009684 0.2569264 0.2558444 -0.186984 0.2149903 0.2251597 -0.198824 0.2406778 0.2617726 -0.2116115 0.2394378 0.2058598 -0.2198058 0.2446398 0.2108291 -0.2119598 0.2536213 0.2394556 -0.2291327 0.2540528 0.2295609 -0.2186089 0.2495049 0.250399 -0.2350366 0.2396083 0.2607554 -0.234003 0.2473637 0.2077952 -0.229442 0.2152779 0.2234017 -0.2323059 0.218985 0.2147521 -0.2219897 0.2413184 0.2512121 -0.3202995 0.2424861 0.2447943 -0.3210908 0.2282495 0.2221417 -0.3510788 0.240607 0.2231587 -0.3387346 0.2380251 0.2464598 -0.3374738 0.1978626 0.1707674 -0.2971431 0.2083837 0.1639299 -0.3050062 0.2141635 0.1844525 -0.3083584 0.2178658 0.1808801 -0.3081275 0.2021836 0.1871839 -0.3007544 0.209744 0.1876785 -0.3043044 0.2175085 0.1709084 -0.3026003 0.2024978 0.1667688 -0.2958632 0.1958518 0.1770052 -0.2965999 0.2216257 0.1834836 -0.3067051 0.228299 0.1755906 -0.2872282 0.2145237 0.1669026 -0.2810595 0.2052349 0.1743128 -0.2654815 0.1973621 0.1956744 -0.2783128 0.2114454 0.2280287 -0.2650104 0.2118548 0.2053272 -0.2981652 0.2194659 0.173657 -0.2597827 0.2382937 0.1819928 -0.2694609 0.2322162 0.1859102 -0.2459868 0.2197958 0.223716 -0.2944055 0.2094595 0.2483628 -0.2690724 0.2137629 0.2508842 -0.2944452 0.2151026 0.2634091 -0.2892739 0.2146756 0.1923733 -0.3065996 0.2172112 0.2200323 -0.345349 0.2215856 0.2475442 -0.3400918 0.2176101 0.2353795 -0.3459261 0.214703 0.2369558 -0.3260673 0.2141638 0.2465341 -0.3260571 0.2204154 0.1859369 -0.3107616 0.2443927 0.1903387 -0.262952 0.2229986 0.2662087 -0.3032866 0.2196233 0.2669639 -0.2750045 0.2205902 0.2157549 -0.196629 0.2261644 0.2101561 -0.2066677 0.07322436 0.2440639 0.389282 0.03916704 0.2410236 0.5188609 0.02740591 0.2462158 0.516109 0.02914333 0.2338551 0.5341109 0.04691845 0.1956847 0.5312179 0.03724759 0.1912351 0.5491719 0.03281223 0.214296 0.5452199 0.199524 0.237451 0.1356589 0.2116141 0.2298058 0.1167619 0.04021614 0.1701459 0.541719 0.03235834 0.1418831 0.538854 0.2017381 0.2372538 0.1964629 0.1882519 0.3168349 0.1026939 0.2106258 0.3063458 0.05550783 0.228513 0.2606063 -0.2137206 0.2089483 0.2928786 -0.0532031 0.2156378 0.2559409 -0.3255099 0.2211942 0.2607067 -0.3282554 0.2367995 0.1827447 -0.3394542 0.2280805 0.2606359 -0.2348901 0.229288 0.1856009 -0.3095095 0.2111161 0.2529094 -0.256323 0.2203155 0.2548609 -0.2361705 0.2146072 0.2400832 -0.2337167 0.2097914 0.2265722 -0.2512713 0.2287997 0.1970281 -0.2346368 0.2166621 0.2087018 -0.2333106 0.2063258 0.1898508 -0.2507315 0.2011173 0.2007929 -0.2562841 0.1729828 0.3262186 0.2002379 0.1925712 0.2902486 0.03683894 0.1960905 0.2930095 0.003678858 0.2131177 0.302841 -0.003122985 0.2008017 0.2302662 -0.03519099 0.217801 0.2263405 0.03514695 0.2315662 0.2058811 -0.2206466 0.1657475 0.2490136 -1.145955 0.1678968 0.251992 -1.128716 0.168722 0.2111387 -1.153617 0.1328001 0.2999911 -1.022099 0.1312606 0.2938671 -1.082578 0.1178339 0.2922219 -1.020313 0.1148076 0.2225117 -1.065481 0.127798 0.2089596 -1.053251 0.1141504 0.2220799 -1.01477 0.1671838 0.2319585 -1.018524 0.1592079 0.2205257 -1.017467 0.1566218 0.2192743 -1.07019 0.1457843 0.210674 -1.054709 0.1417641 0.2114987 -1.015022 0.1316875 0.2117962 -1.013473 0.1202178 0.2161238 -1.014525 0.1501325 0.2143338 -1.015286 0.1554018 0.287831 -1.023022 0.1679357 0.2717042 -1.020075 0.1632878 0.2681888 -1.083815 0.1250654 0.1803822 -1.114224 0.1140066 0.188948 -1.11358 0.1176075 0.1514214 -1.133157 0.08697891 0.06767839 -1.193479 0.08739805 0.05938959 -1.197315 0.07799547 0.05463653 -1.186168 0.126518 0.04014223 -1.191216 0.1204206 0.03335821 -1.193308 0.1206881 0.0457428 -1.195896 0.0353204 0.1535747 0.6504999 0.0508247 0.162937 0.646125 0.07728075 0.2080594 0.5518329 0.02930778 0.1479952 0.567218 0.05038756 0.1802203 0.5741099 0.02241408 0.1475946 0.5797069 0.01663607 0.1344639 0.575215 0.03105467 0.1439276 0.5595369 0.07460969 0.1802331 0.5475699 0.02830648 0.1401734 0.4678019 0.0717746 0.1719605 0.555398 0.07102519 0.1760725 0.5404229 0.05091536 0.1704607 0.4803549 0.05101037 0.1537945 0.5047649 0.04123729 0.143398 0.526186 0.05183517 0.1525205 0.552733 0.06519114 0.1750844 0.5183419 0.0311889 0.1625736 0.6654899 0.05909961 0.2873958 0.527082 0.05704885 0.1560166 0.544287 0.04327619 0.1679009 0.563738 0.05175232 0.1612177 0.568162 0.02170366 0.1266751 0.524612 0.01606488 0.2435669 0.521804 0.06874203 0.257515 0.527058 0.08279138 0.2499371 0.579947 0.08211272 0.2468727 0.597603 0.07397341 0.2563254 0.6424999 0.08652782 0.2709226 0.574865 0.09005582 0.2683615 0.582385 0.08835434 0.2772196 0.566744 0.07633352 0.2614477 0.537614 0.07613587 0.2527785 0.528798 0.07947987 0.242377 0.5379059 0.08447957 0.2502425 0.5281639 0.08013945 0.2479386 0.5428779 0.08004915 0.2463726 0.5566549 0.08130788 0.2446113 0.571067 0.09335881 0.2633109 0.582495 0.09487515 0.2729119 0.572999 0.09017395 0.2711224 0.5471679 0.08475703 0.2686974 0.5430449 0.08432376 0.2521239 0.537959 0.0846557 0.2555773 0.5279039 0.08946067 0.2629612 0.5382699 0.07792299 0.2503139 0.555895 0.08454811 0.2494479 0.568175 0.08697247 0.262913 0.5448259 0.09185016 0.2674105 0.5538349 0.07412904 0.2593191 0.547743 0.07400774 0.2554371 0.5527109 0.07463431 0.249881 0.544382 0.07757562 0.2624333 0.558878 0.07858735 0.2627317 0.5492619 0.08723503 0.2643736 0.5588069 0.0860005 0.2518961 0.543644 0.08881545 0.2634243 0.5494059 0.08132529 0.250934 0.551966 0.08901315 0.2709387 0.568378 0.08803766 0.2634918 0.576386 0.09087067 0.2656036 0.563887 0.08492887 0.2592389 0.5631009 0.08556652 0.2585633 0.5749979 0.08137297 0.2548258 0.572088 0.0763024 0.2577123 0.559392 0.0811389 0.2548028 0.5626489 0.090429 0.2601684 0.585405 0.08484965 0.2634999 0.581736 0.08754813 0.2505291 0.574901 0.08204197 0.2630849 0.540018 0.08412212 0.2724215 0.5583119 0.07972532 0.271806 0.5745549 0.07792276 0.2731797 0.5559449 0.09140741 0.2758898 0.5590689 0.07087552 0.2951775 0.578592 0.1111701 0.2977335 -1.165276 0.1296637 0.3045921 -1.161614 0.1283556 0.301802 -1.182498 0.1126642 0.2949423 -1.187984 0.1329936 0.2924778 -1.196303 0.1403478 0.2982431 -1.18073 0.1309323 0.2978304 -1.125445 0.1165364 0.07833325 -1.195776 0.1195667 0.08705598 -1.195491 0.1231259 0.07987058 -1.192252 0.1172335 0.08062797 -1.16779 0.106094 0.0849691 -1.166677 0.1103724 0.08156287 -1.171062 0.1431907 0.04839193 -1.191668 0.1351789 0.0399391 -1.192116 0.1390293 0.0530138 -1.198078 0.1323536 0.03984832 -1.182465 0.1269356 0.0464437 -1.190657 0.1326194 0.04794347 -1.18068 0.1348318 0.06533837 -1.172403 0.129902 0.06557399 -1.177633 0.1352432 0.0821042 -1.171326 0.1271926 0.08813357 -1.167803 0.1293528 0.08118659 -1.175831 0.1552354 0.05778169 -1.196623 0.1552814 0.08243089 -1.196402 0.1590504 0.0679115 -1.193622 0.1735848 0.0980336 -1.180655 0.1786614 0.115336 -1.185592 0.1720605 0.1075787 -1.174675 0.1598311 0.09510147 -1.187625 0.157828 0.09807157 -1.196844 0.1660408 0.0928846 -1.196235 0.1758009 0.1005426 -1.190284 0.1624431 0.09435528 -1.182235 0.1629603 0.101699 -1.175145 0.1123723 0.04677057 -1.195291 0.1282969 0.08034825 -1.192123 0.1275156 0.07719546 -1.183995 0.1250019 0.07764816 -1.185297 0.1574847 0.09994339 -1.173161 0.1643109 0.2305114 -1.083528 0.1276891 0.1418973 -1.140268 0.1422196 0.1849849 -1.11863 0.1336117 0.1925187 -1.101177 0.1367412 0.202202 -1.080667 0.1220852 0.203545 -1.085091 0.1624253 0.2194192 -1.117687 0.09411925 0.190479 -1.15692 0.09779101 0.1982041 -1.173208 0.09214061 0.1660992 -1.167569 0.08880436 0.1491041 -1.155844 0.1571677 0.2689832 -1.143705 0.1642523 0.2657361 -1.120848 0.1802563 0.1322706 -1.19479 0.1740202 0.182483 -1.1791 0.1732438 0.1260921 -1.177723 0.1690229 0.1970413 -1.164818 0.09683704 0.1494601 -1.18472 0.07844799 0.1215777 -1.187009 0.1183203 0.1452873 -1.192303 0.1168442 0.1718026 -1.188531 0.1499314 0.1771741 -1.2001 0.1442852 0.1258383 -1.201665 0.1661127 0.180792 -1.159822 0.1637178 0.1267136 -1.170984 0.1546694 0.1440232 -1.158682 0.1608402 0.2125691 -1.195384 0.1677632 0.2081019 -1.188381 0.1752875 0.1323922 -1.201471 0.1620705 0.2516701 -1.189385 0.1501795 0.2732752 -1.19873 0.153622 0.2798548 -1.188222 0.1313102 0.1079926 -1.161831 0.1059034 0.1318037 -1.142981 0.1003527 0.107627 -1.153255 0.1618846 0.251731 -1.168913 0.1520013 0.2829355 -1.16423 0.1056232 0.1615878 -1.133763 0.09255361 0.1138192 -1.154672 0.1047053 0.1991792 -1.122086 0.1021698 0.2742574 -1.192648 0.1136037 0.277328 -1.200939 0.1080084 0.2261992 -1.09485 0.116337 0.2910333 -1.140205 0.121425 0.2832117 -1.098298 0.1079705 0.267027 -1.112686 0.1128601 0.2715878 -1.08833 0.1422448 0.2962254 -1.145853 0.1548489 0.1774104 -1.139408 0.1565934 0.2514765 -1.198349 0.09785872 0.1806012 -1.138885 0.09675151 0.22078 -1.140847 0.1546199 0.05423939 -1.184918 0.1519927 0.060651 -1.181536 0.1474875 0.06047779 -1.182918 0.1454514 0.1230306 -1.161882 0.1019579 0.1164483 -1.199605 0.08342742 0.112649 -1.195882 0.1604158 0.07937097 -1.189931 0.1582738 0.07619458 -1.178089 0.1469905 0.06580269 -1.198106 0.144285 0.0615434 -1.186237 0.1452587 0.08217787 -1.188321 0.1023746 0.2458759 -1.117553 0.1012955 0.172921 -1.180039 0.121615 0.2015835 -1.193366 0.1448249 0.2159582 -1.199878 0.1344678 0.2801979 -1.201491 0.1055886 0.2528889 -1.199108 0.1021321 0.2134548 -1.184369 0.1152428 0.2520019 -1.20219 0.1456853 0.2595097 -1.202893 0.09724432 0.2507855 -1.186524 0.1628317 0.1231974 -1.204495 0.09627401 0.06301969 -1.195731 0.09607899 0.07772809 -1.192684 0.1045861 0.07778167 -1.182693 0.08807504 0.04626321 -1.175051 0.08955329 0.03059262 -1.179681 0.1042726 0.03427237 -1.179015 0.107991 0.0593217 -1.186974 0.106866 0.0410223 -1.187625 0.1005712 0.03905725 -1.195488 0.08195495 0.06918996 -1.185003 0.0766384 0.1034521 -1.186901 0.08333468 0.08942735 -1.191846 0.08537209 0.04056948 -1.1934 0.1022202 0.03032529 -1.181341 0.09579151 0.03095304 -1.186825 0.1118448 0.0649423 -1.18867 0.109809 0.06566929 -1.181172 0.1261187 0.04510241 -1.181384 0.1274293 0.06043297 -1.18379 0.1247502 0.06039637 -1.17121 0.1213885 0.06618326 -1.192366 0.1052672 0.08168047 -1.193782 0.1152964 0.06606417 -1.192423 0.1556616 0.207642 -1.110628 0.07812756 0.1246117 -1.176536 0.08195644 0.1280121 -1.162793 0.1394959 0.04706877 -1.181104 0.1431981 0.065328 -1.177142 0.1291207 0.0492751 -1.182497 0.1289975 0.06591975 -1.189301 0.1331663 0.06893336 -1.19388 0.1316678 0.05308252 -1.197826 0.1313171 0.0826171 -1.196199 0.1236463 0.07893019 -1.170437 0.1101574 0.04153972 -1.18404 0.1130258 0.04441267 -1.176309 0.1138538 0.05924928 -1.170365 0.1235463 0.0393027 -1.179657 0.117246 0.06158083 -1.168108 0.07623696 0.09354907 -1.172824 0.08308547 0.0600807 -1.174105 0.08828097 0.06220698 -1.168848 0.08417385 0.09155708 -1.161447 0.1037798 0.07163375 -1.173416 0.1066251 0.05372864 -1.175107 0.140987 0.0706318 -1.193086 0.1442161 0.05635792 -1.186108 0.1434656 0.08407247 -1.188399 0.1474063 0.08949887 -1.175834 0.1411373 0.08703869 -1.174782 0.1465927 0.0801168 -1.194089 0.1473526 0.09044599 -1.197891 0.1512718 0.07759207 -1.197539 0.156479 0.05976647 -1.183606 0.1536376 0.0769965 -1.175087 0.1591309 0.05960059 -1.187656 0.1482633 0.07732158 -1.176496 0.09602439 0.05043739 -1.172212 0.1049512 0.04694408 -1.176576 0.09479767 0.06855547 -1.166116 0.1390583 0.03923207 -1.183422 0.137765 0.0886588 -1.196489 0.1580373 0.09336477 -1.178912 0.1518836 0.09120929 -1.17368 0.082345 0.1118152 -1.164788 0.1141094 0.1063969 -1.199521 0.1126782 0.03612732 -1.181375 0.116181 0.03935533 -1.178588 0.1134393 0.03006887 -1.184031 0.1211033 0.0292136 -1.185427 0.1230129 0.03104257 -1.182522 0.1745105 0.08031237 -1.192885 0.1732481 0.07723778 -1.195715 0.1759985 0.0881446 -1.190837 0.1611177 0.07630658 -1.186517 0.1640664 0.08085227 -1.181518 0.1725122 0.08370226 -1.180516 0.1613604 0.09057509 -1.189633 0.1634805 0.0854696 -1.198603 0.1694816 0.07779818 -1.183664 0.1634601 0.06866067 -1.188245 0.169923 0.06841957 -1.189386 0.1720772 0.07624447 -1.186686 0.1672461 0.08272105 -1.199465 0.1675534 0.09400629 -1.176394 0.1646253 0.07202899 -1.196249 0.1724951 0.1021299 -1.195796 0.1474609 0.1130149 -1.201954 0.09792137 0.2416321 -1.16195 0.1017221 0.280736 -1.174396 0.1063539 0.2711461 -1.143496 0.1090494 0.2509818 -1.066327 0.1066076 0.2723976 -1.020133 0.1073638 0.2407402 -1.016976 0.1053186 0.2552404 -1.019717 0.1476613 0.0546354 -1.184723 0.1476951 0.0566504 -1.194216 0.1594104 0.07647007 -1.191699 0.02877289 0.1518159 0.5786749 0.017259 0.1332349 0.495956 -0.06227922 0.2768455 0.516578 -0.08268779 0.2768656 0.574636 -0.07977509 0.3169672 0.399156 -0.1048529 0.2866675 0.402275 -0.09122222 0.3251737 0.38709 -0.0555523 0.3368728 0.367841 -0.2070361 0.1627712 -0.4081256 -0.2094613 0.1881178 -0.4213213 -0.2001684 0.1946616 -0.4151787 -0.1952112 0.1840279 -0.4454728 -0.158591 0.2808774 -1.020619 -0.009385049 0.1439062 0.5656279 -0.08327245 0.2011232 -1.157512 0.03354394 0.153246 0.5829229 0.08999001 0.3209963 0.4072609 0.07732802 0.345273 0.391431 0.03645855 0.3424223 0.3838489 0.01625281 0.3409229 0.3668519 0.08283084 0.2634546 0.4022249 0.04093211 0.3483784 0.3703259 0.2176826 0.2019409 -0.3448119 0.1693136 0.2489353 -1.018471 0.1006858 0.07144349 -1.168628 0.1119655 0.03483271 -1.191116 0.07036107 0.2820562 0.5361719 0.07995772 0.2514159 0.5587839 0.1633498 0.2719468 -0.1162649 0.1516082 0.2857049 -0.0977441 0.1463881 0.2729321 -0.06572902 0.1170563 0.1508699 -0.130824 0.149353 0.1744428 -0.123879 0.1222722 0.1588685 -0.07660508 -0.124974 0.3055064 -0.06599807 -0.1242285 0.3217179 -0.09762609 -0.1588737 0.2668555 -0.09026503 -0.004388689 0.1284091 -0.09708309 -0.00403589 0.1355898 -0.182946 0.0681135 0.137255 -0.154654 0.07990169 0.3346472 -0.0712291 0.1124067 0.3190681 -0.06662702 0.1181006 0.3353081 -0.108242 -0.09298044 0.3272594 -0.07001399 0.145279 0.188305 -0.07306003 -0.1498851 0.1786893 -0.1274549 -0.122112 0.1622036 -0.07892405 -0.1459141 0.1924132 -0.0763961 0.157613 0.2001101 -0.104458 0.1613723 0.233179 -0.09955704 0.1561284 0.2180407 -0.07020401 -0.1584743 0.2029557 -0.109609 -0.1603935 0.2230581 -0.07441008 0.1549236 0.2462911 -0.06809306 -0.161197 0.2482846 -0.07194805 -0.1537796 0.2693073 -0.06941103 -0.1658959 0.2387604 -0.1041851 0.09956693 0.1424184 -0.08418607 0.06650543 0.1319093 -0.09132099 0.1174586 0.1445255 -0.3214507 0.1090465 0.1515506 -0.2551221 0.07859164 0.1515308 -0.2695057 0.08393168 0.1430335 -0.3147844 0.04157656 0.1607661 -0.2832775 -0.08764773 0.1528119 -0.2746971 -0.1223616 0.1538841 -0.2386229 -0.1294034 0.1426559 -0.3450099 -0.08901596 0.1454642 -0.3169941 -0.05277079 0.1621804 -0.3481137 -0.04927474 0.1651208 -0.2817891 0.0694614 0.1551372 -0.4717463 0.09104025 0.1561799 -0.544502 0.1112668 0.1473759 -0.5077992 0.09829694 0.1420401 -0.4268143 0.1385639 0.1497835 -0.5005868 0.1275694 0.1457844 -0.4200705 0.05271482 0.1560819 -0.3437867 -0.09481996 0.143812 -0.4164369 -0.1282486 0.1506337 -0.4864094 -0.09760135 0.1527014 -0.5135985 -0.07600718 0.169609 -0.5619711 -0.04595822 0.1684774 -0.4529134 0.09662151 0.1606045 -0.6248959 0.124509 0.167822 -0.6553803 0.1395186 0.1600907 -0.5730795 -0.1287714 0.1715093 -0.5940511 -0.1069723 0.1710605 -0.6342409 -0.08202111 0.1696734 -0.6347122 0.1361907 0.1772966 -0.7492881 0.1582289 0.1777904 -0.7142066 0.1472902 0.1748754 -0.6658341 -0.09463781 0.1805078 -0.6857143 0.1318666 0.1847157 -0.8294714 0.1644714 0.1855054 -0.7918148 -0.1200988 0.1812983 -0.727214 -0.147966 0.187016 -0.6917324 -0.1535221 0.1927905 -0.7646968 -0.1204903 0.1917266 -0.795237 -0.1504759 0.1951308 -0.8199711 -0.09527337 0.2008419 -0.8036736 0.1200299 0.1635736 -1.115562 0.149035 0.1720251 -1.12243 0.1562678 0.1840312 -0.9612421 0.1341199 0.1787143 -0.9954847 0.1053594 0.1859763 -0.9982796 0.1069001 0.1654041 -1.114489 -0.1139048 0.1640413 -1.12225 -0.1170088 0.1828349 -0.9725956 -0.1374511 0.1773204 -1.041467 -0.1504303 0.181367 -1.132017 0.1560045 0.1692473 -0.2635236 0.1640062 0.1614243 -0.4013242 0.1847993 0.1948363 -0.3253824 0.1734378 0.1902557 -0.185081 -0.1656079 0.1727108 -0.304111 -0.1611496 0.1756248 -0.228845 -0.1882132 0.2087123 -0.2439853 -0.1867414 0.2112789 -0.3029335 0.1668742 0.169411 -0.5043792 0.1892082 0.1982991 -0.4992561 0.1921152 0.1946818 -0.4121149 -0.1673209 0.1735058 -0.4437035 -0.1910341 0.2114112 -0.4300196 -0.182021 0.2148649 -0.54136 0.1640453 0.1903018 -0.6456021 0.176994 0.2141665 -0.6126577 -0.1575824 0.1976525 -0.6208384 -0.1793639 0.2260883 -0.6306422 0.1858997 0.2065719 -0.7510234 0.198436 0.2367365 -0.7275694 0.1839892 0.2344974 -0.6357113 -0.1711497 0.2030191 -0.6761285 -0.2034432 0.2452878 -0.7741613 -0.181818 0.2145324 -0.7708978 0.1896182 0.2026081 -0.7974836 0.210929 0.2331568 -0.7945963 0.1825609 0.2074967 -1.134447 0.1891034 0.2338992 -1.139409 0.1994712 0.2267888 -1.026638 0.1825551 0.1989766 -1.021136 0.1657212 0.1843268 -1.127434 -0.1639648 0.1990888 -1.079445 -0.1662721 0.2009276 -0.9846299 -0.1841738 0.2294057 -1.051898 -0.18006 0.2326766 -1.142129 -0.1699463 0.2038784 -1.138227 0.1834617 0.2871412 -0.311627 0.1804617 0.2995916 -0.2498907 0.1917101 0.2418117 -0.2403897 -0.1967878 0.2551594 -0.2545931 -0.1857944 0.3041573 -0.2467299 -0.1785321 0.2890191 -0.3688952 0.1967223 0.2340845 -0.3964157 0.187954 0.2771306 -0.4527633 -0.1938017 0.2477838 -0.4154987 -0.1815994 0.2772163 -0.5413339 -0.1874039 0.2491289 -0.5599318 0.187705 0.2386302 -0.5345966 0.1820342 0.2723271 -0.5610781 -0.1851106 0.289864 -0.6419013 -0.1893765 0.2565429 -0.6556736 0.1985064 0.2515072 -0.7101854 0.1941249 0.3006657 -0.7185813 0.1917014 0.2888774 -0.6706191 -0.1933404 0.3136492 -0.7560238 -0.2053183 0.2789208 -0.7564465 0.2147412 0.2684667 -0.7904375 0.2028459 0.3078368 -0.7991667 0.194759 0.3050112 -0.7587526 -0.1954014 0.3183159 -0.806939 0.1967273 0.2648895 -1.056925 0.1778032 0.2982581 -1.140967 0.1894462 0.3006599 -1.01459 -0.1885269 0.2710345 -1.023313 -0.1822806 0.3103488 -1.024939 -0.1747202 0.3030609 -1.141039 0.1574639 0.3230645 -0.3118758 0.1279678 0.3373094 -0.3718584 0.1222388 0.3492087 -0.3006628 -0.1549901 0.3268429 -0.3473483 -0.1420624 0.3543519 -0.2415774 -0.1244207 0.3616781 -0.2807245 -0.1306939 0.3427802 -0.3657475 0.1665195 0.3107529 -0.4597038 0.1355405 0.3305487 -0.4765033 -0.1598179 0.3045222 -0.5410475 0.1570988 0.3015425 -0.5524572 0.1655979 0.3085863 -0.6207544 0.1347448 0.3218661 -0.6219838 0.1283246 0.3136808 -0.55375 -0.1326214 0.3270172 -0.4839568 -0.1335358 0.3195872 -0.6191802 -0.1625697 0.3089346 -0.6179128 0.1752595 0.3282626 -0.731238 0.1512295 0.3361191 -0.7239032 0.1424974 0.3245919 -0.6734904 0.1677489 0.307213 -0.666396 -0.1438187 0.3468791 -0.7620565 -0.1725614 0.3394348 -0.7832307 0.1528403 0.3426375 -0.78091 -0.1378923 0.3500255 -0.814247 0.165699 0.3220208 -1.048397 0.1604198 0.3187752 -1.139646 0.1378057 0.3269392 -1.137901 0.1447266 0.3298565 -0.9625087 -0.1632332 0.3342894 -1.028072 -0.1589373 0.3284629 -1.138253 -0.1366395 0.3420643 -1.076033 -0.1401776 0.3368617 -1.136547 0.05226522 0.3421631 -0.3329352 0.0416032 0.3556009 -0.3040192 0.07791864 0.3553562 -0.3080543 0.09261029 0.3394689 -0.3795647 0.06047499 0.3298835 -0.3847395 -0.08635407 0.3599212 -0.3111364 -0.09580457 0.3496355 -0.3915922 -0.04576575 0.3683382 -0.2919601 -0.05347901 0.3564554 -0.3344495 -0.06777358 0.3334382 -0.4238722 -0.09966874 0.3289238 -0.5164505 -0.07369142 0.3161202 -0.5347006 0.1040932 0.3071157 -0.5618942 0.08073365 0.3012374 -0.5635988 0.07341897 0.3133065 -0.505918 0.1052373 0.3303737 -0.49285 0.1150552 0.3239353 -0.6609174 0.08936583 0.3065113 -0.6455875 -0.107461 0.3175233 -0.6207581 -0.08123779 0.3104482 -0.6279656 0.123942 0.3377115 -0.7365762 0.1010945 0.3225783 -0.7304036 -0.1146296 0.3463329 -0.7642472 -0.09055507 0.3222112 -0.6915364 0.09797728 0.3279286 -0.7722526 -0.1102719 0.3488795 -0.8304527 -0.08826225 0.3365101 -0.767305 -0.08677494 0.3363881 -0.8317202 0.1180977 0.3193567 -1.13861 0.09602034 0.2951372 -1.138407 0.09886473 0.3122484 -1.023068 0.1195867 0.3272646 -0.9648602 -0.1152064 0.3287137 -1.136876 -0.1188073 0.3416787 -1.034687 -0.09653168 0.3247852 -1.035157 -0.06962108 0.1370013 -0.09206509 -0.08484458 0.1424376 -0.2046591 -0.04019367 0.1407316 -0.220485 9.09863e-4 0.1358136 -0.2193846 -0.001498818 0.1353751 -0.2492982 0.04439926 0.1474858 -0.2525691 -0.03124266 0.1435492 -0.2495315 0.06280618 0.1435441 -0.2234853 0.06872445 0.1480582 -0.2388084 0.1090977 0.1506922 -0.1988821 -0.05913329 0.1541505 -0.2559978 -0.1066023 0.1485308 -0.19001 0.031511 0.1614534 -0.2786492 -0.03807431 0.162326 -0.2769681 -0.008154749 0.1451058 -0.2794085 -0.001239955 0.3687025 -0.2648417 -0.04532599 0.3742702 -0.2808092 -0.03189098 0.3831943 -0.2297958 -1.45174e-4 0.1525607 -0.2921603 -0.05758875 0.3827624 -0.164592 -0.04089397 0.3726405 -0.1286211 -0.004978716 0.369477 -0.138143 0.1470936 0.1652201 -0.1914629 -0.1334097 0.1601211 -0.147867 -0.1725152 0.2050431 -0.1616441 0.152998 0.3096972 -0.133238 0.171227 0.2536369 -0.139685 -0.1702958 0.2536485 -0.132655 -0.1618306 0.2867467 -0.1286669 -0.1752282 0.2951644 -0.168287 0.1708213 0.2141082 -0.140048 0.1703807 0.2995249 -0.176838 -0.1838089 0.2393672 -0.178995 0.1496419 0.3494176 -0.2038034 -0.1656597 0.3198918 -0.1861439 -0.1470739 0.3502372 -0.2146031 0.1638312 0.3353214 -0.223924 0.127162 0.3672867 -0.2263798 -0.1053181 0.3732441 -0.2511522 0.06673717 0.37799 -0.2642347 0.1122726 0.3688214 -0.2624011 0.02665174 0.3743429 -0.276865 0.1164013 0.3516839 -0.144931 0.1070061 0.3736259 -0.192335 -0.1178162 0.3691603 -0.187874 0.07603621 0.3846208 -0.2110075 -0.1221706 0.3701043 -0.2262942 -0.07731211 0.3864119 -0.2146369 0.01535362 0.3802314 -0.2300467 -0.01112639 0.3568035 -0.1023139 -0.007699847 0.3472748 -0.07790005 -0.03182816 0.3451152 -0.07727801 -0.06817716 0.3640393 -0.120226 -0.06797164 0.3401441 -0.07367408 0.08250045 0.3424203 -0.09430503 0.02364659 0.3614355 -0.110422 0.03014248 0.3471853 -0.07587504 0.06987994 0.3615142 -0.124873 0.08466356 0.3743771 -0.1683861 0.03122091 0.3724359 -0.134783 0.03540301 0.3808302 -0.165871 0.01214385 0.3806185 -0.1870861 0.01455205 0.3453829 -0.2932901 -7.31644e-4 0.3473812 -0.2854481 -0.01821637 0.3447071 -0.2943828 0.03934967 0.3051034 -0.4116829 0.02517169 0.2846921 -0.4009444 0.01943993 0.297902 -0.3380743 0.03449594 0.324968 -0.3395451 -0.01554828 0.3082827 -0.3297426 -0.02516895 0.2972507 -0.3814381 -0.04010915 0.3162574 -0.4003955 0.01534259 0.2473012 -0.3783373 0.01755398 0.200865 -0.3897213 0.0077129 0.2502164 -0.3475943 -0.00480479 0.2523699 -0.3309909 -0.01699095 0.2263455 -0.4098101 -0.01503503 0.2662662 -0.3727898 0.05368781 0.2820478 -0.5261542 0.03970766 0.2489312 -0.5291202 -0.03663188 0.2631172 -0.5636554 -0.04840385 0.295561 -0.5090388 0.066109 0.2810799 -0.6280949 0.05203664 0.2559692 -0.6327381 -0.05583345 0.2770292 -0.6811435 -0.06588578 0.2966678 -0.6687775 0.02953755 0.2228053 -0.4771341 0.05771172 0.2369523 -0.6630066 0.06512743 0.1915401 -0.6278694 -0.02686405 0.2375863 -0.5273119 -0.02933907 0.217104 -0.5246925 -0.05839973 0.2308267 -0.6817898 -0.05585873 0.2555008 -0.6984235 0.06638729 0.2765996 -0.7135801 0.07875722 0.3001127 -0.7080006 -0.05603086 0.29166 -0.7866374 0.06582373 0.2512183 -0.7253169 0.07423055 0.2139366 -0.7137506 -0.06467032 0.2250496 -0.7548046 0.06591004 0.2796819 -0.7744777 0.07653433 0.305272 -0.7779268 -0.06657838 0.3175134 -0.7919653 0.07114082 0.2260867 -0.809623 0.06491231 0.2518071 -0.7998204 -0.057828 0.2444377 -0.7984125 0.07671779 0.2394808 -1.13019 0.07139986 0.2515616 -1.027966 0.07913887 0.2827862 -1.00205 0.08262926 0.2684165 -1.135585 -0.09292066 0.3043023 -1.137456 -0.07262355 0.2977793 -0.9288875 -0.07703232 0.273786 -1.135316 -0.06829273 0.2436714 -1.130542 0.07880157 0.2117612 -1.124124 0.08915287 0.1860568 -1.120114 0.08252137 0.2033697 -1.020711 -0.06928753 0.2145296 -1.126693 -0.06303161 0.2328342 -1.018223 -0.06973302 0.2054031 -1.023601 -7.14488e-4 0.2534555 -0.3239476 0.003180623 0.3045447 -0.3063158 -0.001038134 0.2715357 -0.3153041 -0.004111528 0.3078562 -0.3043063 -0.01299244 0.1695012 -0.3016554 0.1040011 0.195273 -0.8579034 -0.1402348 0.1878857 -0.9463502 -0.1011657 0.1643005 -1.119487 -0.09781998 0.2007188 -0.871722 -0.1196122 0.192844 -0.8573276 0.1948348 0.2255912 -0.9449049 -0.1869848 0.2303995 -0.9406111 0.1781674 0.1978908 -0.9531118 -0.1918578 0.2393427 -0.8521141 -0.1747263 0.2067916 -0.8838821 0.2001693 0.2669038 -0.9335371 -0.1892824 0.31388 -0.9050598 -0.1996306 0.2750843 -0.8679476 0.1701675 0.3218114 -0.9479755 -0.1406744 0.344434 -0.9306139 -0.1663872 0.3351612 -0.9124687 -0.1650905 0.3348581 -0.8515093 0.1216956 0.3388798 -0.8324359 0.09677577 0.3177614 -0.9077269 -0.09347021 0.3277475 -0.9335232 -0.1151207 0.3419594 -0.9185928 0.08293688 0.2959732 -0.8973031 -0.06343108 0.2729054 -0.9164822 0.07265877 0.2672119 -0.9038144 0.07247668 0.2353014 -0.9554041 -0.06340014 0.2518446 -0.9015389 -0.06933742 0.2290828 -0.8776698 -0.05405032 0.2646676 -0.7894915 0.009131848 0.1982309 -0.3286527 0.02698379 0.1817861 -0.3918982 0.04119724 0.1671916 -0.3882976 0.02190899 0.1807867 -0.3122346 -0.02228307 0.1853234 -0.3178724 0.04905766 0.1993706 -0.5521149 0.06637048 0.1779886 -0.5701166 -0.02936315 0.1968813 -0.4386845 -0.04389762 0.2018056 -0.5694665 -0.06000953 0.1794736 -0.5601956 -0.01320242 0.2026548 -0.3341318 -0.0668708 0.1834543 -0.6350789 -0.06888204 0.2072893 -0.6797751 0.1106213 0.1733814 -0.7062364 -0.08154696 0.1880937 -0.6828044 0.08610665 0.20368 -0.7697455 0.08730757 0.1938847 -0.7148671 0.1101018 0.1885516 -0.7734531 -0.08286738 0.1764957 -1.120101 -0.07960611 0.189831 -1.027833 0.08963358 0.1975708 -0.9976052 0.09770894 0.1752341 -1.116241 0.003627002 0.1956146 -0.3151724 -0.001164436 0.2259727 -0.3267673 1.94887e-4 0.2025101 -0.3141894 -0.00474745 0.2294695 -0.3307479 8.79873e-4 0.1765182 -0.3153547 -0.01496106 0.1839802 -0.3032413 0.08540028 0.2142141 -0.893305 -0.07859522 0.2121939 -0.8036594 -0.0856288 0.2091822 -0.8750551 -0.07307255 0.2194868 -0.9170389 0.07526284 0.2363741 -0.9026708 0.09923148 0.1980545 -0.9175037 0.003366947 0.2238323 -0.3347311 -0.1035208 0.1476241 -0.0843091 -0.09854185 0.1648932 -0.5709049 0.1880941 0.2654809 -1.142385 -0.1821538 0.2666524 -1.143546 0.1803559 0.3298599 -0.8047403 -0.0834915 0.1488796 -0.2443559 -0.04639989 0.3438748 -0.07490003 -0.07414853 0.1938526 -1.125217 -0.09085339 0.1681883 -1.118987 0.0163601 0.3500812 -0.07901704 0.1025 0.3500748 -0.09080004 0.1210851 0.3711762 -0.170871 0.07828807 0.3750389 -0.1308001 0.06115216 0.3494081 -0.03548997 0.101 0.3462748 -0.03110003 0.1303 0.3396747 -0.02870011 0.1281 0.3350747 -0.08860003 0.1598274 0.3282077 -0.134666 -0.1331 0.3301748 -0.08850002 -0.1313 0.3333748 -0.0277 -0.1031274 0.3499006 0.02409899 -0.105 0.3464748 -0.09110009 -0.0677793 0.3539477 -0.02046108 -0.07547748 0.3587434 -0.08950209 -0.06773072 0.3783392 -0.140364 -0.1313406 0.3658341 -0.1655501 -0.1673486 0.323782 -0.1363019 0.06155318 0.3462787 0.01620584 0.1007 0.3507748 0.02399998 0.08914554 0.3601911 0.1037409 0.1152999 0.3536748 0.07519996 0.1321 0.3247748 0.07979989 0.1327541 0.3278302 0.02721095 -0.1314293 0.3127299 0.02944689 -0.1363999 0.3254748 0.08300006 -0.1065999 0.3482748 0.07529997 -0.05597263 0.3680562 0.08888697 0.02681273 0.3685391 -0.09501302 0.02433234 0.3623079 -0.04930394 4.00012e-4 0.3710748 -0.09530007 0.009193003 0.3841526 -0.1412661 -0.04032027 0.3821133 -0.139613 0.0309 0.3446748 0.01629996 0.01433986 0.3456586 0.07007789 -0.01237899 0.3614456 0.004794955 -0.02398473 0.364959 0.1331189 -0.004270434 0.3512644 0.08521497 -0.01202815 0.372428 -0.04453599 -0.03559976 0.3731748 -0.04310005 0.0758 0.1189748 0.07319986 0.03811532 0.1052781 0.07366895 0.05536621 0.1210691 0.02014899 -0.04207324 0.1127139 0.02998495 -0.04288858 0.1026261 0.07543694 -0.07704818 0.1122283 0.09861791 -0.07969993 0.1293748 0.02919989 -0.1065877 0.1333976 0.1057649 0.07838076 0.1300502 -0.06759703 0.03353995 0.1178552 -0.02934408 0.04396069 0.118538 -0.08872401 0.07596617 0.1303418 -0.135848 0.109919 0.1368468 -0.155749 0.1107 0.1422747 -0.08770012 -0.06564772 0.1247479 -0.07979309 -0.06340503 0.1255655 -0.02476108 -0.108084 0.152932 -0.001349031 0.02261817 0.1112797 0.02856987 -0.02292793 0.1171132 -0.02434504 -0.004565954 0.113503 -0.07801306 -0.005565166 0.1203854 -0.1859599 -0.07964813 0.1333337 -0.1281009 0.127038 0.3743234 -0.219083 0.08651322 0.3844865 -0.2201592 0.08582347 0.3862804 -0.186294 -0.1661217 0.3397659 -0.2139536 -0.0752446 0.3881135 -0.185944 -0.09492033 0.3836924 -0.2158119 -0.1373896 0.3673992 -0.2159147 0.04714733 0.3892418 -0.1814489 0.04582625 0.3843534 -0.142068 0.06224769 0.3890721 -0.2169659 -0.02489984 0.3803748 -0.1863999 -0.04159969 0.3912362 -0.2158346 0.02084082 0.3829153 -0.183966 0.002199888 0.3831748 -0.2181 0.08516192 0.1412196 -0.2203063 0.02945286 0.1223905 -0.186008 0.06186389 0.1289895 -0.220921 -0.08312273 0.1402755 -0.2165457 -0.1216034 0.1455697 -0.18316 -0.1130685 0.1441498 -0.2235503 -0.1207731 0.1531259 -0.08300101 -0.003699839 0.1199747 -0.2204999 0.03145885 0.121887 -0.2245165 -0.05662351 0.1323771 -0.2152815 -0.0281766 0.1273838 -0.2188483 0.1215 0.3499748 0.1197999 0.09705239 0.3719321 0.1565469 0.1453914 0.3253041 0.1420549 -0.1411334 0.3238667 0.1159279 -0.1813039 0.3040338 0.1535009 -0.1324855 0.3483627 0.1555328 -0.09426987 0.3698081 0.1545989 -0.08219993 0.3659748 0.1135998 0.1231422 0.3526805 0.1682059 0.09930533 0.3828054 0.2279708 0.1661877 0.3703715 0.291919 0.1691843 0.3537679 0.2532899 0.1636028 0.3365496 0.2125319 -0.1761046 0.3134067 0.1910068 -0.1816543 0.318486 0.228706 -0.1477227 0.3431019 0.2139289 -0.07557231 0.3746419 0.2005318 -0.002932786 0.3572352 0.1561739 0.04091429 0.3596964 0.1567479 0.06593841 0.3763221 0.2057709 0.0640915 0.3884594 0.251068 -0.04557496 0.3759087 0.168527 -0.06436115 0.3721439 0.261861 -0.03994995 0.3613577 0.2648159 -0.006471574 0.3575683 0.2259929 0.06470447 0.1090347 0.2037279 0.04638391 0.1041822 0.1373519 0.07502442 0.113609 0.1375108 0.09672665 0.1241158 0.1404508 0.1055906 0.1156506 0.202389 0.1142635 0.135914 0.2612139 0.05688512 0.1204852 0.25858 -0.07909989 0.1141748 0.1576999 -0.05128061 0.1033276 0.1249229 -0.06911474 0.1108323 0.2004199 -0.04575705 0.1196456 0.2532899 -0.1000254 0.1251023 0.2526299 0.1017339 0.1432778 0.03064799 -0.1169056 0.1233651 0.1999498 0.01381254 0.1062735 0.200513 0.002119541 0.1212837 0.251262 -0.01242423 0.097938 0.1265109 0.01923644 0.09870499 0.1336508 -0.02550929 0.1103333 0.2021849 0.09921616 0.3900957 0.2976699 0.1029193 0.3819482 0.3381859 0.1774842 0.3726321 0.3277639 -0.1656804 0.3363174 0.2801499 -0.2161707 0.311025 0.2453479 -0.2110804 0.3184272 0.306132 -0.1339412 0.3498525 0.3258649 -0.1299014 0.3581404 0.2897279 -0.1189928 0.3634634 0.241014 0.07641565 0.3715293 0.370992 0.07863968 0.3560755 0.3912189 0.1829873 0.361104 0.352889 -0.163545 0.3329097 0.342683 -0.2121362 0.293663 0.346641 -0.1722832 0.3094269 0.367695 -0.1033257 0.3375867 0.3845199 0.05813491 0.3834387 0.331962 0.06354737 0.3903051 0.293222 -0.074521 0.3600046 0.330056 -0.003537416 0.3611665 0.288597 4.92831e-4 0.3582434 0.3747879 0.01551067 0.3672502 0.335148 -0.03898227 0.3575112 0.333597 0.04118978 0.3675513 0.373248 0.07459676 0.1442726 0.2983489 -0.03634637 0.135437 0.293118 0.02092266 0.1408281 0.2973189 0.05721104 0.1621443 0.3269279 -0.03043103 0.1585157 0.325622 0.1702668 0.2462983 -0.08093202 0.167389 0.2085126 -0.07337605 0.1854069 0.2084522 -0.122307 0.1881844 0.2385342 -0.128244 0.1885007 0.2703448 -0.138292 -0.1742988 0.2411687 -0.07655405 -0.1704 0.2432748 -0.02199995 -0.1705628 0.265029 -0.02401798 -0.1752387 0.2633109 -0.08854401 -0.1851325 0.2654766 -0.129661 0.1432611 0.1660758 -0.07613706 0.1544848 0.1573953 -0.130828 -0.144041 0.1814736 -0.05320203 -0.1622772 0.2162786 -0.04764896 -0.1837823 0.2237085 -0.119502 0.1585749 0.2475799 0.07834291 0.1457754 0.1936866 0.09214198 0.1498 0.2083747 0.02979987 0.1649571 0.2495632 -0.02283006 -0.1597436 0.2465637 0.0310499 0.1272274 0.1666288 0.04409599 -0.1338 0.1800749 0.03119993 -0.1343837 0.1613464 0.1150579 -0.1513292 0.21439 0.04347091 0.1914142 0.2034409 -0.180286 0.1913528 0.1975155 -0.2170551 0.1985985 0.2332051 -0.2191041 -0.1970208 0.2450923 -0.1794739 -0.1839919 0.2008329 -0.1834059 0.1518428 0.1564733 -0.2187247 0.1114595 0.1444815 -0.2168249 -0.1489011 0.1604745 -0.2217164 -0.1623815 0.1694425 -0.1461459 -0.1852757 0.2036344 -0.2218762 -0.1669079 0.2327708 0.1273329 -0.1656582 0.254768 0.08307492 0.1283961 0.1508217 0.1242889 -0.1405798 0.1442517 0.1880929 -0.1584932 0.1839156 0.1630189 0.1809625 0.2210607 0.2140779 0.1791743 0.2521845 0.2108409 0.1907722 0.2341236 0.2339929 0.1890082 0.2246299 0.2490819 0.1846795 0.1953541 0.2623999 0.1672297 0.1831489 0.213732 0.1651806 0.2386091 0.1196089 0.1805832 0.2456204 0.1682749 -0.1821643 0.2012149 0.2088979 -0.1734579 0.2298724 0.1618219 0.1547541 0.1547026 0.264414 0.1444135 0.1392168 0.2055869 -0.1683865 0.1566584 0.2828089 -0.1716378 0.1659334 0.2502439 0.1162286 0.1634093 0.308649 0.1517661 0.1798439 0.308977 -0.1313585 0.1463163 0.2897389 -0.1460847 0.1730692 0.337541 -0.1880434 0.1722879 0.3236109 0.1513857 0.3168607 -0.08634603 0.1493319 0.2964649 -0.03050702 0.1810529 0.2942828 -0.136605 -0.1804972 0.2980263 -0.139276 -0.1519486 0.314684 -0.08545207 -0.1507863 0.3091382 -0.03103101 0.1435 0.3017748 0.08679997 0.157447 0.2834082 0.0979439 0.1342999 0.2958747 0.02679985 -0.1500068 0.2925228 0.02891993 -0.1567385 0.2819615 0.08368897 -0.1444 0.3098747 0.08219993 0.1523051 0.2437769 0.03025794 0.1762164 0.3148505 -0.186069 -0.1918799 0.2873327 -0.184179 0.1948873 0.2550171 -0.2224125 0.1796219 0.3062035 -0.2198598 -0.1969643 0.2775396 -0.2209069 -0.195594 0.2453383 -0.2189518 -0.1614627 0.3059993 0.1245748 0.1757792 0.2981322 0.1707149 0.1792273 0.2713736 0.1624408 -0.184741 0.2866715 0.1507439 -0.1841112 0.2637701 0.153481 0.1885486 0.332292 0.2171609 0.1830573 0.3189659 0.202883 0.1925685 0.2988511 0.2149049 -0.1965318 0.2950765 0.1837618 -0.1407012 0.2855207 0.1880469 -0.1543365 0.2747979 0.1831039 -0.1731981 0.309017 0.1987209 0.187159 0.2746452 0.2167139 -0.1981881 0.2453365 0.1810789 -0.1415435 0.2480219 0.1827968 0.1994042 0.3487558 0.2286449 0.1528978 0.3209838 0.2098309 0.151177 0.2673943 0.2222399 -0.1782618 0.3052974 0.1771789 -0.1984469 0.3195285 0.2105399 -0.1494736 0.2506768 0.1723349 0.2032977 0.2449285 0.2217139 -0.1483927 0.2088299 0.2022589 -0.1539292 0.2114124 0.1821619 -0.120523 0.3176116 0.3899189 -0.2112888 0.2666788 0.3601929 0.2243477 0.3294944 0.3514999 0.2363258 0.2878786 0.3646849 0.2602431 0.2887266 0.3147739 0.247882 0.3199668 0.299483 -0.2366234 0.239102 0.3431649 -0.2070677 0.2356787 0.3665509 -0.2398403 0.2719703 0.328722 -0.2530781 0.2518503 0.2825049 -0.2537773 0.2284607 0.2846949 0.2304193 0.2467694 0.3523959 0.167953 0.2375835 0.3828899 0.2160298 0.230351 0.339515 0.1992861 0.2113559 0.3075949 0.2231819 0.2277584 0.2717849 0.2464905 0.2365032 0.302244 -0.2253885 0.1843544 0.2727199 -0.2037258 0.1825953 0.2409598 -0.1968964 0.1680329 0.2860019 -0.2188923 0.1811461 0.3210989 -0.1925191 0.1943053 0.354111 0.2011633 0.2097414 0.2851759 0.2037183 0.2225304 0.2564759 -0.1708419 0.1969132 0.2008029 -0.1774932 0.1872186 0.2279419 0.1925161 0.2167811 0.2671599 0.1956309 0.2253733 0.2383779 0.2367987 0.2685899 0.364607 0.2023183 0.2881588 0.3836089 0.199641 0.2644473 0.385868 0.2592452 0.2628179 0.317333 -0.2424983 0.2025586 0.283319 -0.2301598 0.2082613 0.341376 -0.2031797 0.2122583 0.364015 0.1987269 0.3662582 0.3011849 -0.2302665 0.3033215 0.1908969 -0.2327353 0.2943952 0.252891 0.21739 0.3508497 0.331963 0.2301766 0.3412955 0.2796999 0.2116259 0.3511604 0.254753 -0.237026 0.2883062 0.307717 -0.2499709 0.2655481 0.2654909 0.2365349 0.3251175 0.1650159 0.2183789 0.332251 0.1668199 -0.2528603 0.2796144 0.1835849 -0.2640048 0.2631449 0.1510429 -0.271866 0.2435488 0.1536369 -0.2571898 0.2572512 0.2101579 -0.2368795 0.2976078 0.1409308 0.1957402 0.3374353 0.1649239 0.1737529 0.3353352 0.1629658 0.1679252 0.3406797 0.1956329 0.2577182 0.2524888 0.2532359 0.2629686 0.2751708 0.2465529 0.2472869 0.2457056 0.1791568 0.2574686 0.2650867 0.1778939 -0.2457515 0.1948111 0.1546299 -0.2396147 0.190894 0.1534948 -0.2256727 0.1886807 0.2028329 -0.2535939 0.2167438 0.2143399 -0.2555096 0.2013738 0.1544009 0.175703 0.22686 0.2121789 0.1633537 0.2453216 0.2083688 0.1648616 0.2463402 0.1671789 0.1760143 0.2291309 0.1710119 0.1901548 0.2202008 0.171687 -0.1710057 0.2023422 0.1416469 -0.1592261 0.2224819 0.1379489 -0.1950519 0.1890929 0.1789579 -0.1829426 0.1950121 0.1455699 0.2056764 0.221513 0.1745939 0.2020881 0.2257637 0.2208648 0.221109 0.2253421 0.1757689 -0.1997357 0.1864519 0.1487069 -0.2279981 0.1864854 0.1535909 0.234501 0.235341 0.1783719 0.2578967 0.2961533 0.2269419 -0.2693819 0.2210071 0.154917 -0.2593692 0.2353256 0.2111158 0.156883 0.2681689 0.1961879 0.1562679 0.2754136 0.1648179 0.1573508 0.3193943 0.1647129 -0.2081331 0.3117405 0.137133 -0.1805323 0.3014029 0.1409969 0.1557239 0.2551046 0.4006879 0.1517415 0.2730982 0.4045789 0.08730971 0.2711147 0.4161309 0.08692616 0.2181661 0.383454 -0.1655662 0.2172113 0.377456 -0.1758581 0.2441263 0.384311 -0.09642255 0.2219351 0.392244 0.08307754 0.3088346 0.417136 -0.1107246 0.2720816 0.4065189 -0.1117033 0.296801 0.401068 -0.1639096 0.2877292 0.3827449 0.1474415 0.2974267 0.402007 0.1906585 0.3346556 0.3753209 0.2606999 0.2841613 0.1729819 0.2569376 0.3040363 0.1682939 -0.0499593 0.365278 -0.01428902 -0.03185123 0.370999 -0.09507799 0.001868963 0.1974765 0.3908949 0.02450919 0.1906895 0.3649429 0.04368263 0.2025808 0.3818469 0.04107528 0.2105029 0.396848 -0.03292936 0.1994605 0.3916609 -0.06444048 0.2164622 0.40209 -0.06621199 0.2071433 0.3866329 -0.03805238 0.1955869 0.374275 0.06166517 0.235115 0.408126 0.09039622 0.2479446 0.4044379 0.06880712 0.2540596 0.4169669 0.0761137 0.2721862 0.4210229 -0.07773131 0.2333004 0.408299 -0.09313005 0.2748206 0.417398 -0.1056779 0.2487034 0.403533 0.07600378 0.2916533 0.4212099 -0.0914182 0.2919836 0.4162879 0.01325029 0.3345331 0.4101009 0.03340601 0.3286448 0.4136 0.03153771 0.3464908 0.400512 -0.03290402 0.3449777 0.398938 -0.01449388 0.3370975 0.4057599 -0.07722085 0.3057435 0.4153659 0.1071017 0.2014979 0.358624 0.1596405 0.2166882 0.3624339 -0.04023814 0.180609 0.350184 -0.08554577 0.1739634 0.341381 0.08217632 0.3371334 0.4035779 -0.0320602 0.369883 0.0399509 -0.06368321 0.3349104 0.401312 -0.06221807 0.3216953 0.4113829 -0.03885751 0.3356181 0.406037 0.09122622 0.3166505 0.411641 0.05972158 0.3216024 0.416809 -0.06710129 0.389977 -0.2170886 -0.0916444 0.3735929 0.2646539 -0.09323656 0.3516337 0.3622129 0.02319997 0.3858748 -0.2154999 0.01868301 0.3630613 0.2280699 0.157575 0.3462622 -0.219612 -0.02919977 0.3864748 -0.2179999 -0.1809117 0.3104861 -0.2164992 -0.1615287 0.2526242 0.140262 -0.1680651 0.2759052 0.1409869 0.07346594 0.3096004 0.421003 0.08001059 0.283574 0.5999609 0.06843143 0.3168123 0.6237539 0.07085764 0.3050017 0.6359979 0.0601235 0.2900216 0.664387 0.05905693 0.2463501 0.6774349 0.07177025 0.284429 0.6468399 0.05865424 0.3227059 0.6414009 0.06177586 0.3101618 0.6525669 0.03014308 0.3515222 0.615299 0.04797613 0.3350794 0.634467 0.04859232 0.3415485 0.6026759 0.04286468 0.3012926 0.485403 0.04295951 0.2953737 0.480907 0.03307896 0.3034377 0.4798169 0.02806401 0.3524423 0.594121 0.01567798 0.3565382 0.602947 0.01841872 0.3556638 0.616831 0.07546854 0.1985821 0.6473709 0.06924462 0.1882228 0.6578879 0.07098168 0.1871595 0.653515 0.05638337 0.1915751 0.6832589 0.04426848 0.1876223 0.694729 0.04831629 0.1588085 0.6787039 0.06970131 0.1941518 0.668191 -2.5452e-4 0.1707195 0.697078 0.01101332 0.1585109 0.6939919 0.01565074 0.1747272 0.698789 0.019194 0.3469387 0.6413699 -0.005492091 0.352985 0.6408709 0.02171868 0.3380552 0.6573329 0.01294928 0.235284 0.705315 -0.01117873 0.2280361 0.7053099 0.002283871 0.1968213 0.7056249 0.01502352 0.2893626 0.6931039 -0.01051819 0.2770594 0.700092 0.01810985 0.1969757 0.7088289 0.02748686 0.2147405 0.708337 0.01574051 0.2128409 0.709314 0.04115849 0.2022634 0.6996659 0.04793655 0.2264382 0.6924219 0.04629868 0.1557446 0.6533619 0.03128874 0.1486711 0.6429709 0.0402888 0.1543159 0.644831 0.02142971 0.1366789 0.656717 0.009602367 0.1325457 0.667063 0.01002866 0.1416491 0.6418179 0.05966323 0.3074628 0.5299399 0.05319046 0.2966889 0.506408 0.03844892 0.310541 0.500845 0.03709936 0.3075675 0.483653 0.06363463 0.2679895 0.498292 0.06000167 0.2865839 0.516289 0.06673866 0.2687698 0.515603 0.05946594 0.2612453 0.4900769 0.0659905 0.2477017 0.4993399 0.0801168 0.2732312 0.574559 0.0810554 0.2732336 0.568039 0.07612901 0.304457 0.587798 0.07780545 0.268524 0.5488069 0.0729804 0.2603428 0.529966 0.08079814 0.228873 0.609689 0.08408558 0.248544 0.584553 0.08393251 0.2553535 0.5864929 0.07660675 0.2655947 0.5435909 0.07749891 0.2078983 0.5523299 0.07777774 0.2185174 0.550115 0.0795204 0.1992605 0.577294 0.06268197 0.2121934 0.679819 0.07454401 0.2215252 0.6536249 0.07262367 0.2307561 0.6525669 0.004431605 0.3143741 0.4777429 -0.004556298 0.3248986 0.50032 0.0252915 0.3191967 0.5084879 0.08152067 0.263976 0.606781 -0.007450044 0.3566126 0.5935429 -0.007802069 0.3538185 0.564837 -0.01373028 0.3522155 0.5672649 0.0753476 0.1904315 0.629512 0.07574534 0.1930937 0.621802 0.0751729 0.1927859 0.637106 0.04115921 0.2975362 0.680203 0.03397589 0.2724337 0.6909299 0.03738725 0.2532829 0.6964049 0.04299736 0.3319184 0.649596 0.04137271 0.3213438 0.6669699 0.01236093 0.3271133 0.674251 -0.008344411 0.339106 0.663428 -0.009706854 0.3142388 0.683311 0.05361342 0.2768099 0.4850509 0.05857294 0.3235908 0.5720439 0.06704097 0.3066202 0.553092 -0.006028354 0.3457098 0.5371099 -0.01128071 0.3430989 0.5328809 0.04608476 0.3385991 0.579389 -0.02378988 0.355375 0.6126999 0.06422394 0.3242183 0.6008719 0.03429734 0.3407661 0.651323 0.03155398 0.3060777 0.682117 0.05355733 0.1602755 0.668332 0.08119505 0.2717615 0.5794319 -0.003892838 0.2839582 0.696229 0.03316169 0.2454016 0.698563 0.009902715 0.1418282 0.6861199 0.04938232 0.1980152 0.6893369 0.03568732 0.1506917 0.6834029 6.29089e-4 0.3566039 0.6225549 0.002395868 0.3444749 0.531243 0.0496639 0.2854551 0.4837099 0.06790208 0.2523989 0.5116119 0.07443827 0.2863837 0.5463499 0.08178144 0.2379715 0.5654529 0.07826548 0.2235622 0.5508449 0.07942295 0.2316019 0.554732 0.07621991 0.2089568 0.638191 0.02967339 0.1869482 0.7033019 0.02995419 0.3315546 0.5330269 0.04313725 0.3262788 0.5495089 0.08000296 0.2722898 0.5596349 0.08372002 0.2614948 0.586739 0.08225768 0.2674976 0.583733 0.01860791 0.3115993 0.6839459 0.02324038 0.3452276 0.56194 0.0108031 0.3471053 0.5564139 0.0297473 0.3146974 0.6811459 0.0272293 0.1393707 0.670749 0.06580394 0.1809593 0.637877 0.06083941 0.1752562 0.6409299 0.07762271 0.1990483 0.598342 0.07616096 0.1956195 0.609851 0.05536389 0.1679699 0.641979 0.07687091 0.1968339 0.5534029 -0.02727961 0.314471 0.6801399 -0.08861577 0.2937912 0.6291889 -0.08294361 0.2852637 0.6482719 -0.08052706 0.2986306 0.645675 -0.07553845 0.3212469 0.6182389 -0.06961333 0.3252387 0.630983 -0.06519037 0.3347442 0.6056399 -0.0675162 0.2507467 0.5024469 -0.05216693 0.2864845 0.477929 -0.05543082 0.2720437 0.481097 -0.06062942 0.2523158 0.487365 -0.08351761 0.2659701 0.545133 -0.08253228 0.2876294 0.5507239 -0.07401925 0.2882606 0.531595 -0.08964598 0.2799599 0.5777069 -0.09104388 0.2929609 0.596237 -0.08314251 0.2920929 0.5612799 -0.02606922 0.3359012 0.663268 -0.02530634 0.3494224 0.644393 -0.08685415 0.3014339 0.605956 -0.08959907 0.2936257 0.618827 -0.08578425 0.3018627 0.6226809 -0.05215549 0.1720376 0.6668259 -0.05401378 0.1824945 0.676037 -0.0628463 0.1755202 0.6641389 -0.07216727 0.2029497 0.653732 -0.06547433 0.178452 0.6514469 -0.07849991 0.208988 0.614113 -0.0728659 0.1866202 0.6168829 -0.07222735 0.1881098 0.6350349 -0.06076359 0.1860313 0.669361 -0.07132261 0.2242709 0.6617479 -0.0777623 0.2571062 0.523659 -0.07422888 0.2397338 0.519239 -0.07671904 0.2428892 0.525867 -0.002037346 0.154198 0.689624 -0.04499799 0.3389575 0.641287 -0.05766719 0.3340423 0.640955 -0.04876637 0.3137735 0.6707209 -0.02836602 0.1399689 0.6563209 -0.02669817 0.1462774 0.6423359 -0.01812833 0.1421527 0.6423799 0.001401424 0.1381935 0.6671549 1.43097e-4 0.1411712 0.6407969 -0.086479 0.2533613 0.564261 -0.08634245 0.2533617 0.5698119 -0.0796957 0.2469094 0.5392779 -0.08600056 0.2430779 0.612283 -0.08176296 0.2307209 0.623331 -0.08481198 0.2356737 0.627029 -0.08923566 0.2374112 0.595006 -0.08689695 0.2345234 0.57871 -0.07836621 0.2178031 0.6292349 -0.08517855 0.2282755 0.5773449 -0.07977324 0.2198339 0.563841 -0.06888788 0.1815471 0.574402 -0.06031996 0.3111143 0.5400709 -0.04864442 0.3098766 0.514931 -0.04976934 0.298125 0.485392 -0.0839734 0.2253388 0.574719 -0.08515483 0.252624 0.557326 -0.05580818 0.1736656 0.631657 -0.06079834 0.1770108 0.621333 -0.06787925 0.1816908 0.5961299 -0.07023102 0.2519744 0.672809 -0.0544061 0.2514657 0.691446 -0.05877119 0.2783825 0.681613 -0.06482672 0.3102579 0.6591439 -0.07954031 0.2397721 0.6433129 -0.08458656 0.2675589 0.642859 -0.05776035 0.3229334 0.552573 -0.08708769 0.2516101 0.574018 -0.08781653 0.2472268 0.5773209 -0.08989077 0.2659296 0.5966389 -0.07819485 0.317985 0.611535 -0.03050887 0.3459423 0.5620459 -0.02010381 0.3528587 0.565288 -0.01799654 0.344965 0.5386629 -0.06792104 0.3131176 0.5569409 -0.06276935 0.3200803 0.549755 -0.07972788 0.3195382 0.604188 -0.06855416 0.3293858 0.586653 -0.08176648 0.3109988 0.5948119 -0.07854884 0.3216608 0.587935 -0.07215523 0.3210543 0.578848 -0.04912745 0.3481037 0.604757 -0.05308741 0.3423515 0.58828 -0.08942008 0.286806 0.604837 -0.05282449 0.2168435 0.6888799 -0.04020464 0.2189584 0.6976299 -0.06855738 0.2370822 0.674999 -0.05378639 0.1721943 0.654871 -0.06075984 0.172716 0.646632 -0.04644685 0.1678161 0.6818699 -0.01015371 0.317 0.475964 -0.02580034 0.311671 0.4768039 -0.02914708 0.3175286 0.500186 -0.0527938 0.2041975 0.6834719 -0.02147865 0.2739966 0.698162 -0.01531732 0.1543623 0.688517 -0.02292537 0.3531413 0.5852569 -0.01702255 0.1644766 0.690606 -0.03151834 0.1863287 0.697045 -0.02899158 0.1658314 0.6923419 -0.04422366 0.1613489 0.6742189 -0.02484142 0.209451 0.7062229 -0.02360928 0.1951729 0.708627 -0.00317502 0.1938176 0.7070819 -0.02236813 0.1809571 0.7013049 -0.06320637 0.2385532 0.4936639 -0.04176884 0.1496839 0.673116 -0.02074551 0.142874 0.6800299 -0.03627449 0.1545675 0.684407 -0.01048725 0.1454421 0.6818589 -0.06727975 0.268333 0.5125159 -0.02878046 0.3411145 0.540671 -0.06298637 0.2848222 0.5053949 -0.05429136 0.3414166 0.6239489 -0.03603315 0.349888 0.6250069 -0.07411581 0.2121991 0.5510399 -0.07123249 0.2050891 0.5463289 -0.0880537 0.2409635 0.57949 -0.03534418 0.3050031 0.477852 -0.05298721 0.1799021 0.6820499 -0.03840112 0.1784754 0.6942339 -0.05966961 0.2960881 0.6738449 -0.03954273 0.2980113 0.685324 -0.04953187 0.3346241 0.563288 -0.03903687 0.1498095 0.654814 -0.0340206 0.1523693 0.6443249 -0.05045795 0.1680809 0.642211 -0.04293859 0.160176 0.6446359 -0.05402946 0.1721473 0.637658 -0.01916265 0.1378542 0.6612179 -0.009729385 0.1408886 0.666148 0.01945477 0.2556841 0.701772 0.005858898 0.2892313 0.6955589 -0.003184497 0.2833092 0.698609 0.01295828 0.251955 0.703941 0.02341699 0.2370997 0.705022 0.02964538 0.2420949 0.7021339 0.03733712 0.2293257 0.7012099 0.0389294 0.2350292 0.699032 0.04323095 0.2297729 0.6971669 8.09234e-4 0.2829266 0.6978589 -0.009001374 0.2600342 0.703658 -0.005805552 0.2593278 0.704103 -0.0206049 0.2407895 0.7044979 -0.02321821 0.2316812 0.705318 -0.02444487 0.232239 0.704443 0.02098214 0.2995532 0.6905589 4.21655e-4 0.2970879 0.694062 0.04397022 0.2889062 0.6822159 0.04407268 0.2919808 0.6836029 0.06201809 0.2868546 0.665656 -0.01012462 0.2830452 0.6994009 -0.02938503 0.2659221 0.698798 -0.02478832 0.2612344 0.700871 -0.05813544 0.2481842 0.690921 -0.04707288 0.2489359 0.6960369 -0.004685044 0.2924853 0.694829 -0.00363481 0.3004698 0.691401 -0.01572829 0.2942116 0.6931679 -0.01553112 0.2895318 0.695447 -0.02783215 0.2910472 0.692755 -0.02752584 0.287413 0.693774 -0.03763312 0.2902228 0.6898769 -0.03950786 0.2864808 0.6900299 -0.05495578 0.2927256 0.680494 -0.02067798 0.3095806 0.6851139 -0.03015774 0.3099093 0.683985 -0.03038382 0.3072025 0.687753 -0.03914225 0.3110069 0.679621 -0.0537849 0.3130732 0.673774 -0.05200529 0.3134152 0.671147 -0.006652772 0.3137235 0.6846329 -0.002930045 0.3223558 0.6800519 -0.01508224 0.3213788 0.67921 -0.02765804 0.3180751 0.6792569 -0.0256161 0.3224836 0.676299 -0.03953605 0.3248871 0.6679629 -0.0406416 0.3216764 0.6697179 -0.04573059 0.3265038 0.660281 -0.04689157 0.3238918 0.6626979 0.01597654 0.2822303 0.6962739 0.03207999 0.2680558 0.6947169 0.03271174 0.2714819 0.693439 0.04097872 0.2632105 0.692377 0.04191738 0.2660315 0.691633 0.04867076 0.2625479 0.6866239 0.0235027 0.2765492 0.6950549 0.0255602 0.2682988 0.6963949 0.02730453 0.2708463 0.6951029 0.03299731 0.2589442 0.697372 0.03448259 0.2609948 0.696702 0.04052126 0.2527775 0.6958649 0.0417732 0.2554947 0.693345 0.0481556 0.251044 0.6890969 0.05513381 0.2523424 0.682035 0.05480057 0.2534206 0.682163 0.008104681 0.2489175 0.705051 0.009498357 0.2298805 0.707788 0.01611769 0.2337251 0.7067809 0.01728749 0.2198368 0.7100179 0.02297252 0.2230675 0.7090169 0.02538985 0.2135348 0.710141 0.02830499 0.2176263 0.707096 0.03582084 0.2096856 0.706291 0.03552037 0.2141247 0.705226 0.04451549 0.2117251 0.7010399 0.0300067 0.288349 0.6890799 0.03789865 0.2850408 0.6874219 0.03986799 0.2900565 0.685313 0.0437957 0.2833917 0.684075 0.04873341 0.2855899 0.678824 0.05662745 0.2825279 0.670774 0.03590202 0.3001007 0.6834899 0.04369395 0.2997857 0.6790689 0.04632729 0.3023582 0.6756849 0.0541737 0.299627 0.668579 0.05075848 0.291278 0.6755589 0.06348401 0.2920299 0.6624229 0.05639857 0.2938179 0.669251 0.06527709 0.2940548 0.658335 0.07070511 0.2918359 0.649519 0.04938524 0.2752034 0.676862 0.06371021 0.2731832 0.666335 0.05895662 0.2747099 0.672563 0.06329029 0.2749211 0.6673889 0.07170468 0.2759292 0.6530659 0.06345415 0.2637743 0.669827 0.07000434 0.2644111 0.658476 0.06632298 0.2661302 0.6648749 0.07337117 0.2668554 0.649931 0.07090562 0.2686188 0.655638 0.07607537 0.2725182 0.639974 0.04543995 0.2584391 0.689889 0.05115598 0.2571957 0.684935 0.05118077 0.2587828 0.684444 0.05942934 0.2579098 0.677706 0.0637775 0.2610043 0.6700959 0.06336176 0.2618838 0.6704329 0.06303399 0.2709193 0.6687039 0.07157266 0.2731294 0.6540639 0.07108217 0.274824 0.654439 0.0757547 0.2813839 0.6387559 0.07550436 0.2825024 0.639385 0.06163179 0.2812711 0.667699 0.06746882 0.2827622 0.6612179 0.06794285 0.2865892 0.6578089 0.05946516 0.282974 0.668963 0.04471731 0.2818849 0.6837159 0.04510241 0.2803224 0.6838169 -0.01961833 0.2940188 0.692552 -0.04307198 0.2971593 0.685094 -0.04068607 0.286316 0.6895999 -0.06040245 0.3025045 0.6721979 -0.06160467 0.2923908 0.675743 -0.06836622 0.3020121 0.6629479 -0.07033306 0.294743 0.6625619 -0.07359141 0.2977674 0.654702 -0.08320385 0.2957524 0.644274 -0.03298187 0.2840709 0.6930549 -0.0540542 0.2866564 0.682931 -0.05612546 0.2801275 0.684776 -0.06820815 0.28785 0.669992 -0.07417964 0.2824172 0.664009 -0.08194625 0.2863428 0.6534389 -0.04372835 0.2797086 0.689678 -0.03371012 0.2809457 0.693942 -0.05504053 0.2665278 0.6907159 -0.05462998 0.268064 0.686924 -0.06991297 0.2670043 0.672172 -0.07634681 0.2648169 0.663911 -0.07620489 0.2635453 0.664289 -0.03005802 0.2777654 0.695946 -0.05040776 0.261637 0.692397 -0.04902249 0.2680683 0.690972 -0.05534267 0.2665443 0.688908 -0.06838715 0.255627 0.678332 -0.06741124 0.2620743 0.6777879 -0.07336467 0.2604874 0.669868 -0.07819271 0.2615751 0.6606289 -0.07824307 0.2579016 0.6600349 -2.64691e-4 0.2581014 0.704901 0.002621412 0.2302423 0.707142 0.008667528 0.2318742 0.707346 0.005398929 0.2211364 0.707953 0.01175361 0.21538 0.7100339 0.009310722 0.2134025 0.709224 0.01235634 0.2104849 0.710091 -0.007340252 0.2621483 0.703692 -0.008398294 0.2478908 0.7051729 -0.00167483 0.2488996 0.7054349 -0.008215665 0.2299553 0.706805 -0.001015782 0.2329249 0.70687 -0.007095634 0.2204385 0.7073859 0.001322031 0.2254823 0.7080129 -0.001258254 0.2133606 0.709083 0.009621381 0.2052256 0.7097329 0.01017946 0.2100375 0.7105869 0.0175637 0.2021592 0.710737 -0.02805536 0.2618014 0.69993 -0.04090631 0.2407728 0.699878 -0.02736794 0.2444895 0.7025449 -0.04656523 0.2310667 0.696473 -0.04952669 0.2185423 0.693726 -0.05011767 0.2202404 0.6928669 -0.03105998 0.2557071 0.7000799 -0.04308915 0.2428922 0.698416 -0.03860682 0.2378764 0.7001519 -0.05289 0.2358596 0.692987 -0.05052781 0.2310513 0.6939399 -0.06123054 0.2315511 0.684744 -0.06087297 0.2269331 0.684418 -0.06867873 0.2293748 0.675005 -0.0348913 0.2694795 0.693427 -0.04549098 0.2742468 0.689531 -0.0584563 0.2732371 0.684585 -0.08024543 0.2738941 0.6570929 -0.07723009 0.2706865 0.662503 -0.06725597 0.2997714 0.665417 -0.07397526 0.3043759 0.653973 -0.07066214 0.2931113 0.6651909 -0.08045136 0.3153792 0.6277859 -0.08289974 0.3098021 0.6299399 -0.0809431 0.2614789 0.654431 -0.08417022 0.2685483 0.649212 -0.0871517 0.2717029 0.6448089 -0.08596187 0.2741011 0.6461309 -0.08886557 0.2834196 0.637205 -0.09174913 0.2950729 0.62901 -0.09177976 0.2937321 0.628585 -0.07806825 0.2613067 0.660949 -0.07713162 0.2606294 0.6629219 -0.08269613 0.2769318 0.6527519 -0.0884549 0.2905702 0.639753 -0.08663153 0.2851517 0.6406679 -0.06186395 0.3102962 0.6654919 -0.06566464 0.31711 0.654482 -0.06813138 0.3160964 0.6549929 -0.06923717 0.3260952 0.636362 -0.07148146 0.3268057 0.619957 -0.07367253 0.3283708 0.622376 -0.08879548 0.2801941 0.6340649 -0.08854985 0.2792699 0.636632 -0.0895906 0.2983176 0.625989 -0.08602494 0.3061605 0.615999 -0.08820748 0.3024427 0.61557 -0.08120995 0.3201062 0.6006639 -0.01763629 0.260948 0.702222 -0.01707357 0.2258908 0.706628 -0.01096689 0.2259999 0.7074159 -0.01919436 0.2083249 0.7090869 -0.01494169 0.208046 0.7095419 -0.02266448 0.1986202 0.7088269 -0.01983106 0.1958601 0.7093769 -0.02814942 0.1909905 0.706779 -0.02880418 0.3276223 0.6751779 -0.02865999 0.3305902 0.669439 -0.03416079 0.3321903 0.663379 -0.04458612 0.336905 0.6539749 -0.04103565 0.3359984 0.653077 -0.08381581 0.2469143 0.637833 -0.08336442 0.246237 0.639089 -0.08543789 0.2568829 0.639014 -0.08724915 0.2617644 0.632918 -0.08770161 0.2647799 0.6355829 -0.08940201 0.2866753 0.628601 -0.09042894 0.2772447 0.6281049 -0.08411902 0.2386565 0.636992 -0.08734548 0.2573269 0.6278399 -0.08580189 0.2495195 0.629321 -0.06341618 0.243986 0.6848699 -0.0515142 0.2575741 0.693548 -0.0685755 0.249149 0.678882 -0.07434451 0.247144 0.667992 -0.07331287 0.2425667 0.6686879 0.01383489 0.3151438 0.684922 0.03532075 0.3185921 0.6751989 0.03005421 0.324154 0.6740079 0.04067891 0.3202578 0.670668 0.03761398 0.3242606 0.669438 0.04526937 0.3232272 0.6625309 0.04380995 0.3253652 0.6623609 -0.00122869 0.3234269 0.6794449 0.01346975 0.3294935 0.6737629 -0.008302748 0.3262044 0.6769029 0.0215891 0.3322651 0.6678569 0.01956081 0.3345211 0.6657579 0.02465826 0.3368229 0.660582 -0.02147078 0.3329848 0.670121 -0.01470917 0.3297213 0.673034 -0.006706058 0.3442126 0.660281 -0.004460752 0.3475337 0.6542109 -0.0149663 0.3431169 0.660219 -1.66453e-4 0.3510435 0.6472349 -0.003345251 0.351563 0.647002 -0.0749343 0.2357658 0.6606929 -0.0803827 0.2470456 0.6534909 -0.07842123 0.2342149 0.6576079 -0.08421862 0.2565959 0.6474509 -0.07609212 0.2311568 0.657324 -0.07337123 0.2282794 0.6627879 -0.06877231 0.2280927 0.6718409 -0.07594203 0.2211405 0.6613299 -0.07353371 0.2264263 0.6613079 -0.07708615 0.2352184 0.651354 -0.08278447 0.247494 0.6420419 -0.08599925 0.2411494 0.6402769 -0.07565534 0.2215429 0.6519469 -0.06741619 0.2193356 0.668785 -0.05503195 0.2058311 0.6844109 -0.05414503 0.2156172 0.6895789 -0.06217813 0.214468 0.6793749 -0.06724673 0.2186312 0.6730599 -0.06900691 0.2087163 0.666052 -0.06950187 0.2222005 0.669776 -0.07182222 0.2140192 0.660847 -0.05023217 0.2107076 0.690602 -0.0445137 0.2206954 0.696131 -0.04576057 0.2212017 0.695259 -0.03332602 0.2148036 0.703646 -0.03548508 0.2088712 0.70151 -0.03321552 0.2064062 0.7030269 -0.03981935 0.20232 0.6967319 -0.03775024 0.1999135 0.6979389 -0.04536074 0.1977573 0.690499 -0.02895355 0.2148437 0.705791 -0.0261529 0.2235273 0.7054859 -0.0319575 0.2227377 0.703738 -0.02373468 0.2356349 0.704171 -0.02695083 0.234825 0.703712 0.0500009 0.2511544 0.6873469 0.04938757 0.2493266 0.688334 0.05620765 0.2470331 0.6805689 0.05633193 0.2486318 0.6800809 0.06131201 0.2473551 0.6755699 0.06195163 0.2488695 0.6738089 0.06900727 0.2503941 0.662674 0.0609613 0.241334 0.6788449 0.06863135 0.2445604 0.6644739 0.06666928 0.2453188 0.668855 0.07179582 0.2481343 0.6569619 0.07143127 0.2493458 0.6576829 0.07407337 0.2529277 0.651961 -0.02795422 0.340278 0.659828 -0.02647346 0.3390133 0.6616609 -0.020787 0.3482493 0.651133 -0.01270014 0.3538379 0.6385189 -0.02098202 0.3516886 0.644131 -0.01024246 0.3431063 0.660589 0.01350116 0.3345922 0.6668129 0.01189547 0.3415323 0.6596949 0.02412253 0.3347301 0.6636899 0.02220094 0.3382722 0.659316 0.03534054 0.3407928 0.653788 0.06153845 0.2338635 0.6792909 0.06740939 0.2339791 0.6698539 0.06668305 0.2365548 0.6704849 0.07052499 0.2364314 0.6626999 0.07009124 0.2391304 0.6631329 0.0723347 0.2403089 0.6566249 0.06369841 0.2285175 0.6818349 0.04991036 0.2281939 0.692972 0.06492203 0.2259906 0.6743389 0.07114046 0.2304634 0.662699 0.07327711 0.232038 0.664632 0.07462835 0.2369666 0.653999 0.06323677 0.2325338 0.6760399 0.04985958 0.2328359 0.6915959 0.06959086 0.2911943 0.6527259 0.07219582 0.2956108 0.643775 0.07010215 0.2972769 0.6500239 0.0731703 0.3058059 0.627733 0.04815816 0.3141406 0.666752 0.05529493 0.3153386 0.658194 0.05515933 0.322817 0.6567489 0.06315767 0.3185772 0.642735 0.06725341 0.3177227 0.632394 0.06737744 0.3239279 0.626141 0.06930226 0.3177906 0.622937 0.06924307 0.3200687 0.610778 -0.0767613 0.2226189 0.644925 -0.08070421 0.2310217 0.6375389 -0.08218431 0.2207016 0.6332699 -0.07420212 0.2053345 0.648739 -0.07206559 0.1982112 0.653525 -0.07047206 0.2035765 0.6606859 -0.06956547 0.1932179 0.6578 -0.03508514 0.3463373 0.6440619 -0.02858603 0.3510726 0.6396929 -0.02880698 0.3525691 0.636102 -0.01628983 0.3540654 0.6283959 -0.03535485 0.3496716 0.6358119 -0.019432 0.3567671 0.6254109 -0.033522 0.3516193 0.6310179 -0.007932901 0.3562198 0.619728 -0.01115328 0.3557323 0.6179479 -0.01050913 0.352339 0.6470159 0.005970001 0.3519101 0.6391569 -0.00296849 0.3550074 0.638894 0.005067706 0.352576 0.632486 0.01439917 0.3528723 0.6325729 -0.011177 0.3527128 0.644576 -0.01701176 0.3513467 0.6466689 -0.01609069 0.3509326 0.648026 0.003394663 0.3484158 0.6502069 0.01267933 0.3471348 0.647676 0.01342988 0.3507134 0.6393349 0.02170562 0.3477339 0.642249 0.02885264 0.3493838 0.635147 -0.008314073 0.3492975 0.654292 -0.01091647 0.3463769 0.6559709 -0.01598066 0.3469063 0.654573 0.03277897 0.3497701 0.6256319 0.02901339 0.3522272 0.623565 0.04611456 0.3429288 0.6167359 0.05304467 0.338033 0.6109649 0.04695755 0.3440105 0.6063799 0.05058026 0.3415036 0.60073 0.05789881 0.333673 0.601013 0.05927252 0.3313636 0.593573 0.05552172 0.3337158 0.5914129 -0.006943166 0.1943678 0.710783 -0.01620924 0.1921249 0.707304 -0.01856482 0.1860868 0.705467 -0.02382099 0.179715 0.700449 -0.02523291 0.1682772 0.695885 -0.03301429 0.1743634 0.694943 -0.001734972 0.1899664 0.708247 -0.003667891 0.2068378 0.707673 -0.04374146 0.1597769 0.674897 -0.0495609 0.1650205 0.6730989 -0.04882723 0.1655276 0.666732 -0.05709993 0.1754584 0.666737 -0.05883961 0.1762928 0.663927 -0.04243469 0.1559785 0.6647199 -0.03297096 0.1459729 0.655888 -0.03438746 0.1526701 0.6726869 -0.01807892 0.1450407 0.6732539 -0.01910942 0.1557525 0.6871389 -0.03655636 0.1458055 0.65323 -0.01737177 0.1446228 0.663379 0.07434338 0.2112194 0.6597599 0.0758742 0.2186738 0.650661 0.07676851 0.2368717 0.6421529 0.07707995 0.2531232 0.641626 0.07666701 0.2454045 0.640841 0.07316499 0.2556666 0.647156 0.07698845 0.2453699 0.636344 0.07823652 0.2640393 0.629236 0.07638949 0.2684209 0.634764 0.07801407 0.2722502 0.628528 0.07713353 0.2808991 0.630207 0.06734478 0.246129 0.6591359 0.07433545 0.2380653 0.6440909 0.08387386 0.211098 0.627906 0.08244317 0.233206 0.6099579 0.08417534 0.2451199 0.6182339 0.08372163 0.2445808 0.605441 0.08456307 0.2566863 0.598864 0.07748246 0.2127274 0.6509529 0.06770783 0.1819403 0.6645199 0.06845575 0.180321 0.654715 -0.08283889 0.2246175 0.620999 -0.08246666 0.2250517 0.6240929 -0.08842504 0.2530063 0.619653 -0.09048652 0.2714669 0.614967 -0.09099662 0.2813731 0.616288 0.08094692 0.2805085 0.609411 0.08370941 0.2728665 0.596208 0.07632303 0.2807375 0.5923109 0.08094358 0.2868259 0.588614 0.07368159 0.2911083 0.597166 0.07889461 0.2944141 0.581692 0.07910972 0.2973003 0.5838579 0.06688988 0.2696416 0.618794 0.07423281 0.2612817 0.603176 0.07795488 0.2846838 0.624108 0.08121865 0.2746465 0.610356 0.07952064 0.2931312 0.607201 0.06419479 0.2716439 0.632021 0.07164353 0.2639424 0.61707 0.0442996 0.1651276 0.689577 0.02569139 0.1575644 0.691602 0.03721898 0.1474431 0.682033 0.01854979 0.1474981 0.6908419 0.0230543 0.1406486 0.6806569 0.003538787 0.1413797 0.683988 0.007835328 0.1388643 0.677457 0.05431813 0.1618925 0.670941 0.05968666 0.1680101 0.664954 0.05132365 0.1709357 0.6827539 0.06218439 0.1738276 0.666206 0.0606296 0.1748453 0.671008 -0.09120053 0.2759735 0.582717 -0.09089702 0.283154 0.573916 -0.09313511 0.2769263 0.577068 -0.0871765 0.2841272 0.564744 -0.08627533 0.2804408 0.556829 -0.08512872 0.278962 0.5521779 0.06883198 0.3185583 0.5867999 0.0707854 0.3138231 0.5798179 0.06821417 0.3163069 0.5751729 0.07202398 0.3096904 0.572938 0.07396334 0.3002753 0.5632609 0.07276481 0.3027003 0.562415 -0.08601534 0.2955576 0.576255 -0.0702582 0.2905977 0.581962 -0.07223057 0.3051643 0.571545 -0.07157975 0.3111031 0.5618069 -0.08002197 0.2985016 0.556778 -0.06932449 0.3112596 0.55175 -0.06983834 0.3069539 0.5450389 -0.07164704 0.3005251 0.5384729 0.04108685 0.3467197 0.5910009 0.04337579 0.3445072 0.5866929 0.03274911 0.3518325 0.5886439 0.04905939 0.3390865 0.582778 0.05154883 0.334632 0.5719559 -0.01756173 0.3549147 0.5771979 0.001358926 0.3543565 0.562107 -0.0132994 0.3566358 0.5641099 0.01749444 0.3421077 0.5426929 0.0135203 0.3434528 0.538832 0.07938969 0.2505296 0.628369 0.08506011 0.2732042 0.596946 0.07951617 0.2754514 0.6218799 0.07061272 0.1837251 0.6451699 0.07492226 0.2409771 0.647947 0.06885671 0.2335677 0.6680019 0.02393984 0.2800385 0.6944469 0.03913289 0.2735831 0.6907619 0.04067116 0.2813079 0.687024 0.05036658 0.2714198 0.682361 0.05268841 0.2753888 0.679207 0.06178921 0.2716092 0.671227 0.007388949 0.2895054 0.695387 0.0107432 0.2951032 0.693239 0.001379132 0.3026031 0.6902399 0.04982173 0.2922202 0.676276 0.06373649 0.2908558 0.663574 -0.00861901 0.1724534 0.6992539 -0.0485835 0.1698012 0.682645 -0.04401606 0.1649672 0.6844989 -0.01141405 0.1995841 0.7095389 -0.006178379 0.2112949 0.7076099 -0.08322238 0.2600684 0.6421089 -0.07302254 0.3238763 0.631205 -0.07413756 0.3284085 0.609797 -0.07533943 0.3249426 0.612405 -0.02234947 0.3198146 0.679163 -0.009782493 0.322915 0.677954 -0.03738057 0.3250884 0.668636 0.004126012 0.3069608 0.6885769 0.007547736 0.3180828 0.6823789 -0.00807631 0.3129888 0.686908 -0.009891152 0.2995714 0.6920499 -0.03739261 0.3052194 0.684605 0.05456382 0.3276392 0.644056 0.06142461 0.3276023 0.625845 0.06546944 0.3279321 0.607646 0.03585964 0.3509822 0.5982039 0.04241669 0.347777 0.5981079 0.03669869 0.3447257 0.575038 -0.02655237 0.3514824 0.5727359 -0.01794886 0.3510523 0.5592669 -0.00360769 0.3513682 0.5480889 -0.09104496 0.2610321 0.587184 -0.09092569 0.2616202 0.5923489 -0.08835321 0.2758353 0.5666829 -0.08722412 0.2737405 0.559924 -0.08739674 0.2680581 0.5516629 0.03587895 0.2009263 0.7054559 0.06238102 0.2522751 0.4948709 0.07165396 0.2564504 0.522293 0.0836516 0.2451175 0.580799 0.01844817 0.3098032 0.479229 0.07009404 0.1855269 0.633302 -0.08222728 0.2500296 0.545918 -0.06526082 0.2327158 0.497895 -0.06959807 0.2008062 0.545725 -0.06713032 0.18992 0.5481559 -0.06613129 0.179185 0.607737 -0.04481798 0.2966173 0.477721 -0.06451588 0.179846 0.549009 0.0438404 0.2324225 0.6964339 0.00880748 0.2790674 0.6985409 -0.003922462 0.2764648 0.700279 -0.03708308 0.2550864 0.698216 -0.05730575 0.2438625 0.6904819 -0.0563842 0.2908623 0.6801699 0.0184682 0.2849245 0.6944729 0.05353951 0.2651017 0.6809529 0.05954355 0.2663002 0.6749619 0.02655035 0.2775189 0.6934949 0.0477246 0.2538956 0.6887199 0.05994009 0.2545237 0.6753099 0.01577579 0.2490434 0.7038909 0.0306496 0.2924924 0.6879629 0.03533643 0.301529 0.6831899 0.05406242 0.3015816 0.6677619 0.06306046 0.2981678 0.662519 0.05027598 0.2927466 0.6757599 0.07058006 0.2929207 0.6493529 0.07137781 0.2769959 0.652995 0.06302094 0.265657 0.6701059 0.07646536 0.2773625 0.6376059 0.04524827 0.260113 0.689587 0.05710786 0.2588971 0.678486 0.06262743 0.272598 0.668895 0.07276105 0.2909629 0.646914 -0.02054727 0.2857716 0.6963999 -0.08263474 0.2847145 0.6516459 -0.06517344 0.2647933 0.68001 -0.07259869 0.2649359 0.6700859 -0.02954846 0.2795107 0.695462 -0.05513322 0.2584752 0.6910199 -0.0740602 0.2546198 0.6692779 0.01055574 0.2584429 0.702683 0.00907278 0.2449236 0.705511 0.01438963 0.2110594 0.710626 -9.47091e-4 0.2635717 0.7031169 0.01904368 0.2032465 0.7108229 -0.01694494 0.2646127 0.7014339 -0.03534615 0.237321 0.7012919 -0.02506333 0.2522976 0.7020739 -0.06808471 0.2270025 0.674658 -0.05837839 0.268088 0.6853039 -0.08036708 0.2730773 0.6565939 -0.03472441 0.2732915 0.694446 -0.07760429 0.30071 0.650381 -0.08111715 0.2596243 0.6541309 -0.08883327 0.2818156 0.6354749 -0.08427476 0.2753275 0.6499029 -0.08331769 0.3025155 0.6293379 -0.0641728 0.3083636 0.666081 -0.09210097 0.2934235 0.6241989 -0.08085173 0.3186412 0.597453 -0.008722245 0.2662817 0.70301 -0.02588856 0.1891704 0.7056539 -0.09221285 0.293376 0.6235799 -0.08426445 0.237567 0.635947 -0.08829963 0.2600787 0.6258099 -0.05162429 0.250547 0.6931909 -0.06788218 0.2420381 0.679318 0.007862925 0.3192228 0.6822859 0.01999956 0.3220653 0.679011 0.008640289 0.3340656 0.6694369 0.02363348 0.3382055 0.658765 -0.06084734 0.2037945 0.677122 -0.04435873 0.1944407 0.6904199 -0.05359566 0.1968395 0.6800729 0.0601921 0.2434843 0.6791979 -0.01837766 0.3548153 0.636706 -0.008932173 0.3479814 0.653639 0.03289949 0.3422138 0.6520239 0.06077247 0.2360081 0.679544 0.07246088 0.2459802 0.6512979 0.06524211 0.2943522 0.658317 0.0722146 0.3052875 0.635912 0.04053223 0.3186857 0.6705289 -0.07706475 0.2130853 0.640402 -0.06686228 0.195185 0.6649909 -0.03568059 0.3466594 0.6422199 -0.02140522 0.355935 0.627824 -0.01268446 0.3576322 0.6249799 -0.03619033 0.3491699 0.6347439 -0.02244859 0.3566637 0.621936 0.01024621 0.355 0.627505 0.0213868 0.3533676 0.628863 -0.003631711 0.347331 0.654249 -0.01628649 0.3457548 0.656132 0.0427066 0.3451086 0.617703 -0.02803969 0.1499392 0.673551 -0.03861415 0.1617215 0.6853609 -0.01831454 0.1461192 0.650034 0.07218575 0.2289196 0.660378 0.06682914 0.2192574 0.6740509 -0.08746874 0.2430371 0.6176909 -0.08972162 0.2618446 0.616416 -0.091138 0.2811705 0.614892 0.07720708 0.2946564 0.6187029 0.07674294 0.3003767 0.614152 0.04568284 0.1557909 0.678525 0.06595069 0.3220316 0.5848039 0.0701785 0.3097668 0.567403 -0.08245825 0.3009259 0.5697509 -0.07763129 0.2923116 0.5427179 0.07608014 0.2542081 0.642424 0.07328522 0.2395785 0.654393 0.06176257 0.2728635 0.669954 0.04074507 0.2950886 0.6829319 -0.003456473 0.1814854 0.703416 -0.02093964 0.1641122 0.692114 -0.07917708 0.2294141 0.643533 -0.08385646 0.2372805 0.637079 -0.07950896 0.240211 0.6502819 -0.07291471 0.3257889 0.619952 -0.04079073 0.3274844 0.662856 -0.04405117 0.3344722 0.652064 -0.02092343 0.2996481 0.6897819 -0.05262064 0.3106184 0.6727899 0.0327115 0.3483868 0.5799099 0.04604768 0.3355721 0.5673469 -0.01131147 0.3508388 0.552881 -0.09057676 0.2707598 0.5787259 -0.08985817 0.2753998 0.572371 0.02564465 0.1604697 0.575666 0.02443939 0.1709747 0.5764489 0.03335821 0.1732174 0.5678929 0.03510624 0.1614344 0.598323 0.02535474 0.1604174 0.5889039 0.03705161 0.1493531 0.584981 0.03300046 0.1723573 0.597494 0.02425873 0.1706907 0.588686 0.05445241 0.1776699 0.5770439 0.05417263 0.1773742 0.589278 0.0581355 0.1636285 0.588807 0.05210369 0.154021 0.577541 0.05777865 0.1677021 0.576481 0.04678088 0.1504697 0.586195 0.04855006 0.1646466 0.5984399 0.04405623 0.1524479 0.592608 0.04882264 0.1588849 0.569207 0.0391156 0.1500664 0.5763869 0.03545171 0.1625423 0.566425 0.04612749 0.1761614 0.567271 0.04536777 0.1750383 0.5977429 -0.01706767 0.1672042 0.5665929 -0.008317649 0.1670684 0.5756049 -0.006979346 0.1565788 0.574826 -0.02382564 0.1443536 0.5908599 -0.02567988 0.1418285 0.584327 -0.01591199 0.1430373 0.5836159 -0.01754009 0.1551558 0.596967 -0.01802086 0.1662731 0.5961789 -0.007357358 0.1565167 0.588061 -0.03905403 0.1665194 0.5746349 -0.0399118 0.1560535 0.573965 -0.03992635 0.1519347 0.5862799 -0.03124314 0.1440829 0.575393 -0.03135031 0.1551179 0.596381 -0.03066813 0.1659712 0.595784 -0.03933382 0.1662236 0.586869 -0.01764696 0.1432978 0.574924 -0.02877694 0.1496308 0.567207 -0.008696794 0.1667608 0.5878359 -0.03012251 0.1670686 0.565306 -0.01651614 0.1563457 0.565086 0.05258357 0.1460247 0.6001309 0.06241297 0.1539956 0.601354 0.06675195 0.160021 0.6029719 0.06766176 0.1656596 0.600003 0.03664231 0.1396865 0.5979179 0.04470419 0.1393446 0.604196 0.02838981 0.133882 0.601159 0.0238263 0.1354089 0.6045499 0.02065581 0.1355751 0.599749 0.04508662 0.1419993 0.607754 0.05915498 0.1539553 0.6081729 0.02887505 0.1388048 0.5961999 0.0222699 0.1373293 0.594275 -0.04816335 0.1463116 0.599999 -0.04275274 0.1419545 0.598686 -0.03108823 0.1360915 0.5979949 -0.05021697 0.1516003 0.596967 -0.021963 0.1313943 0.602479 -0.01389688 0.1336595 0.596615 -0.004690051 0.1299372 0.6003059 7.901e-4 0.1347676 0.593722 0.002490878 0.133409 0.599281 -7.90882e-4 0.1324736 0.603915 -0.02314007 0.1338634 0.605997 -0.03962832 0.1421777 0.6056279 -0.05776226 0.1603225 0.5943309 -0.05738848 0.1599804 0.5912279 0.07294356 0.1755219 0.594585 0.07307028 0.1759242 0.5977019 -0.006068408 0.1346375 0.595299 0.03026068 0.1762385 0.511349 0.02696537 0.1783626 0.5049939 0.0270763 0.1686363 0.504496 0.03738474 0.163489 0.5106119 0.03448873 0.1574922 0.5091879 0.03557914 0.1564668 0.506295 0.03750604 0.1745182 0.5088919 0.03754127 0.1734496 0.513071 0.0395357 0.1686404 0.509656 0.03751945 0.1650094 0.5075979 0.03147703 0.1817712 0.514092 0.02950358 0.1816624 0.510324 0.02974849 0.1736505 0.5113759 0.03358703 0.1738815 0.5131799 0.01318621 0.1440556 0.4929019 0.0169903 0.1454568 0.492836 0.01732987 0.1409286 0.501714 0.02691507 0.1546784 0.4970399 0.03156256 0.1483065 0.5042479 0.02551996 0.1508498 0.4953079 0.03065919 0.1615425 0.499102 0.03222638 0.1512362 0.505605 0.03336179 0.1593202 0.5044019 0.03258782 0.1664941 0.500927 0.03494352 0.17328 0.5026929 0.03427338 0.1767275 0.503335 0.03416174 0.1847553 0.5053849 0.03874218 0.1825389 0.510754 0.01528131 0.1545089 0.500453 0.01201021 0.1541998 0.4982059 0.01490026 0.1491072 0.498153 0.02088737 0.1547601 0.49952 0.02187711 0.1629967 0.5007919 0.03057152 0.180083 0.500036 0.0225141 0.1828836 0.4960289 0.01987028 0.1741946 0.498788 0.02343302 0.154866 0.5019039 0.02545166 0.1615183 0.501908 0.0277158 0.1670588 0.5019189 0.02663648 0.1572317 0.5062089 0.03061568 0.1808953 0.5057609 0.02982294 0.162688 0.50989 0.02115833 0.1416378 0.5033389 0.01921731 0.1464692 0.493766 0.02288585 0.1488443 0.4947989 0.02643162 0.1453565 0.5049009 0.01272106 0.1406615 0.5028809 0.02934175 0.1520935 0.506879 0.02929466 0.1956033 0.508541 0.03040999 0.2090886 0.4962549 0.03137797 0.1917695 0.502546 0.01337856 0.1457624 0.5036019 0.01783698 0.1475118 0.5043739 0.02996915 0.1596882 0.5095409 0.03825181 0.1822087 0.514388 0.03021776 0.1672056 0.5109129 0.02372288 0.1478088 0.5055549 0.02482944 0.1518166 0.504471 0.03491151 0.1915806 0.507265 0.03934288 0.1919718 0.514897 0.039411 0.1889365 0.51541 0.02939254 0.1991494 0.493622 0.02117764 0.1979122 0.4893409 0.03779631 0.1963286 0.5179869 0.03504943 0.1936145 0.520304 0.03182816 0.190306 0.5153749 0.02532303 0.1898865 0.509355 0.03779596 0.198118 0.511094 0.03789001 0.2008494 0.514349 0.02075099 0.2118512 0.485029 0.02204889 0.1410876 0.522044 0.03000181 0.1449882 0.5164199 0.02712196 0.1458657 0.522532 0.01793777 0.1388477 0.5158279 0.02181684 0.1408724 0.514233 0.02634292 0.1413712 0.516577 0.01310008 0.1420336 0.515275 0.01053804 0.1442196 0.517533 0.01644915 0.1450258 0.5169599 0.03194046 0.1795902 0.5228039 0.03059089 0.169301 0.5212599 0.02856194 0.1732105 0.525015 0.02056694 0.1390264 0.525123 0.01306033 0.1389437 0.5211879 0.02293682 0.1397371 0.524661 0.03051608 0.1519604 0.524421 0.02934354 0.1465927 0.526187 0.03442019 0.1554429 0.5265089 0.03168928 0.1574333 0.524221 0.0355519 0.1637477 0.519984 0.03149306 0.164151 0.530219 0.03889632 0.1674408 0.520829 0.03244251 0.168076 0.5299649 0.03703939 0.1725898 0.520836 0.03695154 0.1769069 0.5232259 0.03228145 0.1791763 0.5320009 0.036722 0.1807793 0.5229609 0.02952826 0.1641282 0.521717 0.02275425 0.1706264 0.5281539 0.02400827 0.1817744 0.5295769 0.01646041 0.1464272 0.520621 0.03026789 0.1589075 0.5189769 0.02157801 0.1538385 0.523646 0.02349627 0.1595594 0.525339 0.01640254 0.1378291 0.52428 0.01328921 0.1364068 0.5240439 0.01326835 0.1386716 0.5143509 0.03147011 0.1470159 0.5186839 0.03522419 0.1540577 0.518716 0.02775275 0.1547838 0.519136 0.03341788 0.1512467 0.518132 0.02803468 0.151639 0.5172559 0.0303812 0.1638029 0.5198979 0.03734183 0.1597323 0.520093 0.03720182 0.1839218 0.5232229 0.03625112 0.1905934 0.523011 0.03570759 0.1903712 0.527188 0.02279454 0.1477913 0.516629 0.03032904 0.1835387 0.5239029 0.03028082 0.1855178 0.5253359 0.02335005 0.1909648 0.528386 0.02892494 0.1905609 0.5256809 0.01789546 0.2047516 0.52157 0.0183435 0.2065784 0.518845 0.02783811 0.2068222 0.516307 0.03824579 0.1936137 0.5240309 0.03928762 0.199063 0.527023 0.02770978 0.211032 0.4908869 0.01736462 0.1632378 0.527612 0.0408203 0.1913042 0.530823 -0.007824361 0.1980369 0.522121 -0.009654939 0.1870995 0.5274429 -0.01698708 0.2014771 0.515152 0.01782333 0.1991701 0.523929 0.01638644 0.2018198 0.5198389 -0.02121412 0.1751171 0.512856 -0.01840394 0.1678516 0.5074519 -0.01839929 0.1667791 0.5116299 -0.0121597 0.150774 0.505065 -0.01148945 0.1520099 0.508003 -0.01578176 0.1571491 0.5092419 -0.01611679 0.158613 0.5062159 -0.01903176 0.1616566 0.508147 -0.01466959 0.1681266 0.5119369 -0.01079636 0.1688151 0.5103309 -0.01190024 0.1712112 0.5102619 -0.00971353 0.1624441 0.5098829 -0.006674528 0.1646108 0.503627 0.008537828 0.1398551 0.501467 0.005755484 0.1396718 0.502762 0.006820917 0.1448162 0.4933319 -6.5221e-4 0.1416827 0.5037019 0.002519965 0.1463721 0.4942429 -5.1905e-4 0.147746 0.4946369 -0.006239533 0.143799 0.503274 -0.002855122 0.1511236 0.496272 -0.007641315 0.1464823 0.504578 -0.008211255 0.1569066 0.4980999 -0.01058202 0.1540769 0.5032699 -0.01531052 0.1672835 0.5013969 -0.02158367 0.1753449 0.5092009 -0.01738548 0.1786088 0.5040569 0.00973916 0.1487223 0.4979349 0.00505954 0.1513948 0.499159 -0.003293693 0.1580904 0.5011669 -0.007116556 0.1635773 0.5010109 -0.008878052 0.1740881 0.504071 -0.01253163 0.1749445 0.498925 -0.008216559 0.1581517 0.50891 -0.007636189 0.1552039 0.508572 0.010962 0.1466114 0.502667 -0.01305556 0.1756875 0.5046359 -0.01238805 0.176667 0.509244 -0.00447607 0.1744011 0.4978449 -0.0161876 0.1860975 0.5013199 -0.01899856 0.2031967 0.494982 -0.01537066 0.1902769 0.5073899 -0.00510782 0.1479847 0.505991 0.007263541 0.1462509 0.504102 -0.007782578 0.1903372 0.490539 -0.02459353 0.1843469 0.513251 -0.02397239 0.1813771 0.5137769 -0.01554167 0.1937916 0.492464 -0.01452028 0.1762863 0.5129069 -0.01693207 0.1844915 0.5141189 0.01617455 0.201828 0.484623 -0.02108663 0.1869202 0.518858 -0.02427303 0.1889272 0.5163879 0.001420438 0.1451494 0.5049809 2.2801e-4 0.1521 0.5013069 -5.3998e-4 0.1487914 0.503817 -0.003655374 0.1536195 0.5054299 -0.01021331 0.1856487 0.508439 -0.02524167 0.1933211 0.512723 -0.02434325 0.1907081 0.509494 -0.01006311 0.2082246 0.484865 -0.002283871 0.1423591 0.5217739 -0.004562437 0.1408662 0.5155289 0.003788352 0.1389099 0.521573 -0.007106184 0.1474738 0.5234519 -0.006579399 0.1424783 0.5177029 -1.69738e-4 0.1382099 0.5158939 0.004459202 0.1388026 0.513786 0.008620619 0.1377366 0.515587 -0.0149002 0.1740051 0.521598 -0.01432007 0.1782163 0.5227519 -0.01023375 0.1685837 0.5240159 0.009921193 0.1370581 0.5241159 0.00555402 0.1372365 0.5247359 0.003112018 0.137373 0.524151 -0.004797995 0.1425222 0.5253079 -0.009039938 0.1461825 0.525518 -0.005083382 0.1485938 0.5277599 -0.01182079 0.1499292 0.5253179 -0.008279502 0.1541761 0.528557 -0.009521126 0.1525183 0.5231589 -0.01121336 0.1590561 0.529118 -0.01453942 0.1577746 0.518693 -0.01304578 0.162653 0.5287939 -0.01869606 0.1605731 0.5193449 -0.01560169 0.1734656 0.530767 -0.01915454 0.1702164 0.521781 -0.01810443 0.1660138 0.519416 -0.01982885 0.1740361 0.521505 -0.008064985 0.1777003 0.528816 -0.003848373 0.1664352 0.527357 -0.00886774 0.1595474 0.520729 -0.001310884 0.1574746 0.525518 0.001764476 0.1452831 0.5160869 0.002610385 0.1504013 0.5228059 0.007295966 0.146046 0.5208199 -0.004108548 0.1549404 0.522288 -0.004818439 0.1508989 0.518297 -0.009435951 0.1461363 0.517028 -0.01187968 0.1484402 0.517502 -0.01533854 0.1534502 0.518736 -0.008221626 0.1543171 0.517985 -0.009528756 0.1590436 0.518871 -0.004258573 0.1477886 0.516424 -0.02131259 0.1835719 0.5257189 -0.02168059 0.1836845 0.521518 -0.02104604 0.1769759 0.521722 -0.0110954 0.1643322 0.520186 0.006585419 0.1436177 0.5156829 -0.01481062 0.1801419 0.524174 -0.01469695 0.1853603 0.524558 -0.01832967 0.179313 0.5309969 -0.02667903 0.183255 0.5290849 -0.02437824 0.1861464 0.522417 -0.02682197 0.1911795 0.5253199 -0.01656186 0.2057527 0.489746 -0.007925033 0.2034683 0.5181949 -0.02687144 0.1884804 0.528469 -0.004844069 0.19758 0.519216 0.01696223 0.1992039 0.5162979 -0.004353821 0.1970301 0.5157809 0.03851127 0.1906818 0.519836 0.03481364 0.1888945 0.510525 0.03609752 0.1912456 0.5122659 0.03623455 0.181833 0.5176959 0.0363453 0.1841697 0.5103879 0.03433758 0.183272 0.5108689 0.03338581 0.1914767 0.519092 0.02959161 0.1862829 0.513564 0.02993273 0.1834052 0.5166969 0.03077208 0.1509307 0.503588 0.0307399 0.1504682 0.5108799 0.03089833 0.1472087 0.5052259 0.02748978 0.1496966 0.501688 0.02528744 0.1481714 0.5030599 0.02603727 0.1452592 0.510358 0.02444469 0.1486361 0.507965 0.0258767 0.1457453 0.510353 0.02137935 0.148303 0.50629 0.01978385 0.1421899 0.50988 0.02049171 0.1448779 0.5025569 0.02299606 0.146122 0.5010719 0.02542871 0.1434532 0.505621 0.02526777 0.1473474 0.503281 0.01416075 0.1429138 0.5023539 0.01310241 0.1410451 0.5097319 0.01447963 0.1451676 0.5062629 0.0166099 0.1434033 0.5006369 0.01901048 0.1405506 0.5055449 0.01974916 0.142689 0.509573 0.01859974 0.143712 0.502779 0.03180676 0.1587291 0.506989 0.03371375 0.1578107 0.5111829 0.0350241 0.156286 0.505307 0.03376364 0.1516782 0.5125599 0.03274852 0.1525605 0.505 0.033867 0.1542577 0.504368 0.02794611 0.1517101 0.510078 0.03051263 0.1534076 0.5054259 0.03034275 0.1575604 0.511765 0.02964216 0.156868 0.505101 0.02898198 0.1546919 0.511706 0.03387618 0.1651692 0.509653 0.03531962 0.1637662 0.514696 0.0377562 0.1631925 0.507389 0.03759968 0.1603403 0.515091 0.03605824 0.1605051 0.506768 0.03295642 0.1625466 0.507304 0.03229153 0.1644701 0.5127349 0.03282523 0.1595731 0.5072579 0.03450244 0.156846 0.5116699 0.03077965 0.1595803 0.514035 0.0326575 0.1672856 0.5071039 0.03584086 0.1670375 0.5079349 0.03697627 0.1641071 0.5151819 0.03701525 0.172468 0.5162299 0.03707087 0.1695644 0.5068829 0.0362811 0.1734012 0.509563 0.03374159 0.1733724 0.510175 0.03100055 0.1712923 0.50707 0.03207647 0.172176 0.516207 0.0310797 0.1655949 0.5149169 0.03769385 0.1814696 0.5101019 0.03558987 0.1770986 0.507965 0.03630441 0.1801745 0.5088379 0.03744804 0.1735241 0.516357 0.03808933 0.1820245 0.517947 0.03498673 0.1746992 0.5093249 0.03331297 0.1821748 0.51708 0.0306856 0.1769289 0.515703 0.03383916 0.1732448 0.5154699 -0.01748543 0.1770931 0.509535 -0.01367026 0.1829045 0.508889 -0.01372373 0.1811177 0.512448 -0.02373379 0.1832592 0.518232 -0.01925224 0.1824471 0.5091319 -0.01962119 0.1774961 0.508946 -0.01353788 0.1782212 0.515577 -0.01933556 0.1752063 0.5162649 -0.01890772 0.1852408 0.5177449 -0.02113902 0.1844203 0.5107919 -0.006285727 0.1460531 0.5099269 -4.70563e-4 0.1420982 0.509676 4.03155e-4 0.1457689 0.5073459 -5.63701e-5 0.1451502 0.5024079 -5.58367e-4 0.149265 0.502504 -0.005386114 0.1428817 0.5042919 -0.002483785 0.146122 0.500916 -0.004999399 0.1475475 0.5033059 0.006345093 0.1405871 0.5095329 0.00354135 0.1461759 0.5058299 -4.28572e-4 0.1426084 0.5096749 0.005398452 0.1430786 0.5021689 0.005122244 0.1467764 0.501676 1.43318e-4 0.1443505 0.5026339 0.002750337 0.1437095 0.5005519 7.8525e-4 0.1405145 0.5049859 0.01201522 0.1426585 0.5022999 0.009656667 0.1460041 0.501812 0.0109781 0.1447501 0.506172 0.007497787 0.1423885 0.5024929 0.009609758 0.1425686 0.5004569 0.007701039 0.1392019 0.5052539 0.006276965 0.1410825 0.509226 0.01310712 0.1410456 0.5097319 -0.009881496 0.1490409 0.503241 -0.008428514 0.1476502 0.5039399 -0.009590387 0.146508 0.5114429 -0.007611215 0.1530344 0.5107869 -0.01091307 0.1524892 0.510034 -0.003824651 0.1479215 0.5092599 -0.005613327 0.1505661 0.5108149 -0.006428182 0.1525677 0.504172 -0.006477773 0.1489965 0.5044719 -0.01590913 0.1567932 0.506006 -0.01359742 0.1545838 0.505489 -0.01547777 0.1540102 0.5137229 -0.01147639 0.1513632 0.510484 -0.0140497 0.1578792 0.5134239 -0.008626461 0.1548818 0.5130199 -0.01272237 0.1596122 0.5084529 -0.01117628 0.1592867 0.5116149 -0.01109486 0.1572951 0.506171 -0.01576262 0.1578181 0.5138229 -0.01498126 0.1609769 0.5066259 -0.01190745 0.1619714 0.5059559 -0.01671373 0.163151 0.5054979 -0.01295465 0.1668061 0.515047 -0.01781845 0.1659293 0.514817 -0.01454669 0.1676138 0.5089309 -0.01698666 0.1670492 0.508191 -0.0103752 0.1606514 0.5138489 -0.01123881 0.166253 0.505981 -0.01602256 0.1686171 0.508011 -0.01378655 0.1737125 0.507242 -0.01269596 0.1717559 0.5145849 -0.02028143 0.1745561 0.508608 -0.01710391 0.1708153 0.5066079 -0.01849329 0.1668532 0.514916 -0.02119398 0.1749551 0.5164199 -0.0148794 0.1674353 0.514215 -0.01654911 0.1762289 0.515795 -0.01780092 0.1759084 0.509499 0.02965539 0.187785 0.5276259 0.03160232 0.1899299 0.525281 0.02592176 0.1857095 0.525365 0.03762209 0.1832894 0.5215089 0.03840702 0.1890191 0.5236139 0.03287708 0.1837895 0.529558 0.0294941 0.1808589 0.524136 0.03327488 0.1895017 0.520394 0.03250026 0.1827296 0.519269 0.02719831 0.1814787 0.527197 0.03047567 0.181261 0.526503 0.03741085 0.1892024 0.520276 0.03321915 0.1762267 0.5283499 0.03177177 0.1726722 0.526112 0.03820264 0.1746228 0.520818 0.03192293 0.1789178 0.526832 0.03471159 0.1817585 0.520352 0.0288096 0.1794988 0.5262699 0.03595864 0.1807085 0.5187709 0.03655737 0.1739318 0.517412 0.032709 0.1726429 0.5216789 0.03156173 0.1760686 0.525317 0.03010743 0.1781599 0.51813 0.02976608 0.1719111 0.524915 0.02656149 0.17331 0.526276 0.02931708 0.172974 0.5186089 0.03118962 0.164055 0.5230349 0.03639715 0.1659164 0.5220699 0.03406685 0.1666594 0.5261339 0.03517228 0.1644169 0.515191 0.03315687 0.1701978 0.5252559 0.03509622 0.1727908 0.5172269 0.03066897 0.1711874 0.524884 0.03837019 0.1700688 0.518737 0.03167033 0.1671697 0.519306 0.02920866 0.1649947 0.516413 0.02602559 0.1668764 0.5260249 0.02638649 0.1693389 0.525576 0.02868497 0.1639169 0.5236549 0.03234386 0.1622083 0.5218489 0.03135514 0.1581169 0.520481 0.03547865 0.1579616 0.520113 0.03262126 0.1589662 0.514499 0.03028243 0.1639169 0.5165069 0.03353261 0.1649183 0.517234 0.02836787 0.1579676 0.5179679 0.03545379 0.1595003 0.513546 0.02841949 0.1579391 0.520433 0.02980864 0.1579663 0.513996 0.02927875 0.1548979 0.5201579 0.03066152 0.1519048 0.5192059 0.03145587 0.1511695 0.515654 0.03538054 0.1532022 0.518767 0.03184586 0.1569377 0.5207549 0.03665524 0.1548184 0.5123659 0.02950429 0.153569 0.513217 0.03309226 0.1584496 0.514979 0.02959775 0.1506081 0.519007 0.02914834 0.1474938 0.520276 0.03406971 0.1515971 0.515109 0.03090858 0.1450627 0.5132879 0.03201752 0.1500462 0.5104399 0.02801609 0.1463459 0.511874 0.03133749 0.1520684 0.513557 0.02889418 0.1466404 0.517929 0.02172809 0.1421316 0.510502 0.0246942 0.1465806 0.513986 0.02836757 0.1448395 0.509962 0.02919149 0.1457878 0.5130179 0.02500504 0.1478044 0.5182699 0.025563 0.1460143 0.518003 0.02490568 0.1432019 0.5201269 0.02302914 0.1403847 0.513853 0.02180707 0.1431872 0.5176519 0.02185571 0.1463354 0.519391 0.01896476 0.1410987 0.520553 0.01685881 0.1412461 0.520718 0.0190472 0.1390737 0.5139799 0.02077639 0.1421993 0.5182339 0.01351565 0.1402501 0.5087559 0.01378858 0.138897 0.513109 0.01981908 0.1413526 0.5086479 0.01399588 0.1417078 0.518083 0.01603263 0.1437002 0.5196639 0.01336956 0.1437288 0.516035 -0.0148524 0.1824777 0.526479 -0.0164231 0.1795555 0.526398 -0.01062589 0.1813517 0.524424 -0.01405835 0.1759505 0.525355 -0.01713865 0.1778254 0.5282699 -0.02121853 0.1762728 0.519992 -0.01705449 0.1815425 0.5270909 -0.01712739 0.1841189 0.5240259 -0.01096272 0.1769285 0.526214 -0.01289081 0.1758044 0.523044 -0.01906037 0.1751356 0.5178099 -0.0234338 0.1816447 0.5220209 -0.01840215 0.1833395 0.519063 -0.01600158 0.1769456 0.518019 -0.02234017 0.1820772 0.518737 -0.01971018 0.1677169 0.5193249 -0.01327818 0.1673 0.5249519 -0.01563227 0.1704016 0.5270909 -0.01797509 0.1754758 0.518994 -0.01885843 0.1741714 0.5173589 -0.01395618 0.1670781 0.5204769 -0.0105859 0.1682156 0.517581 -0.01254749 0.1730739 0.5170319 -0.01383221 0.1706552 0.524148 -0.00837922 0.1691434 0.525376 -0.01201474 0.1746306 0.525219 -0.01777815 0.1674523 0.516012 -0.010827 0.1681463 0.5177629 -0.01608186 0.1666878 0.515909 -0.01179689 0.1661233 0.5237899 -0.01409173 0.1609163 0.524892 -0.01597541 0.159671 0.520721 -0.01053357 0.1590797 0.5219599 -0.01399695 0.164573 0.5240399 -0.01869732 0.1632637 0.517267 -0.01408451 0.1585433 0.513922 -0.008493185 0.1604987 0.515443 -0.008100032 0.1595295 0.522707 -0.01154112 0.1620168 0.5181919 -0.007239699 0.165329 0.5247099 -0.0111581 0.1570212 0.520728 -0.008678257 0.1547248 0.521582 -0.009287595 0.1591985 0.515487 -0.0131148 0.1521668 0.5188609 -0.009168565 0.1532853 0.5194379 -0.01271384 0.1594038 0.5160439 -0.0164535 0.1553567 0.5175079 -0.01311933 0.1537083 0.5122939 -0.01029187 0.1538486 0.513394 -0.006105244 0.1538568 0.51708 -0.007301867 0.1535413 0.5130409 -0.00938189 0.1520226 0.5196949 -0.006273806 0.153802 0.519539 -0.01183313 0.1475723 0.517551 -0.006969988 0.147418 0.518237 -0.01312518 0.148882 0.511083 -0.005933701 0.1493425 0.512304 -0.007388055 0.1465372 0.514653 -0.01065254 0.1532329 0.5138509 -0.003461599 0.1487861 0.518492 -0.006379783 0.150645 0.5192399 -0.007377803 0.1474516 0.5125589 -0.009997725 0.1463423 0.513974 -0.005622506 0.146409 0.518099 -0.001268982 0.1465645 0.519179 -0.003952503 0.1427234 0.5170829 -0.00451833 0.143478 0.519408 -0.005301654 0.1407448 0.512357 -0.007404386 0.1453453 0.509424 -0.002723455 0.1426803 0.5110819 -0.002613425 0.141145 0.5091629 3.38461e-4 0.1436766 0.513358 0.004439771 0.1400699 0.510057 -0.003791213 0.1418547 0.5121679 0.003751993 0.1410346 0.5171859 6.15332e-4 0.1403048 0.519501 0.003417432 0.1380461 0.513348 0.002876639 0.1440735 0.518902 0.01166033 0.1414292 0.5180229 0.008855342 0.1402913 0.520512 0.0127744 0.138776 0.513083 0.007584512 0.1377068 0.513685 0.006854653 0.1396546 0.5202409 0.004954457 0.1403124 0.5178269 0.006569266 0.1397727 0.508307 0.01294237 0.1401816 0.508742 0.003833293 0.1398285 0.51049 0.0118969 0.1435531 0.5159969 0.03350234 0.1691976 0.5010419 0.0381056 0.1942133 0.509323 0.03259152 0.1511479 0.5265899 0.02807044 0.1525474 0.5286139 0.02982074 0.1587182 0.5295379 0.03228962 0.1707366 0.530919 0.03354412 0.1854979 0.532334 0.0398125 0.1964313 0.5301869 0.02988564 0.2057101 0.510302 0.009156048 0.1445224 0.4926339 -0.01133912 0.1612536 0.499794 -0.01287007 0.1636692 0.4998479 -0.01550346 0.1707934 0.5020529 -3.34386e-4 0.1592824 0.4999399 -0.01981264 0.1850548 0.505855 -0.0236364 0.1868507 0.507733 -0.01357012 0.1652679 0.529738 -0.01840966 0.1999508 0.5090569 0.02930063 0.1880294 0.5099959 0.03479492 0.1861482 0.509308 0.02480417 0.1522904 0.503158 0.02947759 0.151659 0.504193 0.01991534 0.1485419 0.502057 0.01568853 0.1467247 0.501967 0.03165584 0.1791329 0.508413 0.03492408 0.1821961 0.5108579 -0.01852816 0.1797899 0.5079349 -0.006056368 0.1465391 0.502638 -0.009066164 0.1538566 0.505937 -0.01152843 0.1507349 0.504107 -0.01026517 0.1544341 0.5061469 -0.01856416 0.1736313 0.507424 0.0318709 0.1853149 0.527643 0.03198158 0.1873899 0.5283539 0.03590524 0.18169 0.519226 0.02955842 0.1729621 0.518803 0.03043353 0.1593905 0.522589 0.03803831 0.1618547 0.518912 0.02915292 0.1526011 0.518386 0.02692168 0.1524091 0.519274 0.02528053 0.1497304 0.5198629 0.02235186 0.1420366 0.5109669 -0.01492947 0.1733306 0.525625 -0.011092 0.167039 0.523863 -0.006334364 0.1630177 0.525191 -0.005626976 0.1484537 0.5174899 -4.69043e-4 0.1447682 0.5176129 -5.75313e-4 0.1428981 0.517329 0.009135007 0.1428776 0.519485</float_array>
          <technique_common>
            <accessor source="#Person_Standing_Simple-mesh-positions-array" count="4259" stride="3">
              <param name="X" type="float"/>
              <param name="Y" type="float"/>
              <param name="Z" type="float"/>
            </accessor>
          </technique_common>
        </source>
        <source id="Person_Standing_Simple-mesh-normals">
          <float_array id="Person_Standing_Simple-mesh-normals-array" count="21189">-0.0363112 -0.9944735 -0.09850972 -0.3552482 -0.8635633 0.3578507 -0.508201 -0.8361987 -0.206164 -0.4321362 -0.5594967 -0.7072636 -0.5742757 -0.7211519 -0.3874885 0.07989501 -0.9963859 -0.02884399 -0.3477364 -0.9186401 -0.187563 -0.4708842 -0.7513526 -0.4623175 -0.7438534 -0.6638013 0.07778155 -0.4379165 -0.7041665 0.5589086 -0.4644683 -0.725732 -0.5075258 -0.08126634 -0.7600812 -0.6447268 -0.4209138 -0.8486288 -0.3204075 -0.7133018 -0.6818149 -0.1622622 -0.02225375 -0.965532 -0.2593319 -0.7055521 -0.6187262 -0.3455059 0.1273559 -0.9808735 -0.1471997 0.008907377 -0.9678196 -0.2514875 -0.9210674 -0.2813708 0.2691944 0.03407502 -0.7860438 0.6172309 -0.7417863 -0.416694 -0.5254706 -0.6292676 -0.7431351 0.2275356 -0.6831782 -0.7276637 -0.06142634 -0.6219167 -0.5117617 -0.5927222 -0.6059164 -0.5574886 -0.5675138 -0.125233 -0.5193015 -0.8453655 -0.8060683 -0.06936436 -0.5877436 0.1866303 -0.03397798 -0.9818425 -0.1345742 -0.82994 -0.5413774 0.01170569 -0.50689 -0.8619313 -0.1938193 -0.608483 0.7695339 -0.1938596 -0.6370736 -0.7460266 -0.1196818 -0.6855388 -0.7181316 0.2056086 0.560625 0.8021377 0.1591132 0.9779646 -0.1351605 0.6924008 0.7155514 0.0925607 0.4339804 0.8554348 -0.2826528 0.3236526 0.9220766 0.2121881 0.7696865 0.624258 -0.133734 -0.07569384 0.988744 -0.1290574 -0.3017734 0.6859112 -0.6621621 0.2729837 0.5776973 0.7692502 0.07482182 0.3709449 0.9256358 0.02326363 0.9748176 0.2217873 -0.3750115 0.4206697 -0.8260771 0.3927975 0.2748823 0.8775818 0.9531832 0.3022707 0.008616745 -0.3840966 0.08685284 -0.9191988 0.4749155 0.1128062 0.8727716 0.4603089 0.3425328 -0.819016 -0.3154519 -0.2495514 -0.9155405 0.2996817 0.2206414 0.9281747 0.7815091 0.3213709 0.5347564 0.9849458 0.1668611 0.04515784 0.9722656 0.02654922 0.2323682 -0.03719615 -0.6096737 -0.7917793 0.503978 -0.6593562 0.5579028 0.9704286 -0.2266327 0.08310371 0.3688842 -0.9265697 0.07343822 -0.3783873 -0.7664993 -0.5189433 0.1719009 -0.9611589 0.2159247 -0.01446861 -0.9639481 -0.265697 -0.6002379 -0.7862242 -0.1468541 -0.9025166 -0.307473 -0.3015363 -0.8875998 -0.4602566 -0.01818376 -0.7726289 -0.591617 -0.2302914 -0.7769344 -0.5792513 0.2466595 -0.2227941 -0.9699957 -0.09731948 -0.1427384 -0.9536135 -0.2650417 -0.3765553 -0.9158409 -0.139433 -0.8974699 -0.439112 0.04157304 -0.9160456 -0.2384542 0.3224905 -0.9888705 0.1032297 -0.1071404 -0.8081699 -0.2002046 0.553877 -0.9638803 0.1794587 0.1967984 -0.8589408 0.4901668 0.1481796 -0.7288105 0.1335442 0.6715663 -0.9638907 0.1792877 0.1969026 -0.8818144 0.3744142 0.2867361 -0.7192084 0.6842992 0.1203078 -0.6345627 0.6753439 0.3758203 -0.7125756 0.6887511 0.1336345 -0.1377254 0.9896103 -0.04127264 -0.08022576 0.9848651 0.1536382 -0.5430155 0.6145797 0.5722116 -0.8261731 0.4750137 0.3029853 -0.9488936 -0.2969786 -0.1067937 -0.7458261 -0.07175183 0.6622651 -0.518921 0.782059 -0.3451157 -0.394438 -0.9159674 0.0736373 -0.3231876 -0.8828737 0.3407109 -0.2568382 -0.9642479 -0.06527125 -0.7105119 -0.6961809 0.1024935 -0.4632014 -0.8712635 0.1623095 -0.8184784 -0.1111915 -0.5636753 -0.9193245 -0.02717846 -0.3925606 -0.9857591 -0.007965028 -0.1679754 -0.2283548 0.6653059 0.7107898 -0.9084988 -0.01762902 -0.4175157 -0.8046343 0.5911174 0.05607205 -0.9150829 0.2025101 -0.3487307 -0.1000077 0.7895912 -0.6054291 -0.9382966 0.3444567 0.03080719 -0.2522748 0.8468785 0.4681391 -0.683775 -0.6061967 0.4061741 -0.8506816 -0.4825756 0.2084746 -0.4016784 0.0278759 0.9153564 -0.4900831 -0.6842559 0.5400115 -0.8855999 -0.2126379 0.4129143 -0.8815222 -0.1204277 -0.4565257 -0.961867 0.1200024 -0.245787 -0.6765264 -0.2851307 0.6789791 -0.3933589 -0.2296426 0.8902434 -0.06406128 -0.2252374 0.9721957 -0.4436882 -0.2986447 -0.8449569 0.04269486 -0.1530661 -0.9872933 0.02275955 -0.2852764 -0.958175 -0.7216899 -0.6214269 -0.3049462 -0.3760194 -0.6118541 -0.6958764 -0.5716394 0.7687555 0.2867813 -0.3994585 0.8959954 0.1939722 0.09871125 0.08855944 -0.9911677 -0.4274972 0.101929 -0.8982521 -0.1461627 -0.008538961 0.9892238 -0.9584071 0.2212357 -0.1803078 -0.2066649 -0.3460966 -0.9151539 -0.239066 0.9642037 0.1147111 0.4421059 0.8362897 -0.3242868 -0.3140626 0.9093132 -0.2729732 0.3421393 0.8529938 0.3941351 0.3374934 0.855337 0.3930609 0.5177013 0.6997764 -0.4922383 -0.5224348 0.3136137 0.7929114 0.8000169 0.165449 0.5767144 0.9797677 0.1666551 -0.1108219 0.6578211 0.1675578 -0.7342996 -0.7702717 -0.172069 0.6140634 -0.7593535 -0.05208659 -0.6485903 -0.1655686 0.1002013 -0.9810947 0.8209772 0.2056705 0.5326314 -0.4426487 -0.4165299 0.7940813 0.9376998 -0.3220787 -0.1303243 0.6391044 -0.5137926 0.572331 -0.8448799 -0.4873384 -0.2206332 0.5430909 -0.7837498 0.3013116 0.48557 -0.7509751 -0.4475022 0.1962316 -0.9252044 0.3247924 -0.178864 -0.9478137 -0.2639263 -0.3664631 -0.7448819 0.5575445 -0.3822602 -0.7299005 -0.5666767 0.4679914 -0.5369695 -0.7018888 -0.6313743 -0.761525 0.1464454 -0.944562 -0.2426763 -0.2211585 0.02078539 0.854522 -0.5189994 0.1926143 -0.9810937 -0.01884132 -0.4647132 -0.8137683 0.3490312 -0.1250235 0.9205328 0.3701196 -0.08111971 0.8650267 0.4951248 -0.5619602 0.1225609 0.8180339 -0.5937358 -0.5331661 0.6026705 -0.4964338 0.2376297 0.8349167 -0.1045045 0.9682325 0.227167 0.1026186 0.9445209 0.3120092 -0.9871406 -0.1109145 0.1151152 -0.8951229 0.4415754 0.06136983 -0.8595483 -0.4897142 0.1461395 -0.6339937 0.7715981 0.05185103 -0.3007355 0.9531177 -0.03353905 0.989139 0.03382074 -0.1430396 0.9592465 -0.2361659 -0.1551509 -0.3283932 -0.9297927 0.1662641 0.05892878 -0.9939111 0.09310382 0.5490129 0.818743 -0.1680619 0.8822035 0.440051 -0.1675476 -0.3574861 -0.9262625 -0.1193382 -0.563547 0.7028284 -0.4341052 -0.8797131 0.05869269 -0.4718686 -0.9620642 0.1581137 -0.2223345 0.02404642 0.9811664 -0.1916623 0.366021 -0.9219895 0.1263492 -0.3769976 0.872267 -0.3114854 -0.323427 -0.3633401 -0.8737156 -0.7406001 -0.5872219 -0.3266221 0.647535 0.2350546 -0.7248778 0.02401423 0.9736072 -0.2269632 -0.03698122 -0.9988225 0.03140348 -0.02026069 0.988879 -0.1473365 0.7556124 0.438271 0.486794 -0.8952779 -0.4342777 -0.09939974 0.3634161 -0.9024224 0.2314358 -0.7797564 0.5442883 -0.3094033 0.9250377 0.3721758 0.07609534 0.8841521 0.4306082 0.1812505 0.7672623 0.6273062 -0.1334002 0.8200819 -0.4744552 -0.3199345 0.5655147 0.8240303 -0.0341649 -0.3461362 -0.3537029 -0.8689558 -0.8464436 -0.1891589 -0.4977473 -0.8434527 -0.2748139 -0.4615897 -0.9147027 -0.1740954 -0.3647053 -0.4812854 -0.8559294 -0.1890745 -0.8744827 0.2240301 -0.4302215 -0.2741211 0.9609465 -0.03794169 0.1428474 -0.9871866 0.07111495 -0.8686651 0.4901049 -0.07223725 -0.7170838 0.5683269 -0.4034793 -0.7383895 -0.4880955 -0.4653428 -0.6203175 -0.7133667 -0.3260586 0.4759955 0.42992 -0.7672008 -0.2047514 0.978813 0.001404821 0.1627251 -0.9828372 0.08689975 -0.3669092 -0.9282551 -0.0609945 -0.8488703 0.0385856 -0.5271911 -0.06005448 0.9920821 -0.1103017 -0.5267243 0.7303709 -0.4348793 0.4380589 -0.8745814 0.2078744 0.6385184 -0.7674354 0.05776917 -0.9498307 0.03801655 -0.3104454 -0.6077436 0.7761974 -0.167826 0.9464188 -0.07911372 0.3131017 0.595753 -0.2720551 -0.7556881 0.9563737 -0.09305512 0.2769298 0.8926153 -0.2099587 0.3989428 0.973944 -0.2049215 0.09716141 0.7524774 0.6543878 0.07453018 0.4432608 0.8449513 -0.2992946 0.8454707 0.4667125 0.2595356 0.8197091 0.4638844 0.3359884 -0.8847545 -0.2826398 -0.3705728 -0.8888175 -0.08494722 -0.4503193 -0.1655235 -0.9779314 -0.1274849 -0.3804079 0.9237815 0.04378879 -0.8000792 -0.430687 -0.4175908 -0.8587813 0.3432192 -0.3803883 -0.3846517 0.922382 -0.03542 -0.6938802 -0.6858118 -0.219528 -0.5980455 -0.7122969 -0.3673891 -0.8941724 0.1272112 -0.4292705 -0.2640684 0.9598408 -0.09472876 -0.9463673 0.1421446 -0.2901447 -0.4342352 0.9001591 -0.03396362 0.849542 0.5222586 0.07432633 0.07670658 -0.9919097 -0.1011501 0.9388993 0.04633861 0.3410587 0.9563651 -0.09050118 -0.2778044 0.9259107 -0.2629752 0.2711709 0.5263497 0.8260644 0.2014293 -0.5650655 -0.3246198 -0.7585005 0.9062398 0.03251045 0.4215123 -0.426891 0.8933724 -0.1401777 -0.7833631 0.3794432 -0.4923061 -0.06153762 0.9892299 0.1328061 -0.4535994 -0.7996921 -0.3933703 0.8682016 0.2567744 0.4246091 0.5867652 0.2380742 -0.7739686 0.3953056 -0.9181757 -0.02620893 -0.6544105 0.5854147 -0.4785779 -0.7423219 -0.0180608 -0.6697999 -0.8479265 -0.3374036 -0.4088758 -0.8778384 -0.1639109 -0.4500365 -0.4556697 -0.6959382 -0.5550093 0.7582901 -0.6416129 -0.1154511 -0.9136795 0.3469244 -0.2117385 0.4427466 -0.8966184 -0.007143199 0.8921953 -0.263372 0.3669099 0.8976939 -0.2433851 0.3673002 0.2421939 0.9448777 -0.2203371 0.5785722 0.7817578 0.2326133 0.5826683 0.6913313 0.4272689 -0.6887501 -0.3770312 -0.6192503 0.06339693 -0.9738351 -0.218234 0.8313552 0.5444015 -0.1116945 0.3850709 -0.9211174 0.05712598 -0.4002927 -0.9153929 -0.04268169 0.9211736 0.1489934 -0.3595001 -0.6522489 -0.7578139 0.01701122 -0.2992953 0.5826207 -0.7556294 0.5245787 -0.8172755 0.2384911 0.9263349 -0.2752317 0.2571991 -0.7617871 -0.5963686 -0.253032 0.8800008 0.3786675 0.2867224 -0.3707135 -0.8228562 -0.4306731 -0.884088 0.2720597 -0.3799634 0.2865123 0.9521059 0.1067941 0.4557563 0.847827 -0.2710641 0.2182019 0.4952289 -0.840914 0.220536 -0.701251 -0.677946 -0.09877961 -0.9950067 -0.01428925 -0.04150277 -0.998447 0.03716361 0.18971 -0.9814767 0.02671372 -0.1478238 0.9568559 -0.2501498 0.05013257 0.9771404 -0.2065999 -0.1979111 0.9215994 -0.3338949 -0.7280087 0.6126821 0.3076103 -0.6590435 -0.6075788 -0.4432941 -0.2986792 -0.9437402 0.1419343 -0.1458145 -0.9872112 0.06443804 -0.3254557 0.9455478 -0.004234015 -0.1963064 -0.9802434 -0.02422231 -0.6577422 0.6742057 -0.3358897 -0.6449274 0.7219794 -0.250628 -0.3238421 -0.9412956 -0.09533685 -0.8013799 0.5610815 -0.2073112 -0.889137 0.1082497 -0.4446541 -0.7306824 0.5793828 -0.3611356 -0.3203797 -0.8841217 -0.3401261 0.8430266 -0.4401407 0.3091644 0.8274982 -0.4091938 0.3844571 0.2673411 0.9628829 -0.03721982 0.5945627 0.7995073 -0.08534348 0.5719343 0.7794781 0.2555482 0.2218481 0.9654784 -0.1365099 0.8039438 -0.4141215 0.4268229 0.6855543 -0.6820238 0.2546741 -0.08692699 0.9602162 -0.265384 0.7630865 -0.5748314 0.2954117 0.8422794 -0.5329992 0.080482 0.1890535 0.9724107 0.1366617 0.1947749 0.9522463 -0.2351379 0.2278817 0.9643288 0.1346839 -0.5465666 -0.08706521 -0.8328774 0.8594395 -0.3021544 0.4123914 0.756394 0.6491355 -0.0805695 0.8752859 0.4833644 -0.01528179 0.6080057 -0.3829414 -0.6954748 -0.5435608 0.8380345 -0.04732877 -0.9056255 0.1061438 -0.4105802 0.9848089 0.1455448 0.09470087 0.9569907 0.1230614 -0.2627259 0.9879663 -0.0681771 -0.1388331 -0.2966233 -0.9440571 0.144121 0.9272043 0.2047688 0.313627 -0.9226957 0.1657764 -0.3480675 -0.8906303 0.4044222 -0.2078954 -0.7640286 -0.6292611 -0.1424459 -0.985486 -0.06942808 -0.1549105 -0.9551184 -0.2363365 -0.1785892 -0.9716067 -0.05224561 -0.2307616 -0.9198501 -0.2581788 -0.29533 -0.9401626 0.1404255 -0.3104434 0.8439381 0.5265336 0.1026201 0.4279697 0.465416 -0.7747451 0.2691152 0.9068908 -0.3242316 0.981344 -0.1729819 -0.08391249 0.2733938 -0.960723 0.04761463 -0.6818976 0.7314351 0.004305064 -0.3618654 0.9296247 -0.06965303 0.9867817 -0.1027397 -0.1253255 0.4584077 0.7683378 -0.446676 -0.6510549 -0.7184464 0.2448719 -0.2418043 -0.9543659 0.1752609 -0.9649297 -0.1463096 0.2179548 0.221966 -0.974156 0.04184818 0.7839413 0.4570134 -0.4202083 -0.9721776 0.1846144 0.1441814 0.9488726 0.1444337 -0.2806773 -0.9022349 0.4277925 0.05445897 -0.8754234 -0.4190015 0.2409804 -0.7558251 0.6538085 -0.03553867 0.8570554 -0.5017341 -0.1171285 -0.09803903 0.963465 -0.2492458 0.05146867 -0.998101 -0.03384351 0.7841718 0.6084715 -0.1218073 0.9432266 0.289576 -0.1626939 -0.8202137 -0.5602317 0.1157152 0.8078765 0.5822526 -0.09120172 -0.7741881 0.6328802 -0.009771466 0.04489207 0.9986242 -0.02710366 -0.5870591 0.8078976 -0.05160421 0.4548588 0.8884615 -0.06115323 -0.9738584 0.2169461 0.06733632 0.9542468 0.2982249 0.02179652 -0.8826026 0.4659368 0.06257426 -0.9098888 -0.4148304 -0.004291117 -0.4912612 -0.8691243 -0.0573194 -0.9908137 -0.1232511 0.05565416 0.7901902 -0.6120796 0.03095501 -0.1935493 0.9755694 -0.1039379 0.9480616 -0.3168638 0.02786797 0.7496635 0.661356 -0.02475726 -0.924514 0.3779389 -0.04935753 -0.6039916 0.7897702 -0.1070388 -0.245348 0.9623414 -0.1170616 -0.9980759 -0.01123446 -0.06097918 -0.7327567 -0.6794688 -0.03728038 -0.530254 -0.8475726 -0.02124947 0.8857662 0.4413631 -0.1435863 -0.1021885 -0.9946944 0.01186108 0.967365 0.2160448 -0.1323994 0.7821614 -0.6223089 -0.03090667 0.7838341 0.5989191 -0.1640126 -0.9648883 0.2462697 -0.09133476 0.9150025 -0.3956059 -0.07916116 -0.8882504 -0.4511303 -0.08656138 -0.5847873 0.7930802 -0.1704342 -0.9887596 0.03703016 -0.1448554 0.7028843 0.6980705 -0.1365696 -0.9156116 -0.4010373 -0.02871388 -0.6736924 -0.7371699 0.05214577 0.6572585 -0.7536552 -0.003896236 0.9902861 -0.1384717 0.01261681 -0.831065 -0.5023694 -0.238655 -0.3811802 -0.9001781 -0.2106683 -0.01412039 0.5784385 -0.8156038 -0.9231612 -0.1659764 -0.3467352 -0.9819428 0.1861981 -0.03344678 -0.3998355 0.721288 -0.5655751 -0.8743547 0.4826091 -0.05091655 0.9588629 -0.08840292 0.2697536 -0.5443406 -0.7576563 0.3600698 -0.5276472 -0.8466596 -0.06896537 0.7583335 -0.6053041 0.2419446 -0.7419245 0.6048614 -0.2892936 -0.09201538 0.9891239 -0.114748 -0.4475474 -0.8894478 -0.09265106 -0.911274 -0.2894945 -0.2928699 0.7887123 -0.5687133 0.2334489 0.9466652 -0.2201785 0.2352584 -0.708184 0.6737494 -0.2110387 0.7520382 0.648804 0.1161554 -0.099433 0.9890272 -0.1092625 0.76902 -0.6338245 0.08291482 0.7450053 0.5644652 -0.3554522 0.8654211 0.4164049 -0.2786636 0.9750443 0.2050731 -0.08505225 0.6657441 -0.462653 0.5854375 0.90376 0.1443315 0.4029721 0.5751194 0.1502593 -0.8041517 -0.8738994 -0.4655084 -0.1400068 0.755059 0.6551206 -0.02651476 0.1112461 0.8077836 -0.5788871 0.7092061 -0.6738939 0.2071084 0.04281246 -0.5715435 -0.8194543 -0.2585274 0.9524779 -0.1610888 0.465867 -0.6540657 0.5959582 0.5835232 -0.8109763 0.04264378 -0.6883298 -0.6693867 -0.2795062 0.7923009 0.5296607 0.3028513 0.8335485 0.2361171 0.4994453 0.7951802 -0.1231765 0.5937305 0.3709114 -0.8642768 0.3397798 0.4444789 -0.7311333 -0.5175739 0.8332471 0.04079937 -0.5513935 0.9032386 0.3415943 -0.2597567 0.5737609 0.1852199 -0.7978047 0.08789128 -0.8365136 -0.5408512 0.5145688 -0.8572933 -0.01635569 -0.419463 -0.8964616 0.1428551 -0.6615819 -0.2777404 -0.6965413 -0.6514829 -0.4248154 -0.6285713 0.9541487 0.09356439 0.2843343 0.7770769 -0.2904103 -0.5584025 0.8227545 0.5025295 -0.265592 -0.9619433 -0.2411577 0.1284841 -0.4995527 -0.8232159 0.2697458 0.7966271 -0.596339 -0.09881836 -0.9690625 0.2395741 -0.05934727 0.1108735 -0.990872 0.07668042 -0.01498329 0.994952 -0.09922802 0.105548 0.9173517 -0.38383 0.131282 0.9905608 -0.03942644 0.1288809 0.976917 -0.1703616 -0.5405039 0.7867371 -0.2981618 -0.8324629 -0.4975743 -0.2437732 -0.8783461 0.4756532 -0.04756379 0.7928709 0.6028096 0.0893104 0.9888661 -0.06660914 -0.1330679 0.5667681 -0.8002178 0.1960245 0.9611781 0.08929121 -0.2610821 0.9698957 0.2355796 -0.06168073 0.4787707 -0.8728716 0.09420025 -0.4550643 -0.8852237 -0.09641361 -0.0516594 0.9837339 0.1720435 0.2696373 -0.8506315 0.4513556 0.4206956 0.9060148 -0.04639524 0.5835633 0.7531944 0.3035658 0.949604 0.1524835 0.2738634 0.9624071 0.03747075 0.2690143 0.4250825 -0.5746381 0.6993541 0.09044909 -0.7673336 0.6348372 0.9413005 -0.1911365 0.2782455 0.859748 0.5106522 0.008240342 0.9947587 0.09794831 -0.02934956 0.7977463 0.5859722 -0.1422588 0.8153173 -0.06195837 0.5756899 -0.9418098 0.1855306 -0.2803083 0.5721327 0.8092706 -0.1332123 0.9590725 0.2816979 -0.0287463 0.981956 -0.178387 0.06277424 0.9294582 0.3637736 0.0614534 0.9620392 0.2278699 -0.1501865 0.9049558 -0.3562473 0.2326869 0.7542957 -0.644459 0.1253418 0.4233161 0.9050726 -0.04058676 0.5099357 0.8446949 -0.1626542 0.2340246 0.9689239 -0.08011943 -0.7162447 -0.6418302 0.2739481 -0.8115782 0.5380215 -0.2277585 0.3928894 -0.9195481 -0.008320689 0.6943866 -0.7089763 -0.1232071 0.23356 -0.9713211 0.04455393 0.441062 -0.8941683 -0.07698947 0.5497887 -0.8311223 -0.083476 -0.3379333 -0.9403916 0.03827542 0.5751352 0.3613426 -0.7339286 0.7516839 0.5492269 -0.3651317 0.9837278 -0.1170002 0.1363475 0.3504629 -0.9173898 0.1886048 0.5367355 -0.6183949 0.5740235 0.07383698 -0.8362342 0.5433789 -0.570222 -0.8202484 0.04516029 -0.03586447 0.9990816 0.02344554 -0.9407068 -0.335916 0.04723608 0.8931344 -0.2958212 0.338823 -0.967029 0.2484812 -0.05578625 0.990015 0.1173701 -0.07806813 -0.9783116 -0.09979605 0.1815134 -0.9861838 -0.1650933 -0.01363456 -0.990947 -0.1230447 -0.05370372 0.4680025 0.8815344 -0.0622158 -0.8122307 -0.5820552 -0.03864157 0.01681506 -0.9979347 0.06199747 0.9389917 -0.3438414 -0.008231997 -0.612016 -0.7903849 -0.02698791 -0.4664748 0.8792713 -0.09635025 0.1439306 -0.9726692 0.182205 0.3004634 -0.4723746 0.8286036 -0.1168418 -0.9583829 0.2604806 -0.3264574 -0.9291551 -0.1734833 -0.841764 0.07610273 0.5344548 0.8149687 0.2674499 -0.5140979 0.6170318 -0.2844361 0.7337356 -0.3433441 -0.2901204 0.8932777 0.9789359 -0.0389223 -0.2004237 0.9992867 -0.004807412 0.03745788 0.9855401 0.03714132 -0.1653218 -0.710989 -0.5569568 0.4292945 -0.1530581 -0.9346907 0.3208219 0.3637685 -0.5234028 0.7705336 -0.3531451 -0.5573702 -0.7514167 -0.4022771 -0.7558563 -0.5165797 -0.6950607 -0.670635 0.2591127 -0.8662609 -0.3280362 0.376808 -0.9307668 -0.2540904 -0.2628903 -0.3747065 -0.9020622 -0.2141935 -0.7884595 -0.5919106 0.167253 0.1007686 -0.9885085 -0.1126793 -0.2208749 -0.9679923 -0.1191858 -0.4575797 -0.8562532 -0.2396898 0.2231909 -0.9684352 -0.1109915 -0.5430078 -0.6156068 0.5711137 -0.9229689 -0.2888062 -0.2544005 -0.3978381 -0.6522446 -0.6452145 -0.9570232 -0.2899134 -0.007549881 0.1499415 -0.8106354 -0.5660282 -0.2961263 -0.9090546 -0.2931365 -0.6649189 -0.7009359 -0.2580151 -0.2452383 -0.9642074 0.1008092 -0.9047605 -0.3384946 -0.2585148 -0.895806 -0.373784 -0.2404521 -0.005665957 -0.8220231 0.569426 -0.6682431 -0.7433425 0.02988296 -0.8699222 -0.4122716 0.2706802 -0.5710464 -0.7257168 0.38372 -0.7308743 0.4948534 -0.4700456 -0.9253157 -0.3627071 0.1106099 -0.5547067 -0.8249667 -0.1083074 -0.7363459 -0.5957712 -0.3207046 -0.2040365 -0.9449073 0.2559676 -0.6438511 -0.7543152 -0.1283134 -0.3896362 -0.8072408 -0.4433351 -0.09586679 -0.5002965 -0.8605307 0.01406812 -0.08850431 0.9959765 -0.577627 -0.7952598 0.1841439 -0.1848531 -0.9723533 0.1426828 -0.07374775 -0.9700176 -0.2315755 -0.009592473 0.4361842 0.8998063 0.1678625 0.9228018 0.3467838 -0.527907 -0.4548188 0.7172546 -0.3103698 0.873731 0.3745193 -0.6144651 -0.7527488 -0.2362245 -0.5728439 -0.8190496 0.03174394 -0.4448223 -0.8622609 0.2421557 -0.3932818 -0.9193443 0.01164591 0.3171383 0.9267655 -0.2013185 0.3076753 0.9514712 0.00619924 0.3663265 -0.2028515 -0.9081059 0.1093819 -0.7680577 -0.6309699 0.1118946 -0.9937 0.006324112 0.2280148 -0.4669955 -0.8543562 0.4383863 -0.12927 -0.8894419 0.3534402 0.5668737 -0.7441333 -0.0298857 -0.2635565 -0.964181 -0.8510043 -0.5248351 0.01843428 -0.8826985 -0.4680464 -0.04214274 -0.7713422 -0.6328639 0.06719082 -0.3803959 0.9193045 0.1008874 -0.4795666 0.8727693 0.09104865 -0.9316143 -0.3312943 0.1494624 -0.8775975 0.05442297 -0.4762992 -0.9124884 -0.4061458 0.04909819 -0.9190727 -0.3795301 -0.1061252 0.2544961 0.8324485 0.4922006 -0.8948713 -0.4204146 -0.1498564 -0.9418854 -0.3028471 -0.1453805 -0.02551406 0.9524086 -0.3037549 -0.8399667 -0.5117031 0.1805985 -0.5727109 0.200174 0.794942 -0.2878124 -0.9027814 -0.319609 -0.3971278 -0.7320812 -0.5534859 -0.8607393 -0.26166 -0.4366486 -0.8698332 0.1634125 -0.465496 -0.746537 -0.6038893 0.2792854 -0.795641 -0.4487795 -0.4068815 -0.9135154 0.2718471 -0.3026363 -0.5216504 -0.7601637 -0.3873397 -0.08612716 -0.3518655 0.9320798 0.04313665 -0.4475835 0.8932012 -0.8815812 0.01171857 -0.4718871 -0.9035834 -0.3372614 0.264182 -0.9015772 -0.4281584 -0.06195867 -0.3253531 -0.5803067 0.7465853 -0.1659606 -0.5900196 0.7901481 -0.355372 0.811974 -0.4630432 -0.5264576 0.7119584 -0.4647126 -0.9405383 -0.01739418 -0.3392423 -0.3194382 0.6548377 -0.684943 -0.8562565 -0.5112309 -0.07394534 -0.3513916 -0.9093449 -0.2227463 -0.9633609 0.2681686 0.004654467 -0.4154496 -0.7404846 -0.5282842 -0.7237733 0.2797383 -0.6307922 -0.5854529 -0.8090374 -0.05199444 -0.7201441 -0.6929845 0.03413116 -0.8300527 -0.4868049 -0.2720908 0.2213894 0.9510706 -0.2155263 -0.7434257 -0.6644048 0.07671117 -0.8887164 -0.06143248 -0.4543231 -0.3019322 0.01836401 -0.9531526 0.1479641 -0.01724344 -0.9888424 0.7192735 0.6849191 -0.1163253 -0.5924602 0.5989636 -0.5387333 0.4391739 0.7288282 0.525296 0.1869248 0.5433696 0.8184184 -0.2196855 0.671916 -0.7072957 0.06913894 -0.6768603 -0.7328574 0.07824879 0.1012889 -0.9917751 -0.9987133 0.03805583 0.03352063 -0.3994797 -0.888323 -0.2264915 -0.705712 0.4987177 -0.5032408 -0.3004142 -0.3569583 -0.8844955 -0.9964377 -0.01071411 0.08364951 -0.3577545 0.9319525 0.05896008 -0.8975837 0.4350812 -0.07104831 -0.9626486 0.1205703 -0.2424263 -0.7095324 -0.1279688 -0.6929558 -0.6802371 -0.7000698 0.2172092 -0.7168579 -0.3724 0.5894346 -0.9831016 -0.1526671 -0.1010155 -0.9493112 0.00125873 0.3143352 -0.8254563 0.07757651 0.5591099 -0.5166245 0.2876099 0.8064613 -0.2221688 0.3967056 0.8906547 -0.7605575 0.6156362 -0.2062626 -0.788345 -0.3884693 0.4770783 0.3292143 0.939884 -0.09075444 0.1505727 0.8034784 -0.5759778 0.9189825 -0.01164901 0.3941262 0.3719657 0.9070026 0.1974534 -0.4828078 -0.1332008 -0.8655369 0.2969143 -0.8772627 0.3771635 0.6303307 -0.7521197 -0.1923518 0.7063556 -0.2325513 0.6685669 0.3109223 -0.7641149 0.5652042 -0.59946 0.015257 -0.8002593 0.9030647 -0.08792936 -0.4204075 0.819528 -0.01054275 -0.5729423 0.8680934 -0.310818 0.387048 0.9852688 0.1400421 0.09815192 0.1067993 -0.1908517 -0.9757918 0.3445246 -0.3405613 0.8748263 0.1600147 -0.5414518 0.8253638 -0.162512 -0.08857506 0.982723 -0.2831052 -0.3700206 0.8848368 -0.01494389 -0.9286837 -0.3705716 -0.07346141 -0.8362432 -0.5434157 0.314777 -0.7090067 -0.6310508 -0.4028277 -0.8519219 0.3346028 -0.9963241 0.02743893 0.08115077 -0.3492118 -0.5195764 0.7798022 -0.3489486 -0.7945546 0.4969084 0.2080659 -0.8754547 0.43622 -0.8899985 -0.4465584 0.09213292 0.8125829 -0.1950224 0.5492497 -0.8848906 0.4089351 -0.2230266 -0.970766 0.04099172 0.2365019 -0.783102 -0.07430374 0.6174383 0.8462325 0.2597621 -0.4652036 0.4589611 0.2653441 -0.8479076 0.2652897 0.1327819 -0.9549819 0.3495508 0.07606732 -0.9338244 -0.9034907 -0.03043848 0.4275257 -0.7477841 0.1914004 -0.6357554 -0.9673365 0.1769246 -0.1815433 -0.4774432 -0.4461141 0.7569876 -0.1081349 -0.5358572 0.8373553 0.1792704 -0.3570519 0.9167203 -0.9078076 0.4043754 -0.1112018 -0.7996795 0.6003217 -0.01125723 0.386636 -0.284815 0.8771505 0.2817482 -0.3005405 0.9112043 0.6076161 0.4598968 -0.6475321 0.6345485 -0.05195099 0.7711352 -0.5740899 0.5972726 -0.560077 -0.6431372 0.704629 0.2997877 0.5048646 -0.7034382 0.5002865 0.8370457 -0.3495727 0.4208961 0.8944738 0.3621787 0.2621892 0.8310055 0.5139576 0.2127849 0.841544 0.5334953 -0.08477264 0.9945958 0.07277321 -0.07404935 -0.6259462 0.7768446 0.06858575 0.7780007 0.6232137 0.07949584 0.8650109 -0.480284 0.1452012 -0.8688542 0.4835505 0.1061665 -0.9797016 0.1191919 -0.1611775 -0.6947162 0.7186852 -0.02934521 0.7962352 -0.5552522 0.2402179 0.6999752 -0.7141494 -0.005037009 -0.3230844 -0.9456044 0.03806334 0.09064048 -0.4201344 0.9029238 0.9555999 -0.1388492 0.2599038 0.8081588 -0.3660489 0.4613974 0.9592471 -0.1915025 0.2077786 -0.978743 -0.121551 0.165189 -0.8212337 0.2407534 -0.5173133 -0.9577977 0.2874433 1.5773e-4 -0.9331178 -0.2880498 0.2152174 -0.7262039 0.08838975 -0.6817736 0.2212255 -0.5356218 0.8149655 0.552842 0.4263554 -0.7159518 -0.8688409 -0.2595465 0.4216055 -0.9712437 0.1920666 -0.1406986 -0.981444 -0.08137929 0.1736239 -0.6903648 -0.400032 0.6028025 0.2650805 0.3741211 -0.8886877 0.2559641 0.3763135 -0.8904329 -0.5361429 0.8438162 0.02291691 0.9559286 0.06913739 0.285343 -0.9795821 -0.1604509 0.1211389 0.9789506 0.02614539 -0.2024157 -0.9805248 0.02178287 0.1951839 -0.989449 0.09894573 -0.1058324 0.2779319 -0.2959273 0.9138824 0.3240042 -0.09278964 -0.9414942 0.8228201 0.04827034 -0.5662484 0.08738631 0.3903238 -0.9165212 -0.3169261 0.4105156 -0.8550058 0.1657775 -0.1785849 -0.9698585 -0.2444264 0.2132114 -0.9459369 -0.3541215 -0.02049571 -0.9349749 -0.444724 0.1285408 -0.886396 0.04426437 0.05824857 -0.9973204 0.8768633 -0.09811228 -0.4706217 0.7077339 -0.1145351 0.697133 0.1555534 0.05688971 -0.9861881 -0.9763044 0.1374986 0.1671044 -0.6214324 0.2923428 -0.726882 -0.995315 -0.0643211 0.07218819 -0.1072426 -0.2038617 0.9731082 -0.6070468 0.1116739 -0.7867804 0.1465067 0.2099744 -0.9666678 0.8689937 -0.1028638 -0.4840134 0.9786677 -0.1585508 -0.1306568 0.1627331 -0.1749612 -0.9710338 0.8918752 -0.4074442 -0.1963362 -0.855443 -0.2415086 0.4581387 -0.008912861 -0.8528807 0.5220298 -0.1437636 -0.3471771 0.9267147 -0.995209 -0.07301431 0.06502354 0.2469007 -0.223525 -0.9429086 -0.003394603 -0.254173 -0.9671528 -0.4706694 -0.04359376 -0.881232 0.02019405 0.4297738 -0.9027107 -0.141129 0.1273568 -0.9817652 0.8150901 -0.07541471 0.5744047 -0.06828141 -0.565901 0.821641 -0.6442317 -0.7647695 0.009655892 -0.5319193 -0.7990199 0.2804089 -0.6265348 -0.5670229 0.5347331 0.9539169 0.2684254 0.1341292 0.9325892 0.3427404 -0.1131653 0.5943595 -0.04567319 0.8029016 -0.4828456 -0.2863335 0.8275707 0.995717 0.02289187 0.08957546 0.4946039 -0.1799039 0.850295 0.7954042 0.2234629 -0.5633796 0.9637613 -0.06612169 0.2584421 0.7337037 -0.2023274 -0.6486467 0.5307974 -0.7097027 0.4632237 -0.9165813 -0.3866053 0.1020553 -0.8309293 0.07724618 -0.5509896 0.004937171 0.1570751 -0.9875744 0.7573412 0.2134644 -0.6171444 0.9674409 0.01960748 -0.2523368 0.9412671 -0.0563023 0.3329359 -0.1215168 -0.3850356 0.9148669 0.684211 0.4721719 0.5557959 0.8380093 -0.223807 0.4976454 0.4217945 -0.02568703 0.9063276 -0.390334 -0.02597784 0.9203068 0.2613533 -0.8744566 0.4086812 -0.9865748 -0.1597822 -0.03376311 0.6187424 -0.2803717 0.7338594 -0.9079778 -0.2935607 0.2989959 -0.9519093 0.08030056 -0.2956699 -0.8927825 -0.006519854 -0.4504408 0.6608895 -0.2112978 -0.720124 -0.4828372 -0.3352202 0.809009 -0.9992166 0.03330022 0.02138674 -0.3532248 -0.3340919 0.8738506 -0.1538341 -0.001466453 -0.9880956 0.2544113 -0.3430474 0.9042088 0.3974274 -0.08863294 0.9133432 0.2478735 -0.1375827 0.9589733 -0.9870314 0.07608681 0.1413505 -0.1020907 -0.6833868 0.7228831 -0.465151 -0.1767074 0.8674153 -0.5084646 -0.3245051 0.7975966 0.1347266 -0.2717157 0.9529005 0.0699191 -0.3332906 0.9402281 -0.03587412 0.2479364 -0.9681119 0.04524189 -0.3959876 -0.9171408 -0.5553274 -0.07594519 0.828157 -0.1294491 -0.2282204 0.9649655 -0.08817577 -0.1421532 -0.9859095 -0.3366799 -0.3845096 0.8595343 -0.670062 -0.466404 0.5774809 -0.5510696 -0.02532339 0.8340749 0.8116653 0.01386421 0.5839583 0.6812438 -0.1132666 0.723241 -0.2571877 -0.3355935 0.9062182 -0.3742966 -0.3489512 0.859148 0.9977139 0.06168091 0.02761465 0.06707441 0.02260792 -0.9974918 0.01345205 -0.09516471 -0.9953706 -0.3453674 -0.08270883 -0.9348158 0.8829272 -0.2176479 0.4160156 0.9609185 -0.2758806 0.02292776 0.2777184 -0.8183374 -0.5031864 -0.7426935 -0.5555348 -0.3738816 -0.9178895 -0.3449851 0.1961231 0.7359596 -0.1710742 -0.6550551 0.8036406 -0.3317643 0.4940591 -0.9498488 -0.2369148 0.2041044 0.8950729 -0.443681 -0.04462873 0.4537587 -0.7775487 -0.4353402 0.990038 0.04157811 0.1345219 0.8097406 0.4179346 -0.411887 0.1071583 -0.7079302 0.6981061 0.1737281 -0.6648069 -0.7265332 -0.3621127 -0.7655279 -0.5318285 -0.02502715 -0.2271592 0.973536 -0.7049467 -0.5543639 -0.4424148 0.3592973 -0.1804639 -0.9156082 -0.4475495 -0.5948429 0.6677286 0.7455518 -0.06357526 0.6634085 -0.624186 0.1862584 -0.7587488 -0.2488478 -0.325553 -0.9121897 -0.3426923 -0.2869141 0.8945626 -0.6019319 -0.04509949 0.7972729 -0.9570656 -0.07109826 0.2810173 -0.8558121 0.04260307 -0.5155297 -0.04940664 -0.1489825 0.9876049 -0.5881838 0.0877425 0.8039535 0.9546452 -0.06143212 0.2913395 0.7000029 0.04384899 0.7127926 0.3752497 -0.294531 0.8788853 0.1121529 -0.5379758 0.8354663 0.7406482 -0.1066913 -0.6633682 0.1873382 -0.1113432 -0.9759648 -0.02932548 -0.2876899 -0.9572746 0.09826177 -0.2696387 -0.9579351 -0.3923894 -0.1727052 0.9034398 -0.8503497 0.02878135 0.5254305 -0.814478 -0.1709195 -0.5544477 -0.06070446 0.008129656 -0.9981228 -0.360424 -0.1937388 -0.9124472 0.5384323 -0.2472807 -0.80557 0.9894952 0.117511 0.08420592 0.9694644 0.2285493 0.0889045 0.9671182 0.2354652 0.09611749 0.9776362 -0.1996975 -0.06594276 -0.8690878 -0.1912633 0.4561852 -0.7724585 -0.3857512 0.5044838 -0.7081539 -0.6813126 -0.1852867 0.06319457 -0.9739987 -0.2175615 0.7288181 -0.2272086 0.6459106 0.7675741 -0.544034 -0.3389058 0.108296 -0.9067462 -0.4075333 -0.4130412 -0.6207186 -0.6664123 -0.007774889 -0.8937289 0.4485404 0.9191464 -0.1378813 -0.368997 0.5308932 0.09579354 -0.8420072 0.35047 -0.9334297 0.07668042 -0.05896896 -0.997843 0.02884781 -0.02620345 -0.9636145 -0.2660087 0.1541897 -0.8537077 -0.4974021 0.5004227 -0.8536361 0.144508 0.588248 -0.8044829 0.08228939 0.6051004 -0.6520707 -0.4567904 0.6927955 -0.3637468 0.6226739 0.8465391 -0.5066835 -0.1632282 0.7864295 -0.612953 -0.07627147 0.7362667 -0.6634873 -0.1330261 0.6435597 -0.7576455 -0.1086478 0.3524658 -0.9228581 0.1552451 0.6177287 -0.7621594 0.1937124 0.9465103 -0.05866855 0.3172956 0.5175573 0.08906829 0.8510003 0.3218287 -0.8751973 0.3611869 0.90237 -0.1216429 0.4134386 0.5166097 -0.5701206 -0.638809 0.1881955 -0.9820253 -0.01444566 0.8246294 -0.561519 -0.06843066 0.7273311 -0.3048085 -0.6148833 0.7922787 0.3178029 -0.5208607 0.6774765 -0.5885081 -0.4412298 -0.1916964 0.06450384 -0.9793324 0.3910049 -0.8178558 -0.4221696 0.1613994 -0.4811568 -0.8616487 0.1744391 -0.977025 -0.1224461 0.6957765 -0.4539893 0.5565867 0.5798318 -0.7965812 -0.1710368 0.3252818 -0.5522449 -0.767605 0.3725287 -0.8764901 0.3049387 -0.05291551 0.3495051 0.935439 -0.265937 -0.01646369 0.9638499 -0.3773859 0.9139962 -0.1489659 -0.7234605 0.685191 0.08436954 0.05826658 -0.8096929 0.5839542 -0.31599 0.9476803 -0.0453037 -0.602208 0.7982181 -0.01391601 -0.1720291 0.3170511 0.9326761 -0.2279842 0.9651495 -0.1284903 -0.562613 -0.007786512 0.8266838 -0.8870189 0.4266902 -0.1764457 -0.4398273 0.4926996 0.7508656 -0.02686023 0.7506734 -0.6601273 -0.2677618 0.408437 0.8726298 -0.5231951 0.02012169 0.8519754 0.3369841 0.5140422 -0.788798 -0.6196327 0.1572232 0.7689838 -0.9966961 0.06975245 -0.04161262 0.4324176 0.2004931 -0.8791005 0.4541049 -0.1252333 -0.8821029 -0.6560764 0.3027828 0.6912932 -0.9723587 -0.1474408 0.1810522 0.4475456 -0.4100397 -0.794714 -0.4133349 -0.757674 0.5050588 -0.9028936 -0.4258678 0.05847877 -0.2412149 -0.9695054 0.04329603 0.06957656 -0.9919695 0.105621 0.5734145 -0.6587619 -0.4870612 -0.05147314 -0.8195561 -0.5706823 0.2394806 -0.9285678 -0.2835682 0.7748137 -0.6255391 -0.09145945 0.9727155 -0.2273344 0.04630029 0.8857628 -0.3338871 0.3224033 0.2328515 -0.200266 -0.9516689 0.530773 -0.8361348 -0.138415 0.2406526 -0.8881206 -0.3915715 0.2717468 -0.9053021 -0.3264688 0.7652651 -0.5832747 0.2723235 0.8831713 -0.4437739 0.1518994 0.119406 -0.8783991 -0.4627712 0.8033171 0.02178531 0.595153 0.9678891 0.2394216 0.07660239 0.7641305 0.3648318 0.5319799 0.8723064 0.3312174 0.3596898 0.5822396 0.7312921 0.3552591 0.2530987 0.8698882 0.4233623 0.2526924 0.9626237 0.09747874 0.4441161 0.6653611 0.6000463 0.7194278 0.6076967 0.3363458 0.9990076 -0.04262822 0.01290899 0.7091132 0.1067355 0.6969691 0.74098 0.6520783 -0.1604454 0.570279 0.7623802 -0.3058735 0.4913951 -0.790179 0.3662621 0.2810913 -0.6815857 -0.6755951 0.6908724 -0.7182001 -0.08296966 0.878319 -0.1601904 -0.4504385 0.9341581 0.1905797 -0.3017089 0.9672424 0.224929 -0.1176827 0.04377776 0.6863685 0.7259352 0.8196769 0.5477949 0.1674829 0.6217118 0.7797972 0.0734229 0.6885572 0.6798284 -0.2524328 -0.02453094 0.9988085 -0.04219001 0.627748 0.7470079 0.2188875 -0.02014273 0.9021645 0.4309217 0.8613864 0.5079499 7.44705e-4 0.7970494 -0.4142236 0.4394667 0.9285507 -0.2704049 0.2543126 0.3690653 0.1642836 0.9147688 0.4143587 0.8370041 -0.3573949 0.1679568 0.8792745 -0.4457206 0.8078368 -0.02108067 -0.5890291 0.9828608 0.1145981 -0.1444024 0.9191927 0.3324239 -0.211138 0.6991 -0.1319304 0.7027472 0.0248245 0.1205661 0.9923949 0.2364823 0.9300898 -0.281086 0.7947835 0.01231461 0.6067681 0.07866984 0.9865073 -0.1435773 0.2464849 -0.04930967 0.9678914 0.3146025 -0.9275766 0.2015618 0.4859371 -0.4530508 -0.7474023 0.8823784 -0.3831173 -0.2731841 0.7881901 -0.4521278 -0.4175367 0.09883654 -0.2164044 0.9712881 0.3594816 0.8800922 0.3101786 0.2422784 0.9679734 0.06579339 -0.004527568 0.9868033 0.1618607 -0.02600765 -0.3481079 0.9370937 0.112746 -0.2631294 0.9581499 -0.2959588 -0.304742 -0.905285 0.9294114 0.2726101 -0.2487534 0.2590389 -0.2936148 -0.9201573 0.06250244 0.9750164 -0.2131585 -0.7001311 0.6856564 0.1992283 -0.1211958 0.9914645 0.04806107 0.03941231 0.7421532 -0.6690706 -0.7178789 0.265618 -0.6435037 0.8763551 0.4648891 -0.1260164 0.8278981 0.4363103 -0.3524458 -0.8422057 -0.03430318 0.5380641 -0.9834362 -0.07479399 -0.1651033 -0.6368483 0.01099675 -0.7709107 0.1450083 0.3029928 -0.941896 -0.9085003 -0.3193784 -0.2694896 0.5809479 0.0929777 -0.8086128 0.7569778 0.01004803 0.6533634 0.7855578 0.1460749 -0.6012995 -0.0476318 0.06243669 -0.9969117 -0.5419664 -0.05336433 -0.8387043 -0.8767387 0.009316742 0.4808769 0.8751106 0.0345115 0.482691 0.4271302 -0.3571223 0.8306765 -0.8535473 -0.4801024 -0.2023827 0.8920311 -0.3008447 -0.3373028 -0.3555942 -0.7965332 -0.4889659 -0.04134982 -0.9153848 0.4004509 0.5001381 -0.6408799 0.5823528 -0.3024666 -0.6521758 -0.6951121 0.9755029 -0.03287476 -0.2175164 0.7287871 0.1951958 -0.6563293 0.8311343 -0.5516589 0.06991648 0.5360109 -0.8413558 -0.0693742 -0.1569183 0.8575503 0.4898818 0.5899888 0.3586258 0.7233953 0.6954962 -0.1404446 0.7046704 0.2946049 0.622983 0.7246379 0.3869193 0.4033549 0.8292156 0.1127527 -0.9504774 0.2896199 0.09100914 -0.9933377 -0.07069391 0.9588402 0.2826683 0.02691316 0.4268373 -0.8900245 0.1602076 0.6363434 0.769382 -0.05584383 0.2623876 0.9630279 -0.06107467 -0.7845309 -0.6189301 -0.03790634 -0.9194976 -0.3906904 -0.0434215 0.8992552 -0.4114255 0.148557 -0.1217355 0.9848862 -0.1232057 0.7371882 -0.6548327 0.1665766 0.9871981 -0.1045264 0.1204757 -0.9529641 0.255335 -0.16329 0.4279667 -0.899608 -0.08689111 0.5427296 0.7392743 -0.3986455 0.904685 0.1182071 -0.4093559 0.01322072 0.982384 -0.1864059 -0.07809644 0.9766094 -0.2003377 -0.309665 -0.9447671 0.1073451 0.8102027 -0.1554457 -0.5651624 0.4909073 0.7031788 -0.5143437 0.801411 -0.5340126 -0.2693898 -0.6093757 0.1876898 -0.7703466 -0.9465839 0.2085152 0.2459682 0.103376 -0.9937757 0.0415157 0.9293031 0.3094646 -0.2015625 -0.03816509 0.9876484 -0.1519675 -0.1912162 -0.9532139 0.2341361 -0.8164631 0.3862794 0.4291578 0.8383724 -0.5444923 -0.02568626 -0.4676879 -0.8527126 0.2326999 -0.9506598 0.3097599 0.01716881 -0.1255505 -0.9788501 0.1615229 -0.922295 0.368844 0.1154384 -0.760808 -0.5309899 -0.3731232 -0.6171453 0.7828696 -0.07903754 0.4301685 -0.3312717 -0.8397703 0.890487 -0.1314831 -0.4355975 0.7340547 -0.5240128 -0.4319427 0.8360515 0.3427501 -0.428416 0.9281303 -0.05635058 -0.3679657 0.9371567 0.05175358 -0.345049 -0.6580522 -0.7165333 0.2314032 0.03586697 0.9912113 -0.1273338 -0.2103563 -0.9699361 0.122369 0.7898071 0.3315141 -0.5160459 0.7908291 -0.4520975 -0.4125497 0.678279 -0.6813333 -0.2751776 -0.4328497 0.3034134 -0.8488707 -0.9282822 0.334285 0.1629285 0.2079223 0.9764534 -0.05750817 -0.2059698 -0.9744911 0.089127 0.7199167 0.609143 -0.3326634 0.8313612 -0.5249879 -0.182281 0.4230476 -0.9058861 -0.0200302 0.8738836 0.07899838 -0.4796739 0.008511006 0.9916736 -0.1284961 -0.5959073 -0.8021487 0.03810709 0.9672524 0.08901953 -0.2376939 0.5779979 0.8111546 -0.08914458 -0.9565348 -0.1292025 0.2614343 -0.5348824 -0.3208987 -0.781617 -0.9635857 -0.1443963 0.2250604 -0.8986905 -0.2590439 0.3539094 -0.9641399 -0.260505 0.05070984 -0.7626755 0.6460339 -0.03108739 -0.6969473 0.6964354 0.1710033 -0.76604 0.6423727 -0.02324396 -0.8630883 0.4206895 0.2794622 0.9140455 -0.1823179 -0.3623272 0.9193728 -0.2365726 -0.3143041 -0.7429001 0.6463779 0.1740552 0.721536 0.3216379 -0.6131353 0.3991096 0.9062598 0.1393014 0.8332888 0.4224243 -0.3566336 -0.1350851 -0.9902008 -0.03541952 0.8439903 -0.3890894 -0.3691746 0.7230921 0.6355782 -0.2705149 0.6866088 -0.6977708 -0.204167 0.3131381 0.9394118 -0.1394634 0.9518611 0.1879771 -0.2421266 -0.9263046 0.3667914 0.08616226 -0.9592506 -8.77778e-4 0.2825556 -0.9320061 -0.1338674 -0.3368148 -0.9271851 -0.3086609 0.212265 -0.5536563 0.4488598 -0.7014198 -0.6695141 0.713844 0.2053723 0.8655453 -0.290654 -0.4078624 -0.6488911 0.7168204 0.2551648 0.8519871 0.4887785 -0.1876525 0.5065618 0.8519731 -0.1324279 0.8550649 0.2851207 -0.4330939 0.01660722 0.9903357 0.137694 0.5096629 -0.7820395 -0.3586893 -0.584591 0.2833766 -0.7602309 -0.3680868 -0.9283021 -0.05260771 0.7906911 0.0100702 -0.6121324 0.8881129 -0.3070642 -0.3420048 0.8169969 0.2728679 -0.5079953 0.5201793 -0.6777898 -0.5196293 -0.480359 -0.8704578 -0.1075113 0.9141064 0.3794604 -0.1428966 -0.38354 -0.9231682 0.02564781 -0.9020369 -0.3094385 0.3009607 -0.9702254 -0.1115142 0.2150052 -0.8408153 0.4911407 0.2276195 -0.6231333 0.6215044 0.4748024 -0.5158782 0.8131489 0.2695529 -0.7465234 0.5320873 0.3994823 0.7461196 -0.3506847 -0.5659734 -0.9420578 0.1317164 0.3085092 0.8260799 -0.5118682 -0.2357605 0.0716837 -0.9931504 -0.09227097 -0.9126613 0.3986838 -0.09000414 -0.2301103 -0.9510183 0.2064301 0.8830884 -0.04371225 -0.4671663 -0.9599146 -0.03514218 -0.2780813 0.06391745 -0.9948406 -0.0787844 -0.3684681 -0.8450834 0.3873827 -0.8471074 -0.3691511 0.3822784 0.6999148 -0.6914671 -0.178865 -0.8506809 -0.3488406 0.3932588 -0.1942183 -0.9664205 -0.1682576 -0.4240773 0.9052351 0.02660697 -0.6037897 0.7290492 -0.3223746 -0.5199003 -0.1945915 -0.8317679 0.5910636 -0.02650946 -0.8061892 -0.164039 -0.8101937 -0.5627409 0.2516314 -0.9631515 0.09497797 -0.03096854 -0.986055 0.163513 -0.04112154 0.9275401 -0.3714546 0.1699022 0.8699339 -0.4629779 0.6009531 0.7100687 0.3669576 0.8190461 0.324172 -0.4733666 0.5512099 0.6882001 -0.4717502 0.2067347 -0.974841 0.08334141 0.3174144 -0.9435259 0.0949065 0.3368486 0.9175453 -0.2112907 0.20978 -0.9735234 -0.09079974 0.7138348 0.6182563 -0.3289362 0.2721117 -0.9614396 -0.03986585 0.9086036 0.1536861 -0.3883558 0.3993236 -0.8831972 -0.2459748 0.8505733 0.1660547 -0.49895 -0.8003541 -0.5431517 0.2538105 -0.795126 -0.3637601 0.4852352 -0.8224213 -0.4644535 0.3284909 -0.6406841 0.7562002 -0.1329861 -0.4589263 0.8868033 0.05446815 -0.8016346 -0.4676182 0.3724449 -0.6581724 -0.7165909 0.2308822 -0.06897735 0.9875571 -0.1413269 -0.7541829 -0.6128793 0.2357689 -0.7075026 -0.7064512 -0.01915401 -0.2725182 0.9508586 0.1469762 -0.3879671 0.9183439 0.07827001 -0.7628058 -0.6133179 0.2048622 -0.1844939 0.9643758 0.1895825 -0.8631888 0.4847022 -0.1413111 -0.1327805 0.9885098 0.07223528 0.4565339 0.8895952 -0.01404696 0.9172568 0.1869496 -0.3516955 -0.9006458 -0.4188789 -0.1156617 -0.956638 0.1539638 0.247263 0.7753997 0.6148983 -0.1437199 0.8131016 -0.5761082 -0.08345866 0.9694221 -0.2361722 -0.06666147 0.9523346 0.2630619 -0.1544579 0.9238197 -0.09309899 -0.3713351 0.354031 0.9219243 -0.1572181 -0.2800322 0.9112225 -0.3020855 -0.9610416 -0.2720193 -0.04903727 0.2971358 0.9455004 -0.1331891 -0.8483216 -0.5294622 0.004519581 0.2915568 -0.9557377 0.03950053 0.8054825 0.5926193 -7.01057e-4 0.1013115 0.9666203 -0.2353323 0.9118677 -0.3642362 0.1892859 -0.8234552 0.482419 -0.2986527 0.9720196 0.2060841 0.112726 -0.7326613 -0.6798484 0.03183674 -0.911728 0.2699664 -0.3096292 0.4093437 0.8982248 -0.1600941 0.06864202 -0.9944444 0.07980376 0.6768784 0.7329982 -0.06744897 0.9898741 -0.06558924 0.1258862 0.3733737 -0.9193449 0.1240852 0.8927426 -0.4443539 0.07456827 0.8718475 0.4869307 0.05273121 -0.9974534 0.06897997 -0.01812332 -0.2701594 0.9540337 -0.1297447 0.4064921 0.9136205 -0.007859706 -0.9017342 -0.43149 -0.02630251 0.6742669 0.7380194 0.02629685 -0.6203669 -0.7831156 0.04329997 0.9812051 0.1893615 0.03713268 0.05644273 -0.9980779 0.02558875 -0.9975698 0.0503959 -0.04811388 -0.911439 -0.4093791 0.04108303 -0.8698723 0.4781397 -0.1212627 0.9736837 -0.2276591 -0.01056468 0.3700482 0.9199176 -0.1296762 0.08008414 0.9837685 -0.1605812 0.6017665 -0.7983059 0.02418029 0.8339046 -0.5518361 0.00895369 -0.9258461 0.3274186 -0.1886959 0.1880098 -0.9815852 0.03380745 -0.9780731 0.1117491 -0.1757422 0.7118963 0.689889 -0.1313657 -0.8233712 0.5262596 -0.2123932 0.9342269 0.3481705 -0.07744324 -0.9566485 -0.2583453 -0.1344673 -0.08681225 0.96968 -0.2284394 -0.9011771 -0.4221954 -0.09813815 0.1616936 -0.9783653 0.1290606 0.7815129 -0.6212763 0.05703783 0.988528 0.09743773 -0.1154046 0.9307724 -0.3650772 -0.01953464 0.9488814 0.2618569 -0.1762243 0.7181236 0.6928005 -0.06577265 0.9537668 -0.3002094 0.01425802 -0.9242159 -0.3816788 0.01210224 0.9754067 0.1910309 -0.1099506 0.6357991 0.3861804 -0.6682994 0.8414806 0.5103868 -0.1772453 0.8566992 0.5154995 0.01807582 0.264634 0.6738278 -0.6898731 -0.9014903 -0.2456063 0.3563607 0.6448566 -0.7640588 -0.01934707 0.2738389 0.8737778 -0.4019014 -0.6314571 -0.6704285 0.3895995 0.6312167 0.6244212 -0.4600692 -0.766384 0.6415767 -0.03217238 -0.1823383 0.9493061 -0.256068 0.9164893 -0.2185679 -0.3350756 -0.00768727 -0.9563843 0.2920108 -0.9671849 0.2201666 0.1268076 0.2131434 0.864359 -0.4554706 0.5240147 -0.8512259 -0.02869004 0.8015919 -0.4057739 -0.4390876 -0.6712885 -0.7029483 0.2350221 -0.8000547 0.4903576 -0.3456329 0.5016238 -0.8227931 0.2671803 -0.9573071 -0.1436095 -0.2508775 -0.9595077 -0.2133347 -0.1839382 -0.9748675 0.1657395 -0.1488755 0.001897335 -0.1670329 -0.9859496 -0.8377285 -0.2632348 0.4784544 -0.9592848 -0.2676406 0.09022921 -0.6133365 0.1137146 -0.7815929 -0.4008494 0.4993776 -0.7680769 -0.8814715 -0.04911977 -0.4696758 -0.9700606 -0.102832 0.2200183 -0.9061648 0.2276869 -0.3564043 0.9846176 0.08765006 -0.151148 -0.7813365 -0.6092572 -0.1353474 0.6535206 -0.7007397 0.2861378 0.009609162 0.9996275 -0.02554494 0.2378551 0.9617598 -0.1358055 -0.6236609 -0.7768429 0.08696138 0.6224735 -0.7615272 0.1805629 0.836349 -0.4720879 -0.2786637 -0.9089007 0.3268038 0.2590348 -0.8899378 0.03058147 0.4550558 -0.4432259 -0.8441905 0.301485 -0.2332859 -0.8119897 -0.5350239 -0.6465667 -0.4326041 -0.6283354 -0.8266729 -0.2457422 -0.5061846 0.1426865 -0.6643219 -0.7337009 -0.5147824 -0.8571438 0.01742458 0.935398 0.3532392 -0.0159018 0.6592478 -0.7487239 -0.06931704 0.6567391 -0.08176302 -0.7496723 0.7638624 -0.6381204 -0.09652227 -0.5622636 -0.7169612 0.4120998 -0.962582 -0.1349998 0.2349702 -0.8838248 0.04030275 -0.4660786 -0.9063311 0.2870069 -0.3101469 0.9793615 -0.0277478 0.2002024 -0.5163781 -0.8562108 0.01602685 -0.3741204 0.914738 -0.1526052 -0.2088861 0.9289799 -0.3055536 -0.2588189 0.9403948 -0.2206143 0.9340119 -0.300476 -0.1932248 -0.6926628 0.6936057 -0.1978119 0.6128482 0.02534252 -0.7897943 0.8107991 -0.5633535 -0.1588637 -0.1878705 -0.9546538 0.2309563 -0.9987148 0.03286522 0.03858423 -0.3040501 -0.9178129 0.2552904 -0.03166764 0.9862407 0.1622543 0.8158485 -0.5777831 -0.02362322 0.7790959 -0.5840466 -0.2278141 -0.6056995 0.7696367 0.2019593 -0.8522059 0.3875529 0.351494 -0.9611803 -0.01534765 0.2754943 -0.394296 -0.4977225 0.7725304 -0.05379998 -0.7213855 0.6904408 -0.9045292 -0.2584532 0.3391594 -0.848869 0.5091475 0.1420925 -0.9862214 -0.06601667 0.1516882 -0.9490457 0.3014932 0.09172862 -0.8098534 -0.09144526 0.5794612 0.03194946 0.975585 -0.2172861 0.9158607 -0.1175986 -0.3838878 0.9266967 0.3273115 -0.1846637 -0.5858389 0.7919911 -0.1718806 -0.9925863 0.1180726 -0.02883535 -0.9737414 -0.2268741 0.01887124 -0.9017574 -0.4306674 -0.03686892 -0.06674081 -0.9751479 0.2112637 -0.6257985 0.7609722 -0.1711658 -0.630572 0.6684585 -0.3943887 -0.5179272 0.8283825 -0.2133867 -0.5187245 0.8547896 0.01611691 -0.5331444 0.8367034 -0.1252387 -0.6175948 0.7564332 -0.2153726 -0.3367756 0.9343926 -0.1161586 0.8083258 0.5665606 -0.1600575 -0.2576752 -0.9646579 0.05512619 -0.4945738 -0.8662156 0.07118427 -0.2679817 -0.9632546 0.01807177 -0.4917428 -0.870675 -0.01068443 -0.3276976 -0.9444114 0.02648836 -0.1126691 -0.9930635 0.03362339 -0.633196 0.3207594 -0.7043979 -0.2404988 0.88962 -0.3882481 -0.8554986 0.3960024 -0.3336231 -0.8654832 -0.3130521 0.3910721 -0.1767515 -0.9255374 0.3348723 -0.539099 -0.6918301 0.4803577 -0.9609433 -0.1079072 0.2548412 -0.0601859 -0.8380706 0.5422319 -0.6405546 -0.7646441 0.07077658 -0.8643766 -0.4973148 0.07437306 -0.9306801 0.3351461 -0.1466686 -0.09601461 0.9953743 0.003350615 0.8935092 -0.4258028 0.1425957 0.1896659 -0.6722617 0.7156053 0.997524 -0.06716585 0.02085137 0.7243598 0.6824257 0.09796988 -0.7331462 -0.6789575 0.03890281 0.9843358 0.1058291 -0.1410083 -0.4666103 0.8810753 -0.07733881 -0.7149278 -0.6990327 -0.01521694 0.8187006 -0.573607 -0.02654278 0.09728896 -0.9947879 0.03052723 -0.3593208 -0.9277013 0.1012862 0.5658499 -0.8243874 0.0141201 0.7942838 0.6006859 -0.091048 0.4681859 0.877861 -0.1008082 -0.3102279 -0.4629373 0.83033 0.5309338 -0.8240272 -0.1977081 -0.7899467 0.2241849 -0.5707235 0.4989951 -0.1875795 -0.8460602 0.2380775 -0.8991355 0.3672527 0.5546015 -0.7505579 0.3592772 0.5316656 -0.4479109 -0.7188237 0.640448 -0.6041036 -0.4742206 0.9764736 -0.02659869 -0.2139905 0.9609386 -0.2231454 -0.1637166 0.3036324 -0.9241548 0.2318303 -0.781534 -0.5551263 0.2846748 0.8959309 -0.3910806 0.2106276 0.7417286 -0.500164 0.4468498 0.469101 -0.8549733 0.2212804 0.6420186 -0.6869867 -0.3403843 0.7703438 -0.4818452 0.4176074 0.7860394 -0.4542277 0.4193081 0.9766831 -0.06227654 -0.2054552 0.4436612 -0.7266637 -0.5245234 0.8718253 -0.4594482 -0.1697883 0.8014511 -0.5816869 0.1389842 0.823231 -0.5234833 -0.2196726 0.7490867 -0.545751 -0.3755328 0.453335 -0.882894 0.1224161 0.9606944 -0.1242157 -0.2482676 0.5418669 -0.6462702 0.5373222 0.1584159 -0.7916402 0.5900934 0.7855163 -0.3858414 -0.4838293 0.5159658 -0.8166401 0.2586086 0.7853555 -0.3447141 0.5141876 0.3855675 0.8008471 -0.4582377 0.7480854 0.5990549 -0.2854847 0.3849055 0.816964 -0.4294386 0.5935003 -0.803744 0.0418688 0.9105457 -0.274949 -0.3087227 0.5994258 -0.7994752 0.03909128 0.4478522 -0.8395591 0.3075208 0.8087422 -0.5810976 -0.09089463 0.7454515 -0.6657612 -0.03262215 -0.3007263 -0.4633504 0.8335887 0.0688185 -0.04127413 0.9967751 0.3113309 -0.9240796 -0.221698 -0.1364741 0.4206278 0.8969097 0.4321931 -0.6763326 -0.5964758 0.5680913 0.6524376 0.5015951 0.7853263 -0.5858304 -0.200164 0.5979224 -0.7296448 0.3318244 0.6135144 -0.7420555 0.2700997 0.06436544 -0.9148306 0.3986756 0.299802 -0.5691169 -0.7656533 -0.5633404 0.415012 -0.7144317 -0.530497 0.8476855 0.001545667 -0.1672161 -0.5991815 -0.7829563 0.1049056 -0.7545408 -0.6478142 0.6769269 -0.6556779 0.3344495 0.1247535 -0.9921792 -0.004135251 0.4658523 -0.8848319 0.007359147 -0.4135631 0.1726421 -0.8939577 -0.4264196 0.5416536 -0.7244156 0.9635839 -0.2554703 0.07900136 0.9514818 -0.3030681 -0.05321937 0.9632341 -0.2362338 0.1279591 0.7244395 0.1038954 -0.681464 0.9898779 -0.141276 0.01352888 0.9855126 -0.02123093 0.1682684 0.9846175 0.03179264 0.1718069 -0.4675875 0.7463861 0.4735713 0.5262951 0.6003509 -0.6021564 0.716218 -0.674959 -0.177376 0.9986137 -0.0526362 5.62136e-4 0.9928101 -0.07213282 -0.09552597 0.6809749 0.4577843 0.5715827 -0.1836209 0.9335535 -0.3078331 0.1139475 0.8697415 0.4801725 0.7739621 -0.6194709 0.1312959 0.9191254 -0.04939323 -0.3908565 0.82951 0.3661701 -0.421702 0.8523755 -0.4132282 0.3204661 0.8984256 -0.246738 -0.363252 0.9980475 0.03501063 0.05172598 0.330976 -0.943623 0.005542337 0.1788972 -0.9047422 -0.3865714 0.03303694 -0.4421208 0.8963469 0.04205644 -0.7567869 0.6523075 0.7807915 -0.6083159 -0.1425358 0.63335 0.4614347 0.6212454 0.9429272 -0.1170673 0.3117429 0.8691343 0.346126 -0.3532739 0.9260741 0.2253397 -0.3026697 0.1908919 0.7157397 -0.6717715 0.9550278 -0.295257 -0.02730143 0.9616044 0.1324879 0.2403416 0.8983257 -0.4285766 0.09660804 0.8718598 0.4869945 0.05193316 0.8486514 -0.4219499 0.3189815 0.6040717 -0.6189503 -0.501994 0.6928926 -0.7168269 -0.07784008 0.933906 -0.276542 -0.2265929 -0.4274042 0.8737308 -0.2322072 0.8738801 -0.4715022 0.1184036 0.1243036 -0.3628497 0.9235198 0.4575425 -0.8818585 -0.1139319 0.7335317 -0.6752043 -0.07765626 0.8536708 0.5203297 -0.02243608 -0.390924 0.302601 0.869259 0.3375024 0.09454566 -0.9365646 -0.0894497 -0.04553651 -0.9949499 -0.8532745 0.4973297 -0.1567986 0.4564197 0.7273381 -0.5125041 -0.350658 0.479272 0.8045729 -0.3123841 0.7758138 -0.5482056 0.309089 0.1367643 -0.941148 0.9587573 0.2715359 0.08398103 0.5933178 0.6536597 -0.4697906 0.5127272 0.8567551 0.05551373 -0.8671036 0.468776 0.1684653 0.125253 0.9895523 0.07140052 0.7725784 0.6343013 -0.02800816 0.9169899 0.3720727 -0.1438455 0.8264626 0.5533939 -0.103512 0.753925 0.04659891 -0.6553058 0.8137786 -0.5218867 0.2557317 -0.5594041 -0.02439445 0.8285361 0.7534506 -0.1970852 0.6272716 0.9694302 0.1521149 0.1925258 0.9052073 0.2224106 0.3621231 0.7546473 0.2659745 0.5998042 0.3449209 0.3703247 0.8624901 -0.009474277 0.3411143 0.9399741 0.6125166 0.7693942 -0.1812624 0.3356156 0.9334005 -0.1269871 -0.3274682 0.9390165 -0.1049417 -0.1433976 0.7971101 -0.5865601 0.3143144 0.8323195 -0.4565642 -0.3735102 0.9093745 0.1831073 0.3010678 0.9425479 -0.1447816 0.4924688 -0.1430357 -0.858496 -0.3018262 -0.8728234 0.3835105 0.5406029 -0.4756332 -0.6939176 -0.6286529 -0.753835 -0.1911241 -0.7141344 -0.2246412 0.6629846 -0.3179474 -0.757603 0.5700414 0.6084026 0.005980432 -0.7936061 0.8873951 -0.1345399 0.4409413 -0.5188755 -0.8401356 -0.1579256 0.9586597 -0.2358648 0.1591841 -0.8726982 -0.3059288 0.3805331 -0.09585618 -0.201628 -0.9747604 0.01846367 -0.9327573 -0.360032 0.05860948 -0.38596 -0.9206519 0.3983434 -0.8483995 0.3486273 0.9953572 0.02772969 0.0921688 0.3398981 -0.511087 0.7894679 0.3426569 -0.7891937 0.5096662 -0.2136418 -0.8704154 0.4435473 0.8745679 -0.4733059 0.1054165 -0.9777069 0.145485 -0.1514047 -0.9871184 0.1241785 -0.1008812 0.887673 0.4058831 -0.2174754 0.9680433 0.04302322 0.247065 0.7760004 -0.06789159 0.627068 -0.6281186 0.4654491 -0.6235577 -0.3102949 0.1169314 -0.9434216 -0.3388511 0.06588214 -0.9385305 0.8985492 -0.0262292 0.4380882 0.6536345 -0.1806412 0.7349358 0.7551476 0.1838462 -0.6292478 0.8502634 0.2734305 -0.4497645 0.7909025 0.1797392 -0.5849505 0.09814321 -0.5265743 0.8444451 -0.1897729 -0.3467732 0.9185504 0.909316 0.4025483 -0.1053525 0.8064704 0.5908873 -0.02139371 -0.3967852 -0.2747943 0.8758138 -0.8087599 -0.331165 0.4860425 -0.5998645 0.4530395 -0.659483 0.5854448 0.630342 -0.5098269 -0.5110282 -0.6975237 0.5023057 -0.8420317 -0.3443561 0.4152128 -0.5837374 0.7824333 0.2169071 -0.637445 0.7615091 -0.1173363 -0.8669607 -0.4781093 0.14068 -0.7865595 0.616047 0.0425477 0.8679465 0.4841737 0.1106559 -0.799327 -0.5520555 0.2372997 -0.8136319 -0.3603901 0.4562042 0.9579499 0.2868282 0.007844328 0.9915091 0.1297515 0.008617043 0.9704641 0.1413097 0.1955282 0.9303966 -0.2862102 0.2290107 0.8516005 0.0532121 -0.5214836 -0.9808915 -0.0175693 0.1937609 -0.9544174 0.1295939 0.2688733 -0.230771 -0.5262807 0.818397 0.9729247 0.1898856 -0.1317617 0.683163 -0.3937336 0.6150304 -0.2546851 0.364386 -0.8957446 -0.2455547 0.3665506 -0.8974094 0.5364789 0.8436855 0.01962858 0.9780182 -0.1597084 0.134066 -0.9765665 0.02448737 -0.2138186 0.983505 0.01008033 0.1806002 0.9792734 0.06454282 -0.1919845 -0.9712375 -0.00337404 0.2380892 0.3854045 -0.51461 0.7659244 -0.4818971 -0.06467097 -0.8738381 -0.253977 -0.02790558 -0.9668077 0.2781894 0.04211854 -0.9596024 0.3269963 0.4008194 -0.8558137 -0.6055947 0.13993 -0.783374 -0.9209552 -0.02254801 -0.3890157 -0.006039202 -0.06894403 -0.9976023 0.4548994 0.1184167 -0.8826347 -0.03505486 0.04864233 -0.998201 -0.8715212 -0.1028164 -0.4794578 -0.8354621 0.03218227 -0.548605 -0.7157126 -0.1063196 0.6902548 -0.1442756 0.04600381 -0.9884676 0.7531761 0.1430017 -0.6420874 0.02681547 -0.2809169 0.9593574 0.7835671 -0.02608609 -0.6207593 -0.1352726 0.1992681 -0.9705636 -0.775327 -0.1542295 -0.6124389 -0.7513136 -0.05591064 -0.6575728 -0.0311917 -0.9965034 -0.07751286 -0.1518186 -0.1856059 -0.9708252 -0.8898766 -0.4090683 -0.2019479 0.9768294 -0.05088269 0.2078832 0.9943502 -0.07289904 0.07715857 0.8521742 0.1456621 -0.5025752 0.6804782 0.1019976 -0.7256349 -0.2363284 -0.2338557 -0.9431121 0.0141589 -0.2649296 -0.9641638 -0.009624898 0.4195799 -0.9076675 0.1523928 0.1163358 -0.9814491 0.1371117 -0.7684739 0.6250188 0.6118724 -0.7638738 0.205205 0.6199886 -0.5614082 0.5481194 -0.9413701 0.276038 0.1939725 -0.7260918 -0.1039938 0.6796882 0.4732514 -0.2773821 0.8361175 -0.9966533 0.02450197 0.07798624 -0.8887707 -0.3036354 0.3433542 -0.7887806 0.2176768 -0.574841 -0.966688 -0.06264877 0.2481722 -0.7264267 -0.2091013 -0.6546609 -0.4002799 -0.7630466 0.5074801 0.9486269 -0.1179744 -0.2935799 0.9862759 0.1458445 0.07739067 -0.05034351 0.1716391 -0.9838728 -0.7501537 0.2070494 -0.6280127 -0.9644846 0.01739937 -0.2635654 -0.9200707 -0.10036 0.378679 0.1108023 -0.3749097 0.9204159 -0.6901441 0.4787323 0.5426939 -0.843776 -0.2177269 0.4905479 0.3798145 -0.01595228 0.9249252 -0.9781804 -0.197721 -0.06379365 -0.6272515 -0.2718133 0.7298446 0.9744279 0.138114 0.1772425 0.8542278 0.05166029 -0.517326 0.9552695 0.0764392 -0.2856875 0.8978351 -0.01207345 -0.4401664 0.3902104 -0.8834961 0.2591731 0.7425649 -0.1394151 -0.6551037 -0.6528006 -0.2189061 -0.7252113 0.4733113 -0.3264747 0.8181632 0.801182 0.09484606 -0.5908567 0.9989331 0.03292083 0.03238695 0.2636774 0.008156895 -0.9645765 -0.7363812 -0.2111458 0.6427754 -0.2579721 -0.3320149 0.9073129 -0.9734467 -0.08016395 0.2144187 0.1352807 -0.0499953 -0.9895452 -0.5146729 -0.2224306 0.8280317 0.001023888 -0.4297695 0.9029381 0.9854181 0.0770452 0.1517082 0.09336447 -0.6753488 0.7315649 0.5224152 -0.332704 0.7851055 -0.0806114 -0.3227721 0.9430376 -0.0806114 -0.3227722 0.9430377 -0.0806114 -0.3227721 0.9430377 0.04701632 0.2371223 -0.9703415 0.4512203 0.08332151 0.8885145 0.5458604 -0.06704187 0.8351898 0.02285075 -0.2847432 0.9583315 0.09932136 -0.1531991 -0.9831914 0.2253471 0.04203504 -0.9733715 0.3263822 -0.3751456 0.8676062 0.6377372 0.04564118 0.7689007 -0.8182499 0.02087473 0.5744835 0.2466201 -0.3256196 0.9127708 0.3007818 -0.3953551 0.8678852 0.1434669 -0.3730369 0.9166574 -0.9979171 0.06259953 0.01557964 -0.8328193 0.07988107 -0.5477511 -0.05577135 0.01159477 -0.9983763 -0.00222063 -0.1062231 -0.9943399 0.3560004 -0.09329223 -0.9298173 -0.2027332 -0.5046236 0.8391986 -0.9071369 -0.2592739 0.331481 -0.1790747 -0.8770703 -0.4457355 0.82554 -0.522265 -0.21383 0.9153444 -0.3433395 0.2103869 0.9438228 -0.09668529 -0.3159914 -0.8298751 -0.07037359 0.5534935 -0.8019316 -0.237598 0.5481358 0.9468016 -0.2368487 0.217875 -0.9914721 0.04367667 0.1227825 -0.804665 0.4138339 -0.4257414 -0.1155303 -0.7000348 0.7047014 0.1492725 -0.3589969 0.9213247 0.439247 -0.5877369 0.6794316 0.5629392 0.3102214 -0.7660693 0.01307338 -0.3659518 0.930542 0.2589794 -0.3358743 -0.9056038 0.06426286 -0.4949856 0.8665215 0.3322693 -0.2771825 0.9015359 0.9741982 0.00546348 0.2256284 0.3804175 -0.2229571 -0.897537 0.03800529 -0.1379783 0.9897059 0.5790179 0.09628504 0.8096095 -0.708064 0.05221521 0.7042151 -0.3854119 -0.2845328 0.8777807 0.4734725 -0.3322521 0.8157404 -0.9933534 0.09882146 -0.05902016 -0.7331306 -0.113611 -0.6705312 -0.1499232 -0.1687175 -0.9741959 0.03998047 -0.2983484 -0.9536194 -0.08755254 -0.2801759 -0.9559477 0.3818479 -0.1628948 0.9097568 0.9815841 -0.1539059 -0.1131622 0.8205563 -0.1775934 -0.5432752 0.07209002 -0.002971768 -0.9973938 0.3706451 -0.2041127 -0.9060686 -0.314638 -0.2020818 -0.9274513 -0.990301 0.1190513 0.07162916 -0.9702439 0.2301157 0.07532304 -0.9679736 0.2371142 0.08248698 -0.9635669 0.2198942 0.1522679 -0.9551979 0.279767 0.09657865 -0.9921049 0.08525949 -0.09197163 -0.9863215 -0.1514262 -0.06511527 0.9477339 -0.2554367 0.1911872 -0.06137514 -0.9763177 -0.2074539 -0.7363485 -0.2196305 0.6399636 -0.7640805 -0.5472944 -0.3415404 -0.1043729 -0.9111543 -0.3986282 0.4201135 -0.6283373 -0.6547495 0.9516292 -0.2934242 0.09112679 0.002025842 -0.888633 0.4586147 0.03228032 -0.8580917 -0.5124809 -0.109599 0.01130086 -0.9939117 -0.2548478 0.1717887 0.9515993 0.3430802 -0.5742777 -0.7433043 -0.5565022 -0.8061103 -0.2012253 0.08046102 -0.8493764 -0.5216186 -0.1909195 -0.887952 -0.418439 -0.3884127 -0.8525978 0.3495893 -0.2452338 -0.8007034 0.5465663 -0.3404909 -0.7948709 -0.5022413 -0.5784674 -0.8078503 -0.1129319 -0.5665742 -0.8143163 -0.1260274 -0.02888703 -0.9488868 -0.3142918 -0.1157175 -0.9859471 0.1204903 -0.4186821 -0.8956109 0.1502884 0.09881317 -0.9767062 0.1904758 -0.3851614 -0.7771536 0.4976779 -0.6320598 -0.6108468 0.4768298 0.3417873 0.3895903 -0.8552197 -0.6994255 -0.3704789 -0.6111869 0.1902073 -0.9667282 -0.17105 -0.471825 -0.7325692 -0.4906359 -0.6363584 -0.7380343 0.2243957 -0.5978311 -0.5583434 -0.5751963 0.2177874 0.1902642 -0.9572712 0.5557616 -0.5542393 -0.6196352 -0.05113244 -0.8502581 0.5238766 -0.6404493 -0.7676363 -0.02365088 -0.2394993 -0.2438388 0.939778 -0.03840422 -0.7128342 0.7002803 -0.4996317 -0.4608187 0.7334946 -0.09710597 -0.2651662 -0.9593005 -0.1143578 0.8401881 -0.5301002 0.2709472 0.3406711 0.900295 0.660952 0.7184331 0.2167866 0.5673881 0.8185544 0.08966374 0.4103251 0.8950775 0.1745555 0.5916767 0.7595349 0.2702322 0.07085019 0.9973918 -0.0137887 0.4573255 0.8840397 0.09657835 0.7455359 0.6603475 0.09009689 0.2792121 0.6969591 0.6605216 -0.1953838 0.6544138 -0.7304573 0.426671 0.3608019 0.8293214 0.09680819 0.8123588 0.5750666 0.8256307 0.5629782 -0.03727567 0.135221 0.9811294 0.1382043 -0.4078788 0.4252157 -0.8079768 0.519169 0.1258982 0.845348 0.4183135 0.5290479 -0.738324 0.1654446 0.2231943 0.9606313 0.9513329 0.3074416 0.02110576 -0.4222449 0.09856534 -0.9011073 -0.03555482 -0.9874796 0.1536885 -0.366691 -0.2230967 -0.9031975 0.5082067 0.4220724 0.7507203 -0.205221 -0.9051172 -0.3723537 0.9692941 0.08409601 0.2310774 -0.2973132 -0.5018762 -0.8122346 0.4341747 -0.5822347 0.6873829 0.959061 -0.2029199 0.197549 0.03166943 -0.9838274 0.1762974 0.1851813 -0.750904 -0.6339173 -0.03199923 -0.7439345 -0.667486 -0.9379057 -0.3195557 -0.1349707 -0.804923 -0.5284953 0.2697999 -0.08737409 -0.2288609 -0.9695301 -0.2033329 -0.9335232 -0.2952797 -0.7828651 -0.5572782 0.2767006 -0.8149166 -0.1755755 0.5523442 -0.9999278 0.001964688 0.0118522 -0.9243505 0.2424739 0.2945889 -0.6914296 0.466937 0.5512666 -0.4270713 0.7298361 0.5338066 -0.599147 0.7826306 0.1688559 -0.1056944 0.9911468 -0.08035337 -0.1154233 0.9865589 0.1156681 -0.6178929 0.5387237 0.5726999 -0.8582095 0.4195646 0.2957062 -0.9995942 0.02170211 0.01845312 -0.960344 -0.2762759 -0.03756523 -0.889401 0.1941843 -0.4138337 -0.8577477 0.4399833 -0.2658639 -0.8726705 -0.2942761 -0.3896766 -0.8329184 0.4616143 -0.30522 -0.8231388 0.4914916 -0.2843915 -0.07498991 -0.7479901 -0.6594598 -0.330986 -0.8246492 -0.458696 -0.07615751 -0.7613614 -0.6438393 -0.1439267 -0.9541387 -0.2624967 -0.5788043 -0.8108329 -0.08680874 -0.3971142 -0.6839398 -0.6119859 -0.7803514 -0.4028674 -0.4782779 -0.9924486 -0.1065563 0.06075829 -0.2406396 0.6524536 0.7186077 -0.9328681 0.3388094 0.122333 -0.7904562 0.6113972 0.03704947 -0.9479253 -0.2024139 -0.2458987 -0.3533735 0.8137727 -0.4614122 -0.865227 0.4073687 -0.2922893 -0.5476027 0.73488 -0.4001033 -0.8616797 0.4426079 -0.248206 -0.2148467 0.9755426 -0.04644966 -0.9560904 0.2925241 -0.01791596 -0.7959918 0.577229 0.182219 -0.1967867 0.8825489 0.4270626 -0.9555263 0.2912874 -0.04605615 -0.6998515 -0.5919783 0.3997122 -0.3932982 0.02256411 0.9191341 -0.4991801 -0.2018437 -0.8426615 -0.09720313 0.04470676 0.99426 -0.4816097 -0.2953643 0.8251135 -0.7830991 -0.1698004 0.5982673 -0.09875327 -0.245033 0.9644722 -0.1529111 0.9112478 -0.3824208 -0.116961 -0.9861019 0.1179962 -0.4045698 -0.2511643 -0.8793407 -0.6176049 -0.6707467 -0.4106862 -0.2342647 -0.857361 -0.4583146 -0.6898258 -0.7228 0.04123723 -0.3445953 0.9376335 0.04579967 -0.5378727 0.7683443 0.3469006 -0.4624217 0.8808537 -0.101307 -0.2630578 0.9268293 0.267933 0.2031835 -0.7487721 0.6309175 -0.2099261 -0.6431571 -0.7363966 0.0337134 -0.2376254 0.9707716 -0.1361306 -0.06610095 0.9884833 0.912394 -0.02033275 -0.4088078 -0.2030174 -0.3795202 -0.9026341 -0.236064 0.9524509 0.1926426 -0.1175266 0.8886696 0.4432312 0.3898559 0.9207348 0.01611655 -0.4553102 0.8685619 0.1956856 -0.1919 0.490387 -0.8501147 0.8565884 0.4766022 -0.1977543 -0.4333391 0.7363654 -0.5195993 0.6455577 0.5098347 -0.5686158 -0.9650682 0.2213705 -0.1401378 -0.8894007 0.2156359 -0.4030728 -0.99378 0.1113605 3.72329e-4 -0.9742838 0.08275836 0.2095764 -0.2673745 0.2915561 0.9184259 0.7462119 0.2181237 0.6289593 -0.1858469 0.1217163 -0.9750109 0.9706487 -0.0923503 -0.2220644 0.5486676 0.03043919 -0.8354863 -0.8820635 -0.1750304 0.4374113 -0.2566255 -0.2736782 0.9269539 -0.7281684 -0.5004475 -0.4683196 -0.05574256 -0.8084718 0.5858892 0.9082506 -0.3890245 -0.154081 0.5508226 -0.7764668 0.3060943 -0.6955093 -0.7168605 0.04876512 0.485556 0.07508581 0.8709751 -0.3205555 -0.942696 -0.09256666 -0.2743971 0.8690983 0.4115515 -0.4354356 0.6888648 0.5795353 -0.6807487 -0.3033568 0.6667503 0.04268586 0.7649279 0.6427 -0.3060824 0.632663 0.7113727 -0.4370285 0.2640486 0.8598166 -0.1091288 0.9138604 0.3910887 -0.06506329 0.7953375 0.6026651 -0.0647611 0.8867117 0.4577647 -0.640182 -0.6559357 0.3998944 -0.03556001 0.9562359 0.2904282 0.09160768 0.9498818 0.2988858 -0.9844622 -0.1354916 0.1116974 -0.9793198 0.1956064 0.05168241 -0.9018647 0.4280733 0.05825269 -0.8822546 -0.4446603 0.1546099 -0.7067497 0.7066859 0.03316581 0.9487329 -0.2686042 -0.1666067 0.4882655 0.859921 -0.1487714 -0.6352948 -0.7526509 0.1729661 -0.2765119 0.9599449 -0.04524326 0.9498144 -0.2642983 -0.1673289 -0.6883314 -0.6997183 0.1912962 -0.3883172 -0.9079483 0.1576066 -0.01054978 -0.9957591 0.09139305 0.9828667 0.09711581 -0.156658 0.9255576 0.329429 -0.1866011 -0.4896185 0.7828409 -0.3839716 -0.05954682 0.9820306 -0.1790818 -0.3678509 0.9090735 -0.1956305 -0.6866472 0.6912889 -0.225023 -0.7557976 -0.2065693 -0.6213688 -0.5011158 0.6715404 -0.5458173 -0.7640342 -0.5548411 -0.3292464 0.7736869 0.5472645 0.319234 0.6134437 0.2516753 -0.7485629 0.9102572 0.2713437 0.3127372 0.2107785 -0.9773651 -0.0181691 0.8106009 0.4531193 0.3709571 -0.7963689 -0.597076 -0.09642028 0.01288366 0.9782313 -0.2071174 -0.9405668 0.2211917 -0.2576983 0.8429077 0.5263609 0.1115839 0.1789217 -0.9670479 0.181123 0.8638206 0.4663749 0.1905484 0.4215309 -0.8563314 0.2983428 0.6947957 -0.198255 -0.6913421 0.938795 0.001719474 0.344472 -0.6638618 -0.5700182 -0.4841144 -0.8256203 0.2876084 -0.48542 -0.2821654 -0.906176 -0.3150045 -0.9178409 0.0047127 -0.3969205 0.6854008 -0.6819803 0.255203 0.6560268 -0.6899442 0.3059508 -0.08728545 0.9900126 -0.1107086 -0.7780019 0.2962861 -0.5540105 -0.6389687 -0.1496031 -0.7545449 -0.6867148 -0.5591951 -0.4644607 -0.7979329 -0.4961091 -0.3423144 0.4608375 0.3465659 -0.8170195 0.1395967 -0.9665246 -0.2152742 0.8962904 0.3840156 0.2218009 0.2526921 -0.9674917 0.01033216 -0.2773334 0.9594575 -0.05027329 -0.7350293 0.5734434 -0.3617938 -0.7872558 -0.5682978 -0.2393029 -0.1362897 0.9684965 -0.2084222 -0.489094 -0.8716259 -0.03248697 -0.9584004 -0.08539474 -0.2723537 0.5539809 -0.1923865 -0.8099955 0.9496381 -0.1243189 0.2876323 0.8912568 -0.2141765 0.399737 0.9861828 -0.1045843 0.1284749 0.7238748 0.6894786 0.02499181 0.6386675 0.7362207 0.2237923 0.7267319 0.6861547 0.03244268 0.5817247 0.7203984 0.3776541 -0.8799748 -0.2271456 -0.4171923 -0.8680639 -0.01292121 -0.4962843 0.6924177 0.6844801 0.2281336 -0.8287917 0.3804551 -0.4103147 0.1766701 -0.9839366 -0.02562576 -0.7570554 -0.5140349 -0.4032809 -0.7193755 -0.04938119 -0.6928639 -0.7261012 -0.5981929 -0.3390316 0.8341282 0.3871133 0.3929041 0.4834735 -0.7290394 -0.4845151 0.1481972 -0.9847766 -0.09084463 0.1935175 -0.9778766 -0.07942616 -0.3058413 0.9511544 -0.0420295 -0.7495201 0.5725415 -0.3322889 -0.6396765 -0.731299 -0.2366766 -0.3394631 0.9267966 -0.1606644 -0.7326204 -0.5007411 -0.4610052 0.3480497 -0.9374702 -0.003314912 -0.9545602 0.09877717 -0.2811727 0.901261 0.4110172 0.1370902 0.9975103 -0.0473631 -0.05224949 0.9542197 -0.2839517 0.09400105 0.5739939 0.4718322 -0.6692575 0.6208087 0.7459965 0.2410099 -0.8238559 -0.3335711 -0.4582486 0.597039 0.7481919 0.2894018 -0.849542 0.4640899 -0.2507966 -0.609409 -0.6836834 -0.4014944 -0.5245898 0.8336353 -0.1727941 -0.8295329 0.2546668 -0.4970113 0.6298137 0.3032016 -0.7151249 0.3843238 -0.9227884 -0.02751016 -0.06485879 0.9901611 0.123994 0.9327685 0.09890377 0.3466424 -0.7855361 0.243707 -0.5688059 0.6350742 0.3150879 0.7052663 -0.7789036 -0.307417 -0.5466297 0.4524564 -0.8917043 0.01211047 -0.8492711 0.4651601 -0.2497293 -0.4726659 0.880666 -0.03184765 0.3987285 -0.9170408 -0.00719577 0.9463817 -0.021622 0.3223264 0.8870327 -0.2580014 0.3828948 0.8712964 0.3968436 0.2887178 0.4654442 0.8309206 0.3048487 -0.8472636 -0.01400089 -0.530988 0.9415556 0.2344118 0.2419177 -0.7658181 -0.5990117 -0.233897 0.8637884 0.5000013 -0.06219494 0.6820542 -0.7282704 -0.06651616 -0.9110829 -0.1251733 -0.3927592 0.07268089 -0.9758937 -0.2057886 -0.1870296 0.9648964 -0.1843774 -0.6083759 -0.7654522 -0.2096704 -0.9108279 0.4097313 0.05012738 0.9280514 -0.2560403 0.2704887 0.3134387 -0.8969192 -0.3119168 0.4541906 -0.009817242 -0.8908505 -0.6608293 -0.02184921 -0.7502183 -0.1730069 -0.8123872 -0.5568624 -0.3133295 0.8857519 -0.3424448 -0.804249 0.2705839 -0.52912 -0.5630812 0.6521348 -0.5076021 -0.3950748 -0.9119114 -0.1110566 -0.6248683 0.7023414 -0.3409637 -0.1463797 -0.9818345 -0.1207233 -0.7297192 0.5828011 -0.3575651 -0.7361946 0.6570554 -0.1621596 -0.3004041 -0.9510186 0.07294464 -0.5414965 0.7910255 -0.2847107 -0.703213 -0.6024632 -0.3775311 -0.8847325 0.4058299 -0.2292391 -0.9232919 -0.147388 -0.3546954 -0.2873616 -0.8862818 -0.363219 -0.1921749 -0.962054 -0.1937035 -0.8159548 0.1357282 -0.5619571 0.7823557 -0.3117973 0.5391679 0.9066981 -0.3436505 0.2445467 0.7884246 -0.5098903 0.344091 0.3914647 0.9158647 0.0891481 0.8509598 -0.5030548 0.1510076 0.01815325 0.9927569 -0.118762 0.7742571 -0.5517342 0.3100246 0.7704752 -0.6372825 -0.01546168 0.2180209 0.9635031 0.1553341 0.3382725 0.9362078 0.09532481 0.7769906 -0.5751602 0.2558833 0.3864232 -0.5429652 -0.7455642 0.8439571 -0.4402135 0.3065103 0.8760886 -0.4099751 0.2537505 0.2599045 0.9357904 0.238214 0.7847201 0.615185 -0.07590758 -0.7521845 -0.6138501 -0.2395966 0.9996445 -0.02366918 -0.01227235 -0.890985 -0.05770725 -0.4503508 0.09257525 0.992603 0.07854402 -0.4849087 0.8730626 -0.05123913 0.9875372 -0.1515837 0.04233968 -0.1643705 -0.9845559 0.06026679 -0.8678234 0.4651899 -0.1745881 -0.9348365 -0.330117 -0.1307811 -0.8764292 -0.4783715 -0.05506968 -0.9032041 -0.2985244 -0.3083921 0.9451097 -0.04912859 -0.3230388 0.8336951 -0.3863765 0.3945452 0.3405387 0.3459135 -0.8742867 -0.2729322 0.9612346 -0.03919374 0.4403439 -0.8200973 -0.3654282 0.9564817 -0.2912269 -0.01815444 0.2827921 0.9058324 -0.3154308 0.9330787 0.2817215 -0.2236004 0.9543482 -0.2808536 -0.10169 -0.5475282 0.81953 -0.1690666 0.4501435 0.7718747 -0.4489768 -0.6081565 -0.7607798 0.2266272 -0.3281502 -0.9299779 0.1657066 -0.9575241 -0.1939254 0.2134025 0.06039655 -0.9970874 0.04657334 0.7386468 0.5437602 -0.3984041 -0.9722338 0.1843186 0.1441816 -0.890421 0.4523002 0.05074679 -0.8574131 -0.4579018 0.2348802 -0.7599676 0.6490439 -0.03451889 -0.2763858 0.9202246 -0.2771241 0.8920736 0.3780533 -0.2475489 0.9825809 -0.1590917 -0.09604579 -0.7067674 -0.6997222 0.1042534 -0.1352696 -0.9908037 0.003211021 0.2177898 -0.9757781 -0.02061313 -0.0859794 0.9936307 -0.07284045 -0.3369289 0.9415044 0.006956815 -0.9326716 0.3575372 0.0478639 -0.8881002 -0.459644 -0.002352952 -0.6474752 0.7608497 0.04340082 0.7482567 0.6629024 -0.0259329 -0.9990707 -0.009158909 0.04212063 0.9917871 0.1278728 -0.002604126 -0.6505335 0.755879 -0.0738452 0.8604149 -0.5076771 0.04416215 0.08716517 0.9920964 -0.09026139 0.9706552 -0.2380097 0.03434914 -0.9624766 -0.2658807 -0.05427849 -0.4828966 -0.8746858 -0.04166215 0.7811614 0.614368 -0.1110811 0.04872536 -0.9983848 -0.02921575 0.6419721 0.7500014 -0.1592793 -0.2768968 -0.9608393 0.01077157 0.9516608 0.2735643 -0.1396586 -0.9560207 0.2747973 -0.1025238 -0.6711914 0.7271296 -0.1441694 0.9856936 -0.1220906 -0.1161984 0.953632 -0.2871397 -0.09020453 -0.05859655 0.9818142 -0.1805751 -0.9773953 -0.1615508 -0.1363815 -0.8713597 -0.4861503 -0.06626021 0.9886215 0.1303201 -0.07512843 -0.9588857 0.1945658 -0.2065975 -0.6116881 0.7656577 -0.1990126 -0.3889278 -0.9179252 0.07841354 -0.7850815 0.6131066 -0.08802086 0.8808065 0.4733471 -0.01106488 0.9615169 -0.274699 0.005082547 -0.678182 -0.7339446 -0.0373435 -0.9342608 0.3194163 -0.1585249 -0.5064508 0.7645121 -0.3987845 -0.5341102 -0.1691201 -0.8283265 -0.9667152 0.1807865 -0.1810473 -0.8704875 0.4215551 -0.2540526 -0.2408578 0.5847373 -0.7746419 0.9581767 -0.1479021 0.2449948 -0.7744244 0.5680409 -0.2785614 0.1258022 -0.9832735 0.1317082 0.6471581 0.7623317 -0.006072998 -0.8810933 -0.436752 -0.1814453 0.1770854 -0.9709002 0.1612256 0.9323121 0.3543606 0.07226943 0.3718517 -0.9282208 0.01151281 -0.4611068 -0.8800573 -0.1134897 0.8443635 0.4723979 -0.252766 -0.3631096 -0.8829657 0.2975282 0.9791687 -0.1118615 -0.1694579 0.9787786 -0.1683284 -0.1168683 0.7397239 0.6236308 -0.252771 0.6705375 0.1877795 -0.7177175 0.7829478 0.01614874 -0.6218779 0.9447136 0.1089936 -0.309252 -0.8958272 0.4031922 -0.186895 -0.9411407 0.1610531 -0.2971806 -0.03477966 -0.9058051 -0.4222647 -0.5776335 -0.7419042 -0.3404669 -0.3295258 -0.9236834 -0.195504 -0.08022409 0.9962856 -0.03129011 0.737612 -0.674364 0.03408676 -0.4553082 -0.8777155 0.149366 -0.6455636 -0.2842334 -0.7088435 0.9037413 0.1999868 0.378493 0.6132833 -0.7182251 0.3286889 0.009432733 -0.9999225 -0.008121907 0.7611588 -0.2647588 -0.5920643 0.8858692 -0.04155302 -0.4620707 0.1680229 -0.8341766 -0.5252788 -0.07898342 -0.9828073 -0.1668874 0.541966 -0.8402435 -0.01624333 -0.7859348 0.6174777 -0.0320611 -0.4357417 -0.8974163 -0.06908893 -0.6473511 -0.2666077 -0.7140427 -0.6749535 -0.3513065 -0.6488617 0.9063004 -0.2432142 0.3456394 0.3071613 -0.77806 -0.5479733 0.872088 0.2496984 -0.4208484 -0.332371 -0.8889417 -0.3151383 0.8435778 -0.5283402 -0.09609019 -0.9979526 0.008794546 -0.06335055 0.04551464 0.9941931 -0.09751206 0.1329081 0.9148972 -0.3811805 0.08758425 0.9920535 -0.09032732 -0.0616427 0.9816521 -0.1804426 -0.0304687 0.9993097 0.02126109 -0.8541032 0.5198107 0.01745682 -0.9105492 -0.311386 -0.2719171 0.9779101 0.1938396 -0.07821863 0.9976598 0.0621944 -0.02840518 -0.5903089 -0.03370082 -0.8064737 -0.9210888 0.07107037 -0.3828114 -0.7877256 -0.5564048 -0.2643902 0.09810584 0.9918055 0.08183538 -0.4826083 0.8692574 -0.1071485 -0.3544023 -0.9339038 0.04714685 -0.0989452 0.98464 0.1438546 0.68319 -0.6457857 -0.3408995 0.5281503 0.8164257 0.2334657 0.7353998 0.574328 0.3596312 0.9534412 0.143373 0.265319 0.7363181 -0.1547803 0.6586948 0.3855507 -0.6397268 0.6649062 0.8110402 0.5481039 0.2044411 0.9927127 0.1191548 -0.01799052 0.9822614 0.05755835 0.1784651 0.8722932 0.2740015 0.4050036 0.9178177 0.3860097 0.0927757 -0.0561186 0.9728004 -0.2247446 -0.9103323 0.3352408 -0.2427114 0.9864552 0.1600422 0.03595578 0.9753693 -0.1986117 0.09595888 0.770533 -0.6289517 -0.1034344 0.1343006 -0.9067695 0.3996654 0.4368728 0.8969114 -0.06850004 0.4031949 0.9137326 -0.05026614 0.3551511 0.9181759 -0.1755588 -0.5564142 0.7978345 -0.2320846 0.3991587 -0.9166798 0.01924806 0.1029154 -0.9940593 -0.03542256 0.6431141 -0.7643217 0.04708218 0.4844762 -0.8747498 -0.009783864 0.5161832 -0.8539811 -0.06535381 0.8490143 -0.5155754 -0.1155717 0.1344919 -0.9877912 0.07861638 -0.572816 -0.8134507 -0.1008949 0.5103823 -0.7478116 0.4246032 0.710157 -0.4694615 0.5246742 0.6897596 0.6327385 -0.3519571 0.951223 -0.2164707 0.2198076 0.9825351 -0.1232603 0.1393979 0.5258153 -0.6399936 0.5602914 0.9189814 -0.05794197 0.3900204 0.1652022 -0.7811797 0.6020521 0.7185799 -0.693421 0.05301398 0.9190469 -0.3888254 0.06455844 0.5308794 0.8422779 0.09346175 -0.9022067 -0.4169484 0.1103503 -0.7042434 -0.6895743 0.1689044 -0.9984152 -0.0504316 -0.02497726 0.5099925 -0.787908 0.3451212 -0.4071028 0.8993383 0.159556 -0.9826022 0.1081259 -0.1510021 -0.9946628 0.05651164 -0.08632713 0.7146215 -0.6993533 -0.01487004 -0.8186914 -0.5726788 -0.04223334 -0.0982486 -0.9949929 0.01834225 -0.9950717 0.02807867 -0.09509986 0.3575736 -0.9290367 0.09503704 -0.5664814 -0.8240733 -0.001488447 -0.792817 0.6022626 -0.09338629 0.8685387 0.4906517 -0.0700097 -0.6099767 0.7743302 -0.1683485 -0.9676405 0.2523332 3.32681e-4 -0.05321103 -0.7943663 0.605104 0.2093446 -0.9595068 -0.1884716 0.7965394 0.2300204 -0.5591204 -0.4894752 -0.177773 -0.8537042 -0.03981721 -0.8754326 0.4816976 0.05397468 -0.7741702 0.6306722 0.08692717 -0.9485146 0.3045712 -0.02336424 -0.9338288 0.3569567 -0.3724227 -0.8638981 0.339089 -0.4444048 -0.8905915 -0.09670138 -0.1438806 -0.5030376 -0.852204 -0.8113573 -0.486231 0.3244672 -0.9367645 -0.2447649 -0.2501249 -0.07710134 -0.993933 0.07843947 0.8661633 -0.2463054 0.4348505 0.5400865 -0.6555371 -0.5278047 -0.531804 -0.7882052 0.309705 -0.2891176 -0.9243724 0.2488913 -0.4442798 -0.8185858 -0.3640505 -0.5586022 -0.7226532 0.4071069 -0.941355 -0.3155115 -0.1195962 -0.8344672 -0.3622967 -0.4152176 -0.07958036 -0.9238156 -0.3744754 -0.7296831 -0.6504028 -0.211042 -0.648312 -0.7545604 0.1016378 -0.4683528 -0.8807139 -0.07063108 -0.41263 -0.9075326 -0.07823872 -0.579813 -0.7042105 -0.4097617 -0.2192216 -0.9524183 0.2117573 -0.1011593 -0.505908 -0.8566353 -0.8617576 -0.4197369 -0.2849469 -0.4085155 -0.7636184 0.5000023 -0.854496 -0.4910218 0.1695116 -0.08986502 -0.7789208 0.6206502 -0.6523324 -0.5761734 -0.4924294 -0.0164557 -0.9957853 0.09022694 -0.5436073 0.6878039 -0.4810581 -0.7317997 0.460837 -0.5020941 -0.3959708 -0.9182273 0.00811553 -0.2362911 -0.5425343 -0.8061161 -0.3958273 -0.9182257 0.01350855 -0.7906226 -0.5044462 -0.3470592 -0.2441176 -0.9275259 0.2830239 -0.7257373 -0.6427084 -0.245421 -0.5654801 -0.8220849 -0.06639987 0.3587301 -0.3687859 0.8575021 0.447798 0.0597496 0.8921363 0.1808564 -0.4436206 0.8777766 0.1662081 0.7749772 0.6097421 -0.2410807 -0.7894015 -0.5645577 -0.6807263 -0.6152616 0.3975738 -0.3627029 0.8981398 -0.248579 -0.7298179 0.4980802 0.4682756 -0.1442784 -0.7541124 -0.6407014 -0.4404811 -0.839466 0.3182342 0.4615857 0.6546577 -0.5986333 0.316447 0.9486045 0.003292262 0.2531376 0.6882935 -0.6798334 0.3456221 -0.5198216 -0.7812368 -0.45932 -0.854305 0.2432859 -0.2055764 -0.9735655 0.0995419 0.07250624 -0.9939473 -0.08253264 0.406229 0.2704344 -0.8728364 -0.8793017 -0.4752202 0.03153151 -0.8496575 -0.5178452 -0.09959197 -0.8859844 -0.4566944 0.08038765 -0.9861053 0.1326776 -0.09996569 -0.5112457 0.8572735 0.06091034 -0.9071804 -0.02504581 -0.4199958 -0.9283325 -0.3700147 -0.0358904 -0.9601586 -0.2532514 0.11815 -0.9719312 -0.2015222 0.1214022 -0.4518128 -0.8112438 -0.3711453 -0.6215294 0.4633429 -0.6316761 -0.5053799 -0.8306048 -0.2338524 -0.5581918 -0.7872809 -0.2619364 -0.3238632 -0.8747536 0.3604426 -0.956982 -0.2858409 -0.04980647 -0.7975718 0.2814975 0.5335152 0.1934359 0.9368318 -0.2914256 -0.3394041 0.8156534 0.4685239 -0.4224207 -0.7943392 0.4365617 -0.3794422 0.6567931 -0.6516491 -0.612358 -0.784782 0.09557688 -0.1228913 0.5799147 -0.8053551 -0.9796291 -0.2008143 8.24666e-4 -0.09979754 -0.9949921 -0.00558263 0.05862867 -0.9190377 -0.3897852 0.02643352 -0.4430396 0.8961123 0.1038973 -0.7494068 0.6539074 -0.6076989 -0.7738878 -0.1783249 -0.7546769 0.2960867 0.5854875 -0.9020615 -0.3400058 0.2658593 -0.7945227 -0.4038721 0.4534547 -0.1862723 -0.6035301 0.7752768 -0.8935596 0.2008743 -0.4014981 -0.8628354 0.3960059 -0.314157 -0.9224346 0.02730047 -0.3851872 -0.9767313 -0.0986371 0.190439 -0.7761617 -0.6282627 0.05347067 -0.7568421 0.02040416 -0.6532793 -0.7407958 -0.6114812 0.2780512 -0.8219214 -0.5695947 0.002694547 -0.5001604 -0.8590973 -0.1085892 -0.4448325 -0.7462918 -0.4951493 -0.8331395 0.2941041 -0.4683816 -0.3111484 -0.2955579 -0.9032343 -0.5079403 0.8495611 -0.1422767 -0.8725764 -0.2570516 -0.4153732 -0.08235114 -0.387167 0.9183245 -0.7108882 -0.4856024 -0.5087519 -0.901965 -0.2755805 -0.3324373 -0.7733441 -0.5178154 -0.3657952 -0.2312015 -0.9639562 -0.1316595 -0.5494083 -0.8281871 -0.1107109 -0.9497663 0.3052879 -0.06887209 0.2643027 0.3807733 0.8860902 0.5138941 0.7184483 -0.4687697 0.3003601 0.9317157 -0.2041802 -0.1560761 0.8259545 -0.5417005 0.1487919 0.830799 -0.5363153 -0.4454711 0.7556404 -0.4801698 -0.2473489 0.6359094 0.7310525 -0.1837117 -0.03532695 -0.9823452 -0.5292751 0.6180421 -0.5812847 -0.7018416 0.7119208 0.02423167 0.7229772 0.6583639 0.2094303 -0.33087 0.9421933 0.05288636 -0.9678051 0.1486164 -0.2031419 -0.9227563 0.3494313 -0.1625379 0.5067202 0.1027749 0.8559626 -0.9865167 -0.08112686 0.1421388 -0.9576705 -0.05389904 0.2827759 -0.8004425 0.1526777 0.579639 -0.4199096 0.2606738 0.8693246 -0.6451714 0.7178803 -0.2615376 -0.4805982 0.8617371 -0.1625872 -0.4077337 0.8961219 -0.1752678 -0.3455049 -0.8872498 -0.3056373 0.3582607 0.9255243 -0.122695 0.2624059 0.5729096 -0.7764778 -0.308605 0.8375766 -0.4508087 0.6421967 0.6901558 0.3335693 -0.2988189 0.9443239 -0.1376945 -0.533047 -0.4675348 -0.7051752 0.4981669 -0.4462468 -0.7434337 -0.8214215 0.04921418 -0.5681943 0.9425085 -0.1902617 -0.2747331 -0.9035003 -0.2347584 -0.3585744 0.9729571 0.04193419 -0.2271477 0.5081878 0.2302641 -0.8298938 0.7244367 -0.6850214 0.07705366 -0.892445 -0.1387842 0.4292797 0.5201233 -0.8387132 -0.1613442 0.8286577 -0.4382701 0.348204 -0.960557 -0.2368949 0.1456398 -0.09189176 -0.936773 -0.3376573 -0.04845857 -0.3757321 -0.9254606 0.8404782 0.5315766 -0.1049904 -0.8959659 -0.3265235 0.3010441 -0.8760052 -0.4737927 0.09019654 0.9794573 0.146429 -0.1386442 0.9882777 0.1245627 -0.08826881 -0.9201716 0.3470882 -0.181147 -0.9577782 0.03478533 0.2853963 0.6354699 0.4718973 -0.6111391 0.3210471 0.1271842 -0.9384844 -0.5678348 -0.1998798 0.7985059 -0.6620622 -0.1883247 0.7254017 0.8716735 0.3880878 0.2992879 -0.1047357 0.1070522 -0.9887216 -0.8449245 0.2790586 -0.4563212 -0.7840736 0.1868212 -0.591884 -0.8058071 0.5916921 -0.02399241 0.8598144 0.4794559 -0.1756171 0.8029678 -0.3371542 0.4914975 -0.5792176 0.6364165 -0.5093929 -0.9298429 0.3678433 0.009152829 0.8946603 0.4303964 0.1197574 0.5817043 0.7795467 0.2322224 0.6392043 0.7622966 -0.101597 -0.8627581 0.4609038 -0.2078853 0.7864051 0.6149492 0.05834919 0.9966614 0.07508784 0.03206145 0.9814625 0.05501884 -0.183587 -0.9607501 0.2768957 -0.01697862 -0.991463 0.1303828 -0.00120747 -0.9725411 0.139853 0.1860244 -0.8798274 -0.1725701 0.442858 -0.8455601 0.05962795 -0.53054 0.978614 -0.02044445 0.2046873 0.9513813 0.1258902 0.2811148 0.6634784 -0.4972137 0.5590842 -0.02124625 -0.3053711 0.9519964 -0.7520443 -0.3421455 0.5633526 -0.9854907 0.008796274 0.1695016 -0.9769892 0.06740909 -0.2023565 0.9684645 -0.006734371 0.2490605 0.9811384 -0.1221287 0.1498404 -0.394409 -0.5228025 0.7557243 -0.1324144 0.1765053 -0.9753524 0.20775 0.210005 -0.9553732 0.4918026 -0.05529445 -0.8689492 0.2649657 -0.01735973 -0.9641016 -0.2672941 0.05298781 -0.962157 0.6145901 0.1481793 -0.7748045 0.9252982 -0.01891452 -0.3787686 -0.2445093 -0.06086152 -0.9677351 0.01736277 -0.05783283 -0.9981753 0.4698918 -0.07545751 -0.879493 0.312522 0.03791028 -0.9491539 0.04645532 0.05972307 -0.9971335 0.8182621 -0.1455315 -0.5561186 0.8416495 0.03767395 -0.5387084 0.1853591 -0.2918785 0.9383224 -0.7457212 0.1507076 -0.6489894 -0.03788119 -0.2915822 0.9557955 -0.7764628 -0.01862657 -0.6298878 0.9263055 0.2258765 0.3015594 0.00768131 0.0865696 -0.9962163 0.7821421 -0.14797 -0.6052757 -0.156542 0.03115379 -0.9871799 0.7587242 -0.04918569 -0.6495524 0.0314477 -0.995606 -0.08820271 0.8918572 -0.4088879 -0.1933946 -0.9791612 -0.05246752 0.1961902 0.2988597 -0.2974361 -0.9067606 -0.1440312 -0.3426484 0.9283573 -0.8463317 0.1518697 -0.5105469 -0.6721253 0.1105576 -0.732137 0.599412 -0.4319208 -0.6739063 -0.1447156 -0.7752699 0.6148286 -0.6146366 -0.7656545 0.1897243 -0.609284 -0.5646051 0.5567713 0.9392719 0.2731692 0.2077181 0.7181664 -0.1120951 0.6867836 0.966815 0.08337855 0.2414887 0.09660291 -0.9941822 -0.04764217 0.8846195 -0.3081043 0.3500289 0.8826352 0.1296307 -0.4518309 0.9830667 -0.164465 0.08081561 0.9910614 -0.07149094 -0.112634 0.6766213 -0.1662739 -0.7173121 0.3939213 -0.7689623 0.5035108 -0.9453186 -0.1139691 -0.3055878 -0.9870033 0.1457074 0.06777948 -0.9791126 0.04789483 0.197597 0.06166917 0.1825311 -0.9812642 0.9156446 -0.1052435 0.3879677 -0.2831714 -0.4776039 0.8316901 0.8576935 -0.3278377 0.3960862 -0.3885102 -0.025213 0.9210996 0.9787214 -0.1977245 -0.05485802 0.8143057 -0.1951645 0.5466418 -0.9762975 0.1368579 0.16767 -0.8483126 0.05803179 -0.526306 -0.393725 -0.8860129 0.2448709 0.6474089 -0.6044842 0.4641774 -0.7351545 -0.1315765 -0.665008 0.4902328 0.2618346 0.831333 -0.7943407 0.101968 -0.5988534 0.2347601 -0.38594 -0.8921536 -0.2527037 0.01908439 -0.9673556 0.7288821 -0.2188091 0.6487322 -0.8072654 -0.2727344 0.5233915 0.2475109 -0.3422313 0.9064305 0.970888 -0.08328819 0.2245878 -0.1240105 -0.03888267 -0.9915188 -0.8994795 -0.2633826 0.3486638 0.5050604 -0.2320255 0.8313112 -0.01159358 -0.439773 0.8980342 -0.9970866 0.03340202 0.06857722 -0.1076598 -0.5516895 0.8270721 -0.5315352 -0.3410289 0.7753512 0.1313428 -0.3676887 0.9206271 0.04149043 0.2863004 -0.9572412 -0.461212 0.07374978 0.8842197 -0.5020861 -0.05706554 0.8629329 -0.03394275 -0.29537 0.9547798 -0.1231444 -0.14961 -0.9810466 -0.2141162 0.05303758 -0.9753673 -0.6464886 0.03755277 0.7619989 0.8883038 0.1010406 0.4480037 -0.2662064 -0.3393549 0.9022042 -0.3109433 -0.4047196 0.8599514 -0.1540582 -0.3831235 0.9107594 -0.477423 -0.1884941 0.8582175 0.8390409 0.08531308 -0.537338 0.165515 -0.1842749 -0.9688383 0.6287075 -0.1280012 -0.767035 0.1929845 -0.5140779 0.8357517 0.9031182 -0.2636021 0.3389565 0.18361 -0.8721874 -0.4534057 -0.8233875 -0.5192313 -0.2289807 -0.9635928 -0.1459923 0.2239982 -0.8999246 -0.4326968 0.05393749 -0.9401907 -0.09244304 -0.3278656 -0.9401907 -0.0924431 -0.3278656 -0.9401907 -0.09244298 -0.3278656 0.8234889 -0.07715052 0.5620622 0.9346973 0.1784548 -0.3074001 0.7955043 -0.244295 0.5545205 -0.9493682 -0.2385309 0.2044585 0.9419926 0.08049219 0.325839 -0.1600266 -0.3690885 0.9155136 -0.9000704 -0.4282286 -0.08058261 0.007818937 0.3137771 -0.9494646 -0.5539799 0.3191068 -0.7689456 -0.02397084 -0.3762798 0.926196 -0.07439494 -0.50445 0.86023 -0.9737131 -0.0958268 0.2066399 -0.9766961 0.003647148 0.2145957 -0.3702795 -0.2127001 -0.904241 -0.6855385 -0.3164786 0.655651 -0.06733417 -0.1763737 0.9820176 0.2946315 -0.180778 0.9383559 -0.2491745 -0.4904512 0.8350867 -0.4094721 -0.3481523 0.8432808 -0.4829405 -0.3409419 0.8065527 0.994022 0.0987274 -0.0466184 0.1609305 -0.1579856 -0.9742392 0.1548412 -0.1323263 -0.9790373 -0.2115393 -0.1629489 -0.9636902 0.1642278 -0.004728317 -0.9864112 0.04567778 -0.2023827 -0.9782407 -0.9803269 -0.1519179 -0.1260171 -0.7788745 -0.1866616 -0.5987588 -0.143785 -0.3052483 -0.9413551 0.3250125 -0.1919808 -0.9260185 0.9802821 0.1825827 -0.07556843 0.9664838 0.1528629 0.2062572 0.9619079 0.2174667 0.1656552 0.9542078 0.2779701 0.1105448 0.9931393 0.08554023 -0.07973289 0.9869048 -0.1514272 -0.05557703 -0.6833473 -0.6277146 -0.3728415 -0.9500009 -0.2568482 0.1775598 -0.04930037 -0.9532984 -0.2979795 0.8859755 -0.453985 -0.09457814 0.8931437 -0.342866 0.2910968 -0.9527803 -0.2937274 0.07703298 0.2200263 -0.13133 -0.9666132 0.1776058 -0.9074379 -0.3808053 0.4185534 -0.875143 0.2427713 0.6664995 -0.7322379 0.1400219 0.6860285 -0.690143 -0.2303641 0.9943284 -0.04269635 -0.09740686 -0.053559 -0.7502314 0.6590026 0.3754517 -0.8241493 -0.424045 0.6374554 -0.6037886 -0.4786337 0.8778011 -0.446034 0.1746969 0.6037267 -0.5600823 0.5672936 0.1813592 -0.7317576 0.656993 0.1982021 -0.865116 0.4607498 0.5896442 -0.8007346 -0.1055645 0.6383087 -0.6176272 -0.459455 0.2856239 -0.6729285 -0.6823388 0.8445779 -0.5048813 -0.1782786 0.264718 -0.9352876 -0.2348651 0.2567512 -0.9078028 -0.3316217 0.1380485 -0.9824526 0.1254177 0.1413424 -0.9843723 -0.1050403 0.8837568 -0.2744117 0.3790413 0.8101182 -0.2231806 -0.5421245 0.6797691 -0.3639215 -0.6367694 0.686948 -0.2718988 -0.6739241 0.8204382 -0.5623068 0.1034032 0.6636456 -0.3259722 -0.6732879 -0.5971307 0.1245716 -0.7924121 -0.1085891 -0.6878759 -0.7176595 0.7795664 -0.6168706 -0.1083838 0.4748336 -0.3358622 0.8134677 0.3439143 -0.60372 0.7191977 -0.07081741 0.8526121 -0.5177235 -0.2811568 0.05021893 0.958347 -0.8803027 0.4713028 0.05422955 -0.5964942 0.7218697 -0.3508545 -0.8216747 0.5412383 0.1786386 -0.6174903 0.7725123 0.1480894 -0.5416465 0.8188768 0.1898948 -0.6838104 0.6616379 0.3076342 0.05825191 -0.8096988 0.5839475 -0.6558629 0.7544428 0.02569025 -0.8842562 0.4652068 0.04091256 -0.4898914 0.1657956 0.8558729 -0.4690377 0.6109973 0.6377193 0.2126914 0.6883586 -0.6934874 -0.5506614 0.2141236 0.8067981 -0.93356 0.3489342 -0.08191943 -0.2203554 0.9749261 0.03102737 0.3070906 0.5020234 -0.8084973 -0.5816305 -0.00430417 0.8134418 -0.4927712 0.426097 -0.758695 -0.9967491 0.07513779 -0.02908039 0.3989812 0.180199 -0.8990786 -0.4857314 0.229682 -0.8433927 0.411351 -0.1628037 -0.8968196 -0.3647833 0.1236402 0.9228469 -0.3799261 -0.7179854 0.5832266 -0.8661247 0.1154204 0.4863191 -0.9975611 -0.06954854 -0.00590986 -0.9617827 -0.2040925 0.1825386 0.4368803 -0.4109656 -0.8001519 -0.1187037 -0.6066842 -0.7860304 -0.900363 -0.4176294 0.1221968 0.1710844 -0.9441736 0.2815426 0.1574209 -0.9785183 0.1331195 0.0457983 -0.7599476 -0.6483688 0.5737605 -0.6584607 -0.487061 0.2049408 -0.2327115 -0.9507075 0.9837099 -0.05110776 -0.172345 0.9668952 -0.1491869 0.2070189 0.8443042 -0.3309652 0.4214411 0.8973017 -0.3734021 -0.235416 0.8606405 -0.5049039 0.06610649 0.3091933 -0.705058 -0.638195 0.9319468 -0.01804655 0.3621458 0.9212383 0.3330302 0.2010244 0.9614903 0.1491288 0.2308616 0.6525052 0.4466148 0.6121866 0.7457406 0.6217222 0.2394419 0.6085074 0.7543296 0.2463852 0.4642863 0.8856822 0.002278327 0.454076 0.8908472 0.01436269 0.2669387 0.8673385 0.4200804 -0.1179991 0.988669 -0.09278947 0.3536048 0.7215153 0.5952977 0.674943 0.6540086 0.3416501 0.964239 0.2558847 0.06903833 0.9962715 -0.06502819 -0.05669623 0.8717762 0.3625249 -0.3295177 0.9803126 -0.05627232 -0.1892639 0.8846296 0.4320483 -0.175399 0.6514171 0.727161 -0.2165471 0.276938 0.9189125 -0.2809009 0.4010202 -0.6699483 -0.6247816 0.07415223 -0.7746476 0.6280307 0.3258526 -0.8005459 -0.5029377 0.3741882 -0.9202033 0.1149315 0.8783376 -0.1906625 -0.4383732 0.7313032 -0.6814261 0.02922767 0.967817 -0.00779742 -0.2515348 0.9852945 0.1292839 0.1117165 0.02922981 0.6960211 0.7174261 0.6392823 0.7632948 0.09327065 0.1605191 0.8843271 -0.4384056 0.738159 0.641761 -0.2080006 0.1532723 0.9858459 0.06793886 0.8602163 0.5091111 0.02887701 0.8282654 0.5551148 0.07631474 0.02076238 0.8881138 0.4591544 0.4438168 -0.06375968 0.8938465 0.785582 -0.4306577 0.4442917 0.5810923 -0.5724462 0.5784783 0.8886389 -0.001078546 0.4586064 0.6495627 -0.130959 -0.7489446 0.8193125 0.1135758 -0.5619855 0.9352193 0.1831687 -0.3030084 0.2021721 -0.6254693 0.7536011 0.05843317 0.9965863 0.05832225 0.2369166 0.9294524 -0.2828228 0.5501917 -0.1572808 0.8200927 -0.03456228 0.8546898 -0.5179873 0.3555717 -0.9132414 0.1988943 0.5036736 -0.1140095 -0.8563381 0.5897037 -0.6943929 -0.4123932 0.1596011 0.08124452 0.9838328 0.3170303 0.8725155 0.3717643 0.3555567 -0.406283 0.8417326 0.3276854 -0.5975899 -0.7317846 0.102283 -0.04915493 0.9935402 -0.1811299 -0.1251979 0.9754576 0.9265668 0.2214494 -0.3040297 0.1857902 -0.08818769 -0.9786241 -0.9763551 -0.1477259 -0.1578218 -0.6067375 0.7241113 -0.3279215 0.07303982 0.9647473 0.2528401 0.1743837 0.9480674 0.2660052 -0.1211923 0.9910523 0.05592799 0.04510378 0.7392565 0.6719119 0.05964452 0.8135131 -0.57848 -0.859039 0.4255431 -0.2845436 0.3934717 0.4227522 0.8163704 0.9384482 0.3417562 0.05017679 0.9156185 0.3080874 0.2583117 0.1442866 0.3408144 0.9289924 -0.802291 0.0394631 0.5956273 0.2769693 -0.2851386 0.9175969 0.945813 -0.2738142 -0.1745385 -0.3586694 -0.9150359 0.1845692 0.4097198 -0.8776307 -0.2487853 -0.08260428 -0.908432 0.4097902 0.5696569 -0.6209598 -0.5384237 0.1037299 -0.4758251 -0.8734018 0.7843245 -0.5927283 0.1830532 0.9761472 -0.0135498 -0.2166867 -0.2615162 0.8347179 -0.4846187 0.7154359 -0.5931932 0.3691521 0.3779443 0.6189112 0.6885544 0.03979599 0.9166921 0.3976078 0.5915295 0.07083612 0.8031658 0.6565273 -0.4355067 0.6158782 0.02636438 0.8325623 0.5533035 0.06630331 0.6838989 0.7265577 0.2672411 0.4525469 0.8507547 -0.1612952 0.7550562 0.635511 -0.1698163 0.8684288 0.4658259 -0.3313916 0.8891745 0.3155127 0.70921 -0.5992451 0.3713845 0.726796 -0.4737479 0.4973232 0.1214113 -0.9288486 -0.3499997 -0.3140842 0.9028145 0.2937299 0.8167769 0.5734907 -0.06311786 0.6548704 0.7534147 -0.05925452 0.9950214 -0.04359024 0.08962392 0.3697806 0.9250486 -0.08687585 -0.1210764 0.9849982 -0.1229593 -0.8677661 -0.4922225 -0.068551 -0.8123137 0.5648996 -0.145034 -0.9930661 -0.07630914 -0.08942419 -0.7704768 -0.6361573 -0.04085749 0.9247156 -0.3438963 0.1632063 0.6477438 -0.7369933 0.193052 0.4339596 -0.8868014 0.1589411 -0.9384148 -0.3384878 -0.06930947 0.951362 0.306634 0.02976751 0.4604308 0.8137925 -0.3546059 0.9601463 0.2319194 -0.1559894 0.3171324 0.9318668 -0.1762139 0.6531091 0.7354135 -0.1805973 0.3370421 0.8954399 -0.2908436 0.4084954 -0.3425066 -0.846062 0.8217736 -0.5014895 -0.2705488 -0.8301345 0.4932503 0.2599635 -0.5749877 0.206535 -0.7916644 -0.07493823 0.9689843 -0.2354865 -0.1411613 -0.9896587 -0.02547788 -0.8640449 0.3969117 0.3096576 0.9173789 -0.3972811 -0.02416455 0.8589011 -0.5103834 -0.04240065 -0.06584775 0.9744569 -0.2147042 0.7519283 0.611377 -0.2466217 -0.8345219 0.5507858 0.01443815 -0.9051864 0.4059504 0.1258645 -0.4247714 -0.8598839 0.2831411 -0.7973032 0.572315 -0.191737 -0.6289309 -0.2477902 -0.7369166 -0.9586495 -0.06235897 0.2776731 -0.9871484 -0.0454781 0.1531985 0.8908514 -0.2170125 -0.3991107 0.3518579 -0.8935556 -0.278845 0.5445584 -0.838271 -0.02752983 0.5401939 -0.829287 -0.1430858 0.8831019 0.2674142 -0.3855137 -0.5706214 -0.7507341 0.3328508 0.8414289 0.5392723 -0.0343917 0.704723 0.6021791 -0.3751613 0.6885619 -0.1254988 -0.7142356 0.7434037 -0.5260731 -0.4130352 0.8436279 -0.4542615 -0.2862493 -0.4556322 0.3866278 -0.8018219 -0.07068973 -0.9769337 -0.2015033 -0.1962227 -0.9804047 0.01741528 0.140907 0.9893806 -0.0356552 0.09105789 0.9709659 -0.2212095 0.5258396 -0.850327 0.02090388 0.5073713 0.7520681 -0.4206758 -0.3976331 -0.8949902 0.2021898 0.9756618 0.03413176 -0.2166088 0.4398949 0.890718 -0.1145169 -0.4947773 -0.2399196 -0.8352449 -0.9556768 -0.1749618 0.2367914 -0.9002031 -0.2550384 0.3529729 -0.9817416 -0.1750714 0.07438802 -0.7926807 0.6093581 0.01843988 -0.4822419 0.7879362 -0.3828833 -0.884582 0.4205579 0.2016078 -0.6434777 0.6913015 0.3286926 0.8942392 0.02928966 -0.44663 0.2251538 -0.9633175 -0.1460313 0.06222426 -0.9895966 -0.1297179 0.8042393 -0.474452 -0.3579027 0.8631289 0.3864371 -0.3250771 0.7621896 -0.01005899 -0.6472758 0.7752335 -0.547248 -0.3154882 -0.8742488 0.3443847 0.3421818 -0.4172621 -0.7476532 -0.5166307 -0.09498161 -0.9900224 -0.1040875 0.352676 0.9356678 -0.01206952 -0.152267 -0.9859028 -0.06935757 0.4682013 0.8836098 -0.004605174 0.2619119 0.9649061 -0.01893019 0.7390586 -0.6485672 -0.1820802 0.6531105 -0.6802234 -0.3327807 0.9117509 0.1728481 -0.3726043 0.2241575 0.9718465 -0.0725798 0.7827832 -0.4619454 -0.4169619 0.9717743 0.07795941 -0.2226592 -0.8355004 0.5493921 -0.01037883 -0.02244472 -0.9936776 -0.1100046 -0.9889867 -0.09437072 -0.1140162 -0.9777107 -0.2012965 0.05967938 -0.5767318 0.7986078 0.1720644 0.6256116 -0.2918338 -0.7234938 -0.9309889 -0.01371592 0.3647899 0.661464 -0.6606294 -0.355013 0.4048758 0.9080568 -0.1072786 0.8043062 0.4082313 -0.4317857 -0.5349842 0.2199783 -0.8157216 -0.348236 -0.93586 -0.05383133 0.6675465 0.6094984 -0.4276605 0.02059602 0.9914273 0.1290264 0.912771 -0.1613529 -0.3752525 0.827992 -0.2784209 -0.4867351 -0.6002918 -0.7992016 0.03044462 0.8507416 0.4922082 -0.1843093 0.4425994 0.8967086 0.004421532 -0.5014489 -0.8651748 -0.00465101 -0.9447574 -0.1607227 0.2856604 -0.9665697 -0.05571794 0.2502769 -0.8328122 -0.2147278 0.5102116 -0.9106701 -0.3260323 0.253738 -0.938871 -0.113996 0.324848 -0.8597522 0.4432362 0.2537081 -0.2579646 0.9365598 -0.2372973 -0.6795309 0.7205379 0.1380694 -0.7353058 0.5593244 0.3827293 0.8847179 0.01732838 -0.4658048 -0.9335023 0.3570991 -0.03245925 -0.5628978 -0.8214161 0.09177112 0.5335595 -0.8453521 0.0263518 0.7629035 -0.6452522 0.04034751 0.1402702 0.5131342 -0.8467689 0.8195909 -0.5132827 -0.2545813 -0.9013264 0.282566 0.3282795 0.4575468 -0.8109151 -0.3647845 0.7468692 0.4492802 -0.4902386 -0.3624759 0.3412895 -0.8672558 0.2508043 -0.8461007 -0.4703308 0.2001184 -0.9678981 0.1520726 0.1405993 0.8756887 -0.4619536 -0.2172946 0.9236242 -0.3157554 0.2086725 -0.9689463 0.1326606 0.7289453 -0.561741 -0.3912619 0.4638069 -0.8826621 -0.07609736 0.4012845 -0.9056629 0.1369141 0.7532204 -0.5655124 -0.3359385 0.6441113 0.7071421 -0.2916687 0.623793 0.7536394 -0.2071471 0.2852522 -0.9566744 -0.05835646 0.7590433 0.6300243 -0.1640813 0.949375 -0.1007258 -0.2975592 0.354914 -0.8663544 -0.3513774 0.7349476 0.6057525 -0.3048211 0.3146924 -0.9041284 -0.2889992 -0.8935335 -0.4040779 0.1957525 -0.7737512 -0.5623131 0.2917416 -0.4203792 0.9050449 -0.06461542 -0.6410882 0.7384864 0.2089112 -0.2776055 0.9474288 -0.1591032 -0.8351832 -0.5375255 0.1163416 0.04599511 0.9585767 -0.2810963 -0.780724 -0.5669329 0.2627873 -0.8197793 -0.5701384 -0.05389076 -0.2442865 0.9607927 0.1311547 -0.2253609 0.9435849 -0.2426107 -0.2816464 0.95141 0.1244769 0.6003309 -0.05486851 -0.7978674 -0.3100593 -0.5536605 -0.772867 -0.8209795 0.5497407 -0.1542011 0.805406 -0.5618411 -0.1888278 -0.8961403 -0.1862162 -0.4028102 0.9149934 -0.0140531 -0.4032242 0.51574 0.8567265 -0.00566256 -0.8676964 -0.160657 -0.4704172 -0.9644383 -0.05456638 0.2586141 0.881258 0.4536926 -0.132467 0.9925736 -0.1019213 -0.06640601 0.9184808 -0.3952419 -0.01330393 0.9577539 -0.04823571 -0.2835153 -0.8810598 -0.1107528 -0.4598559 -0.3477404 0.4988238 -0.7938838 -0.4166933 -0.8450542 -0.3350377 -0.7484835 0.64091 0.1703141 -0.9180577 -0.395783 -0.02293664 -0.9617583 -0.2482826 -0.1156582 0.6700988 0.7386444 -0.0732944 -0.7683326 -0.6398791 0.01482915 0.1334678 0.9745358 -0.1801843 -0.873382 -0.4868925 0.01181024 0.8463139 -0.5038046 0.1730143 0.6444585 -0.7383216 0.1988829 -0.8800218 0.2948422 -0.3723304 0.8642763 0.502937 0.008998453 0.9897769 -0.06614387 0.1263599 -0.9713199 -0.164864 -0.1713402 0.2488727 0.938831 -0.2380312 0.9915301 0.07971131 0.1025391 0.2162448 -0.969141 0.1183389 -0.8504086 0.5094262 -0.1314927 0.9629191 -0.2598411 0.07259142 -0.6682744 -0.7437366 -0.01628839 -0.9445811 0.2407355 -0.2231885 0.648851 0.7607896 0.0138356 -0.2547373 0.9575462 -0.1349607 -0.8810163 0.4730115 0.008391261 0.9057655 0.4220752 0.03796857 -0.9954715 0.09184914 -0.02450448 0.4730377 0.8808791 -0.01695579 -0.05081164 0.9986554 0.01027715 -0.9333254 -0.3585476 0.0186423 0.796532 -0.6045511 0.007391989 0.5334951 -0.845792 -0.00434333 -0.832498 0.5524064 -0.04236024 -0.9960446 0.07633918 -0.04546946 -0.6890951 -0.7223774 0.0576089 -0.0911079 0.9859611 -0.1399294 -0.8344631 0.5426577 -0.09588468 -0.8660598 0.475793 -0.1534982 0.9971246 0.07154285 -0.02498221 0.1186224 -0.9927918 0.0171234 -0.7347105 0.6448207 -0.2107294 0.7832424 -0.6214008 0.01981472 0.4819412 -0.8750259 0.04541307 0.9206125 0.3803139 -0.08851033 -0.9862582 0.03082549 -0.1623104 0.9724254 -0.2329633 -0.01081323 0.5753633 0.8028189 -0.1563295 -0.6902117 -0.7233425 -0.01958411 0.7975686 0.5910425 -0.1206369 0.4255294 0.8820534 -0.202254 -0.8480809 -0.5237348 -0.08037972 0.6278603 -0.7747601 0.07442116 0.9604858 -0.2689325 -0.0717107 0.9931643 -0.06192159 -0.09894609 0.7541893 0.6292334 -0.1877872 0.4904372 0.8421723 -0.224092 -0.5779265 -0.8156706 0.02612155 -0.8262369 0.5539999 -0.1020631 0.477423 -0.8501844 0.221932 -0.9577462 -0.2875327 0.006870567 0.9343156 0.3452758 -0.08853846 0.3826583 -0.9116056 -0.15016 0.4487097 0.8255181 -0.3423148 0.5717643 -0.04790663 -0.8190181 0.9485726 -0.1579378 -0.2743461 0.9714193 0.2362315 0.02322071 0.4111931 0.7224241 -0.5558989 0.7938095 0.4485039 -0.4107445 0.04050582 -0.9647731 0.2599467 -0.0257346 0.9395734 -0.3413792 0.2710891 0.8751187 -0.4008468 0.923034 -0.3196704 -0.2140539 0.6113455 -0.7909908 -0.02429258 -0.6619066 -0.6451528 0.3816512 -0.8802808 -0.3146872 0.3550741 -0.1997489 -0.9648128 0.1709874 -0.8226804 0.5573993 0.1118168 0.235162 0.182001 -0.9547641 0.6283743 -0.7481214 -0.2132139 0.5596778 -0.4170061 -0.7161471 -0.8502133 0.4294189 -0.3045272 -0.8208222 -0.1328488 -0.5555197 -0.9119434 0.3763881 -0.1633748 -0.9493162 0.09336674 -0.300136 -0.678066 0.7265558 -0.1110997 -0.2587829 -0.1910778 -0.9468479 0.04209452 -0.8493126 -0.5262095 0.1033928 -0.9089903 -0.4037904 -0.3100622 -0.6430047 0.7002903 0.9379838 0.3464794 -0.01176714 -0.4626494 -0.8818678 0.09091103 -0.9434385 -0.02028954 0.3309264 -0.7730587 -0.3102132 0.5533066 -0.1934372 -0.9257519 0.3249089 0.2298607 -0.9732103 0.005080759 -0.790421 -0.1528086 -0.5931984 -0.9438401 0.1213291 -0.3073194 -0.4266957 -0.04432117 -0.9033086 0.2696964 -0.9482033 -0.1678522 -0.2229257 -0.9727793 0.06328183 0.5987254 -0.7807739 0.1786619 0.7331916 -0.6794058 0.02894461 0.7788354 -0.188325 -0.5982887 0.7654459 -0.2499299 -0.5929821 -0.8401051 -0.4514648 0.3006708 -0.08753567 -0.825134 -0.5581141 -0.6577082 -0.4615098 -0.5953392 0.6646566 -0.6843883 0.2997403 -0.07064652 -0.9910196 0.1135307 -0.5385926 -0.8423972 0.01688027 -0.1521413 -0.9883483 0.004558682 -0.4098342 0.8996257 -0.1506976 -0.4365091 0.7773532 -0.45297 -0.2363182 0.9565792 -0.1706167 -0.05404627 0.9726002 -0.2261152 0.5020291 0.8215986 -0.2700789 -0.9915306 -0.08384788 0.09918034 0.9026944 -0.3880609 -0.1858807 -0.9513809 0.1642374 -0.2605772 0.8868914 0.4570342 -0.06740623 -0.9750477 0.1586064 -0.155326 -0.9279159 0.3727163 0.007401525 0.9630456 0.07341533 -0.2591398 0.9163908 -0.3974723 -0.04736739 -0.1360586 0.9879412 0.07389473 0.4615615 0.8845243 -0.06765967 -0.9844034 -0.1120588 -0.1356203 0.8356665 0.5492276 0.003255307 0.5689246 -0.812704 0.125846 0.7498054 -0.6616007 -0.008747875 -0.3632542 -0.9316874 -0.002254009 0.4093865 -0.8928129 0.1878508 -0.4529161 0.8881548 -0.07777053 -0.6447325 0.7224105 0.2498863 -0.9758095 0.08750963 0.2003444 -0.3017764 -0.6398864 0.7067365 -0.8831971 0.4661684 -0.05147844 -0.9927967 0.02757078 -0.1165961 -0.9183766 0.2492477 0.3073437 -0.8037459 -0.115578 0.5836389 -0.9050404 0.4204242 -0.06438457 0.9673756 0.1958243 -0.1607398 -0.9864314 0.1573055 -0.04698979 -0.9762206 -0.2167772 -0.001074433 -0.9152661 0.4016363 -0.03124535 -0.9255432 0.2411658 -0.2919055 -0.2805774 -0.9500437 0.1367235 -0.5349471 0.7348111 -0.4169942 -0.578131 0.8047362 -0.1347752 -0.5007728 0.8655753 -0.002477884 -0.539816 0.8330732 -0.1207803 -0.4634163 0.8561435 -0.2286127 0.6645087 -0.6852639 0.298063 0.5359762 0.8269838 -0.1697864 -0.1081923 -0.9930673 0.04595589 -0.4722529 -0.8814617 0.001626014 -0.2701205 -0.9614696 0.0511009 -0.01484376 -0.9933936 0.1137927 0.4366066 -0.8963194 0.07737046 -0.8355615 0.2669646 -0.4801739 -0.9632326 -0.174075 0.2046486 -0.9414347 -0.2315354 0.2451369 -0.5625585 -0.6438301 0.5186626 0.4504993 -0.8710894 0.1955856 0.593205 -0.7725333 0.2264955 -0.9870536 0.1346809 -0.08710008 -0.9941932 -0.04811203 -0.09625595 -0.006886661 0.998961 -0.04505127 -0.5981325 0.8012863 0.01334416 -0.02290546 0.986054 0.1648421 0.9192274 -0.3608694 0.1574623 0.9963344 0.07881802 0.03324902 -0.7484381 -0.6537833 0.1113902 0.405925 0.9008092 0.1541686 0.9761102 -0.09836751 0.1937336 0.9861512 -0.165848 -5.81548e-4 0.991402 -0.1242466 -0.04104983 0.9956221 0.0549249 -0.07562994 0.8121858 -0.5829486 -0.02291792 -0.01823472 -0.9971733 0.07289004 -0.9390957 -0.3433244 -0.0150935 0.9961094 0.02640783 -0.08407628 0.611688 -0.7910196 -0.01122838 -0.8673206 0.4903792 -0.08534193 0.6124233 0.7720346 -0.1700012 -0.1466941 -0.9704955 0.1913623 0.9677572 0.2517403 0.008531928 0.1131529 -0.9554992 0.2724292 0.1459687 0.113389 0.9827696 0.8923761 -0.4427263 -0.08751207 0.7220724 -0.5269241 -0.4482884 0.4141048 -0.9073272 0.0726273 0.2933477 -0.8639942 -0.4092202 0.2370048 -0.899193 -0.3678055 0.8356354 0.08149248 0.5432059 -0.8089088 0.2621992 -0.5262301 -0.6255476 -0.2758485 0.729793 0.3329324 -0.2803747 0.9003033 -0.9766194 -0.04055362 -0.2111163 -0.9996514 -0.003774642 0.02613556 -0.9835686 0.03591364 -0.176927 0.2585499 -0.8281292 0.4973471 0.3271471 -0.8853198 0.3304296 0.006932258 -0.6861366 0.7274398 0.2791795 -0.4365565 -0.8552644 0.5935863 -0.6369642 -0.4918659 0.6831999 -0.6405271 0.3506608 0.8191179 -0.4900749 0.2981151 0.9798619 -0.005538046 -0.1995999 -0.7805835 -0.5095132 0.3620578 0.4552286 -0.5173228 -0.7246683 -0.356836 -0.7949224 -0.4906796 0.6857329 -0.643001 0.3410575 0.2092099 -0.9672608 -0.1436582 0.6560097 -0.7253383 -0.208652 -0.008881568 -0.9921349 -0.1248576 0.9939602 -0.08472549 -0.06974923 0.9162039 -0.1535388 -0.3701301 0.5415897 -0.5305892 -0.6520397 0.9974655 -0.05684477 0.04279464 0.7239324 -0.6893182 -0.02760964 0.6177581 -0.7846665 -0.05170506 0.4301867 -0.8796275 0.2029652 0.9362173 -0.2774807 0.2156429 0.9719292 -0.1521825 -0.1794276 0.2072401 -0.8124982 0.5448839 0.8930736 -0.4428086 0.07962524 0.5715106 0.6818894 -0.4565114 0.9759548 -0.146035 -0.1618215 0.8337036 0.3770484 -0.4034511 0.6523602 0.6099005 -0.4499418 0.5632987 0.7057875 -0.429603 0.9896126 -0.1085869 -0.0942111 0.7316345 -0.6777034 -0.07368242 0.8717664 -0.4030222 -0.2785614 0.4068615 -0.8720039 0.2721639 0.8701987 -0.4457203 -0.2099704 -0.3287239 -0.5434059 0.7724317 -0.4954918 -0.05457401 0.8668965 0.738239 -0.6383191 0.2180643 0.398329 -0.9075539 0.1329659 -0.3686541 0.7048506 0.6060361 -0.3941584 0.8575674 0.3304808 0.2873905 0.9568312 -0.04336792 0.7517872 -0.6568516 0.05798417 0.5971602 -0.8012706 0.03695231 0.1162642 -0.8474932 0.517917 -0.5079695 0.8165434 -0.2742699 -0.2618013 -0.2777236 -0.9242997 0.201415 -0.9785564 0.0431205 0.01919257 -0.4910548 -0.8709172 -0.3500279 -0.2232294 -0.9097523 -0.4513802 0.4690482 -0.7591112 0.9484434 -0.310254 0.06479054 0.9689338 -0.2472582 0.005543172 0.8939655 -0.4344042 0.1100859 0.9310781 0.3612973 -0.05057489 0.2688472 0.9597085 0.08173668 0.974555 -0.1039851 0.1985692 0.9786759 -0.1806295 0.09780961 0.9866923 -0.1522696 -0.05703127 0.2766118 -0.4818268 -0.8314619 0.7401447 -0.6324504 -0.2284566 0.5016127 -0.7762917 0.3817799 0.9952663 -0.09309774 -0.02789103 -0.3930323 0.8669239 -0.3065431 0.9240101 -0.3098636 0.224031 0.5744781 -0.6754645 0.4623016 0.4684426 0.3242689 0.8218341 0.2469179 0.7315205 -0.6355386 0.5077459 -0.8079153 -0.2991104 0.5855294 -0.6149242 -0.5282269 0.02385926 0.5973498 -0.8016259 0.8382851 0.480581 -0.2575269 0.7046809 -0.6139398 -0.3556725 0.1189119 -0.3274421 0.937359 0.01793599 -0.4505081 0.8925922 0.8768604 0.2214259 -0.426716 0.9420101 -0.120102 0.3133569 0.8377993 -0.2123084 0.5030084 0.9529371 -0.2955159 0.06768572 0.3571667 -0.4712886 0.8064237 0.3841453 0.8022536 -0.4569701 0.4991721 0.8589933 -0.1138326 0.943713 0.1937854 -0.2680544 0.5661304 -0.7999278 -0.1990275 0.7630091 0.2013708 -0.6142205 0.9315356 -0.3604871 0.04785954 0.6688136 0.4457328 -0.5949879 0.761061 -0.6484498 -0.01729333 0.8601073 -0.504594 0.07483661 0.6322272 -0.6179112 -0.4674126 0.763427 0.4844546 -0.4271803 0.4172407 -0.2088168 -0.8844805 0.3005979 0.9459885 -0.1214354 0.9285034 -0.04234242 -0.3689018 0.8297588 -0.3025794 -0.4689842 0.9571689 -0.0539264 -0.2844642 0.8908794 -0.319566 -0.3228183 0.9001791 0.1518658 -0.4081843 -0.643863 0.5803748 -0.4986037 -0.5001807 0.8362364 -0.2247849 -0.6242445 0.6020181 0.4978886 -0.0151028 0.8427643 -0.5380709 0.7181597 -0.6723591 -0.1793878 0.09112185 0.7090327 -0.6992635 0.279191 0.8420584 -0.4615087 0.05358356 0.6717856 0.7388051 0.1291286 -0.6696327 -0.7313808 0.05204379 0.4000257 -0.9150251 0.3977072 0.7287131 -0.5574999 0.4202772 -0.2708162 -0.8660402 0.9654932 0.2231901 0.1341986 0.09707051 0.9932231 0.06391614 0.921139 0.3344884 -0.1990493 0.9952709 0.08324497 -0.05006092 0.9278929 0.1709432 0.3313508 0.711673 0.3329751 0.6185864 0.3929327 0.3960781 0.8298953 0.07975929 0.4157069 0.9059947 0.6050325 0.7790318 -0.1644541 0.782516 -0.3836239 0.4904096 0.3483217 -0.8907986 -0.2918048 -0.3561638 0.9243184 -0.1370503 -0.2531152 0.5643962 -0.7857415 -0.923408 -0.006707072 0.3837612 -0.6454415 0.6942144 0.3185464 -0.490057 -0.4541478 -0.744039 0.8278622 0.04238206 -0.5593282 -0.9394582 -0.1927449 -0.2833157 0.9073415 -0.23932 -0.3456259 -0.9702709 0.04002046 -0.2386899 -0.4985219 0.2213522 -0.8381403 -0.8982859 -0.09206354 -0.429659 -0.7257247 -0.6837231 0.07646173 -0.8129523 -0.01643842 -0.5820984 -0.8329191 -0.4338244 0.3435729 -0.9862167 0.1417318 0.08537447 -0.3546409 -0.3306014 0.8746042 -0.1700904 -0.5322306 0.8293371 -0.1700904 -0.5322305 0.8293371 -0.1700904 -0.5322306 0.829337 0.151238 -0.07785481 0.9854267 0.2728041 -0.3603994 0.8920148 0.09502923 -0.9405241 -0.3261657 0.07902562 -0.8422912 -0.5331983 -0.3081153 -0.7157235 -0.6267415 -0.8388365 0.5308911 -0.1204488 0.8922368 -0.3237104 0.3148415 0.8885641 -0.4460492 0.1072101 -0.8189297 -0.1883852 0.5420934 0.922417 0.3445101 -0.1745275 0.954491 0.03736603 0.2958899 -0.8407012 0.2550672 -0.4776632 -0.4490817 0.2561292 -0.8559927 -0.2542849 0.1223169 -0.9593633 0.5585047 -0.1913298 0.8071342 -0.8747321 0.3919305 0.2850163 0.1160226 0.09595978 -0.9886003 0.9694718 0.1742945 -0.1724697 0.4684908 -0.437947 0.7672802 0.8002021 0.5996655 -0.008832633 -0.8574076 0.4780023 -0.190699 -0.2922422 -0.2901959 0.9112524 -0.6433321 -0.04296916 0.7643806 0.5808539 0.5906456 -0.5601308 0.640209 0.707524 0.2992365 0.9299441 0.3673682 0.01564663 -0.8971272 0.3656263 0.2479522 -0.8956426 0.432256 0.1047818 -0.832985 0.5168108 0.1975924 -0.8401227 0.533047 -0.1002733 -0.993635 0.0725609 -0.08616495 0.8654018 0.4580426 -0.2031671 0.6257037 0.777173 0.06706076 -0.7784001 0.6245282 0.06370234 0.9815601 0.1167839 -0.1513316 0.6955397 0.7178846 -0.02943032 -0.9969055 0.07605272 0.01988488 -0.7004188 -0.7137143 -0.005066096 0.3219112 -0.9453269 0.05225324 -0.101173 -0.4100752 0.9064229 -0.9792699 0.05357986 -0.1953451 -0.958594 -0.1353659 0.2505468 -0.9616906 -0.1885895 0.1989606 0.9610857 0.2760999 -0.009122014 0.9767124 -0.1203045 0.1776511 0.8272678 0.234484 -0.5105342 0.8746106 -0.1681787 0.4547222 0.7340058 0.08036744 -0.6743714 -0.6701287 -0.4905716 0.5570164 0.0104193 -0.2946877 0.9555369 0.0104193 -0.2946877 0.9555369 0.0104193 -0.2946877 0.9555369 -0.5443948 0.418713 -0.726852 0.8638014 -0.2553703 0.4343193 0.9793458 -0.08004754 0.1856723 0.745352 -0.3363092 0.5756272 -0.9590702 0.07289129 0.2736263 0.9782614 0.02335125 0.206057 -0.9828677 -0.1198602 0.1400175 0.9906612 0.09715431 -0.0956639 0.143679 0.1655293 -0.9756826 -0.1967234 0.1994659 -0.9599549 -0.2884551 -0.2855685 0.913917 -0.3133493 -0.1030686 -0.9440282 -0.8163155 0.04248946 -0.5760414 -0.07668012 0.3801996 -0.9217204 0.2553552 -0.07179427 -0.964178 -0.1548219 -0.1892684 -0.9696431 0.2553796 0.2025341 -0.9453895 0.3647612 -0.03110295 -0.9305815 -0.4599181 -0.0849266 -0.8838908 -0.3017145 0.02754795 -0.9530004 -0.03290003 0.04718363 -0.9983443 -0.8120084 -0.1512019 -0.5637203 -0.196218 -0.2813019 0.9393444 0.9744418 0.1387669 0.1766552 0.6299055 0.2838411 -0.7229477 0.9943814 -0.06412905 0.08422178 0.09603452 -0.1930913 0.9764698 0.6160631 0.1025561 -0.780992 -0.9294958 0.2297943 0.2885 0.00372982 0.07549113 -0.9971395 -0.8635389 -0.1077075 -0.4926455 -0.9772362 -0.1593993 -0.1400053 0.1676596 0.0200721 -0.9856407 -0.8899008 -0.4104695 -0.1989762 0.850017 -0.2369172 0.4704693 -0.2886766 -0.3072933 -0.9067727 0.002333402 -0.8469427 0.5316793 0.1331196 -0.3324347 0.9336844 0.1328842 -0.3371271 0.9320338 -0.5920721 -0.4390644 -0.675776 0.480632 -0.05371886 -0.8752755 -0.8216186 -0.06850785 0.565906 0.05847072 -0.5567618 0.8286119 0.6435105 -0.7650126 0.02549743 0.528079 -0.7961884 0.2953245 0.6025115 -0.558738 0.5699051 -0.9551818 0.2704836 0.1202765 -0.9309927 0.3420228 -0.1275661 -0.6035051 -0.03635472 0.79653 -0.9694373 0.08665096 0.2295279 -0.09680354 -0.9945898 -0.03768885 -0.5044385 -0.1701056 0.8465258 -0.8773441 0.1251401 -0.4632575 -0.9840433 -0.1629515 0.0714544 -0.9897654 -0.0721445 -0.1231253 -0.6685217 -0.1738874 -0.7230781 -0.5365349 -0.7042046 0.4650014 0.9150658 -0.3860272 0.1167809 0.8371722 0.07056283 -0.5423687 0.9768389 0.0494973 0.2081727 0.006352186 0.1460862 -0.9892515 -0.9450353 -0.05201321 0.3228048 0.2733035 -0.4685018 0.8401257 -0.8623874 -0.3229145 0.3898903 -0.4320953 -0.01533973 0.9016975 0.3780331 -0.01520854 0.9256672 -0.2666535 -0.8696828 0.4153889 0.9867762 -0.1607529 -0.02076554 -0.8206166 -0.1885697 0.5394721 0.9042832 -0.2908055 0.3125767 -0.6530442 -0.598946 0.4634619 -0.4994885 0.2714391 0.822698 0.3427534 -0.3245627 0.8815777 -0.2248689 -0.3957583 -0.8903984 0.1651986 -0.01255047 -0.9861806 0.8010926 -0.2673582 0.5355094 -0.2648223 -0.3328569 0.9050279 -0.4078484 -0.07816141 0.909698 -0.258749 -0.1267291 0.9575953 0.8952671 -0.2600178 0.3617839 0.9962664 0.033553 0.07954549 0.09789454 -0.5425522 0.8342985 0.4551318 -0.1672661 0.8745726 0.4991928 -0.315978 0.8068237 -0.1457844 -0.2610274 0.9542597 -0.142055 -0.3573073 0.9231208 -0.03032553 0.275607 -0.960792 -0.03503531 -0.4060764 -0.9131672 0.4922431 -0.04775059 0.8691471 0.1183114 -0.2175254 0.9688577 0.1341649 -0.1606126 -0.9778565 0.6631101 -0.4603028 0.5902596 0.5415018 -0.01639384 0.8405398 -0.8932535 0.1065579 0.4367423 -0.6895412 -0.104808 0.7166229 0.2556743 -0.329446 0.9088983 0.3642449 -0.3395828 0.8671846 0.467482 -0.1792429 0.8656399 -0.1546159 -0.1950111 -0.9685374 -0.6199781 -0.1361352 -0.7727189 -0.88777 -0.2124307 0.4083353 -0.9613168 -0.2750341 0.01504456 -0.272539 -0.823732 -0.4971802 0.7464522 -0.5601399 -0.3592388 0.9608703 -0.1441023 0.2365651 -0.7286028 -0.1779031 -0.6614292 0.8989447 -0.4325962 0.06898528 -0.9310147 0.1755754 -0.3199765 -0.8094467 -0.3257397 0.4885588 0.9472974 -0.235201 0.2175042 -0.894833 -0.4436061 -0.0498743 -0.4493238 -0.7820819 -0.4318055 -0.9455625 0.0847066 0.3142235 -0.1659753 -0.6727917 -0.7209742 0.3674647 -0.7716667 -0.5191342 0.01380324 -0.2163811 0.9762115 0.7095366 -0.5596784 -0.4281564 0.9006057 -0.4296629 -0.06556856 -0.3489855 -0.1904351 -0.9175749 0.003627061 0.3032111 -0.9529166 0.003627061 0.3032111 -0.9529166 0.003627061 0.3032111 -0.9529166 -0.7530825 -0.05572515 0.6555619 0.6329518 0.1774221 -0.753587 0.9712297 -0.09411835 0.2187572 0.5927769 -0.03656381 0.8045364 0.9537563 -0.06854367 0.2926613 0.8615902 0.03631764 -0.5063037 0.6778352 -0.3095526 0.6668708 0.05607557 -0.1654816 0.9846174 -0.9579359 -0.05760866 0.2811408 -0.3053725 -0.1701881 0.9369011 -0.122058 -0.5285664 0.8400712 0.2393001 -0.4812726 0.8432747 0.3996378 -0.338983 0.8516926 -0.1762857 -0.1220638 -0.9767414 -0.1437644 -0.1431041 -0.9792105 0.2224009 -0.1737748 -0.9593437 -0.1529796 -0.01562237 -0.9881059 -0.03476774 -0.2132533 -0.9763782 0.8443387 0.03407007 0.5347256 0.7855082 -0.193775 -0.5877314 0.154281 -0.3158008 -0.9361983 -0.5294423 -0.2559043 -0.8088288 -0.979224 0.1823342 -0.08873945 -0.9686517 0.1557479 0.1935375 -0.9769709 -0.1998175 -0.07483786 0.687081 -0.6322597 -0.3580049 0.8637083 -0.1866984 0.4681363 0.7664229 -0.3806093 0.5174288 0.7097104 -0.6837688 -0.1696215 0.05198895 -0.9565889 -0.2867666 -0.885178 -0.4544628 -0.09961676 -0.896638 -0.3390697 0.2847316 -0.3368845 -0.2048193 -0.9189983 -0.2177225 0.9246992 0.3122954 0.8847765 0.3649092 0.289848 0.5793008 -0.8125858 0.06414765 -0.800865 0.5403704 0.2580992 0.05550497 -0.995004 -0.08298408 0.3550037 0.8534282 0.3816186 -0.483707 0.7834507 0.3901702 0.7534996 -0.6164419 0.2285557 -0.7563181 -0.614649 0.22403 0.9856234 -0.1283344 0.1098949 -0.8814272 -0.4292374 0.1970819 0.9814675 0.02768856 0.1896181 -0.932544 0.3058777 0.1918351 -0.9863928 -0.0467996 0.1576039 0.316191 -0.9459733 -0.07181805 -0.07421362 -0.9965152 -0.03807985 -0.06436228 -0.9951558 -0.07431459 -0.1181879 -0.9927445 -0.02213877 0.2059233 -0.9729428 -0.104776 0.1402484 0.9681638 0.2073386 0.2816022 -0.9590488 -0.0304256 0.6769168 -0.7319935 0.07726013 -0.1614738 -0.9730055 0.1648834 -0.7528527 -0.6581278 -0.008980393 -0.341348 -0.9399368 7.70505e-4 0.8839562 0.3705849 0.2851113 0.960416 0.06748968 0.2702709 -0.9666073 0.1330971 0.2189875 -0.9165421 0.192151 0.3507546 0.9724854 -0.01211947 0.2326484 0.8903129 -0.3789609 0.2524517 -0.9413838 -0.2321993 0.2447039 0.8494395 0.4760865 0.2275837 0.9664794 0.1720907 0.1905321 0.6876481 0.674322 0.2691283 0.5291854 0.8051391 0.2677947 -0.6781876 0.6692346 0.3036226 0.1749795 0.9183918 0.3548784 -0.07326138 0.9255317 0.3715156 -0.07655495 0.8868958 0.4555824 0.2033771 0.9180127 0.3404271 0.3419731 0.863906 0.3697579 0.3785242 0.8662953 0.3259631 -0.4492645 0.8035407 0.3904919 0.1761215 0.9261148 0.3336055 0.06101006 0.8841408 0.4632202 -0.1841941 0.9205319 0.3445193 -0.1103571 0.9182437 0.380329 0.7494944 0.5755295 0.3271451 0.9153075 0.2664555 0.3020159 0.5709327 -0.8183556 0.06580334 -0.6019477 -0.7950617 0.0744031 -0.782351 0.6113178 0.1192376 0.05583709 -0.99502 -0.0825681 0.308879 0.8902739 0.3346736 -0.3641183 0.8279176 0.42658 0.8849052 -0.4264654 0.1872699 -0.874023 -0.4478884 0.1883611 0.9083943 -0.3529651 0.2241326 -0.1364192 -0.9871584 -0.08311599 -0.9748083 -0.2123809 0.06814157 0.9816305 0.03105759 0.1882474 -0.975693 0.2031409 0.08220112 0.2953901 -0.9533634 -0.06199187 0.06035673 -0.9936038 -0.09543937 0.1246302 -0.9921443 0.0108217 0.5741002 -0.8136186 0.09183609 0.3636727 -0.9306634 -0.04009759 -0.6465187 -0.7465159 0.1572507 -0.3075503 -0.950592 -0.04228037 -0.9566418 0.221943 0.1886211 0.9446846 -0.1505765 0.291372 0.8939998 -0.4151819 0.1684885 -0.8608032 -0.4618771 0.2137464 -0.9902668 -0.03510951 0.1346811 -0.9364551 -0.1471562 0.3184291 -0.9630604 0.1001297 0.2499773 0.8907962 0.3655997 0.2698499 0.7122115 0.5683115 0.41204 -0.7751321 0.5346558 0.3366209 0.6576222 0.6694304 0.3455374 -0.777913 0.5072832 0.3708307 -0.7634354 0.5453397 0.3460794 0.2010456 0.921257 0.3329658 -0.1671615 0.7602717 -0.6277293 0.1482952 0.8651119 0.4791557 0.3274894 0.8561953 0.3996005 -0.4639198 0.8081723 0.3628168 0.3425104 0.862959 0.371468 -0.3197593 0.8978778 0.3026049 0.1386788 0.951243 0.2755089 -0.1233589 0.8653708 0.4857121 -0.9955325 0.02562475 -0.09087741 -0.09038466 0.9233853 0.3730821 -0.04874765 0.942869 0.3295785 -0.1016632 0.9637802 0.2465615 0.1122865 0.9258621 0.3607923 0.1368666 0.8861584 0.4427085 -0.04989677 0.944246 0.3254382 -0.1598949 0.9731462 0.1655904 0.7521069 0.5607042 0.3463325 0.8956994 0.005218386 -0.4446294 0.9379942 0.2068765 -0.2781528 -0.9187532 -0.3386811 -0.2029478 0.8752362 0.1365147 -0.4640317 -0.8941513 0.2373035 -0.379711 0.002292871 0.4162322 -0.9092555 -0.8015345 -0.5967659 -0.03758871 0.9315421 -0.3534771 0.08534294 0.9731 0.1725831 -0.1526159 -0.7037161 -0.3703534 -0.6063184 0.2467929 0.1289245 -0.960454 -0.5018318 0.6119065 0.611339 0.001229286 0.2255502 0.9742308 0.674685 0.410027 -0.6137412 0.07912266 0.4322421 0.8982797 0.9083257 -0.3022899 -0.2890769 0.467384 -0.8513709 -0.238159 0.4698071 -0.8615016 -0.1926042 -0.07820773 0.9815397 -0.1745375 -0.5901134 0.6450497 0.4854658 -0.8338539 -0.5502182 -0.04413282 -0.9568492 -0.2866857 -0.04744654 0.9766317 -0.1494742 -0.1544281 -0.976567 -0.01829487 -0.2144348 -0.8464965 0.4803425 -0.2295973 -0.9947881 0.02425724 -0.09903699 0.8758013 0.4709667 -0.1056522 -0.874162 -0.08126312 -0.4787873 0.9103628 0.2215874 -0.3494831 -0.1794416 -0.9667825 0.1820228 -0.1610329 -0.5841174 0.7955346 0.989144 0.01907062 -0.1457072 0.9111483 -0.2292137 -0.3424474 -0.7000571 -0.5450927 -0.461296 -0.05049782 0.5194774 0.8529908 -0.02348417 -0.1380968 0.9901403 -0.8641769 -0.08307951 -0.4962822 0.0161246 -0.5791584 0.8150557 -0.1740481 -0.08709412 0.9808782 0.7809967 0.5582629 -0.2799764 0.06088316 0.3961039 0.916185 0.1434202 0.04184347 0.988777 0.7812548 0.3789538 -0.4960191 0.7431587 -0.2405955 -0.6243629 -0.06159275 0.7969864 0.6008487 -0.3169803 -0.0163263 0.9482916 -0.8270458 -0.5609028 -0.03719514 -0.9058791 -0.3681756 -0.2093561 -0.9551724 -0.2930253 -0.04221361 0.9077874 0.264994 -0.3251157 0.9335176 0.09778279 -0.3449396 -0.6989982 0.7089232 -0.09396576 -0.9971233 -0.07576918 0.002053081 0.3630751 0.923711 -0.1222065 0.8842453 0.4324245 -0.176407 0.5055066 0.5270252 -0.68316 0.8632846 0.07446187 -0.4991945 0.9276504 0.1914027 -0.320671 0.9942575 -0.046238 -0.09650999 0.9983856 -0.04354888 0.03646719 0.832091 0.1395421 -0.5367985 0.6786631 -0.7229961 -0.1292015 0.9924328 -0.06634855 -0.1033203 -0.9467186 -0.1161241 -0.3003984 -0.9772384 -0.100709 -0.186716 -0.6347088 -0.7706398 0.05708926 -0.6268882 -0.7783563 0.03424763 -0.9182569 -0.04085695 -0.3938719 -0.9348798 -0.1742045 -0.3092777 -0.5551354 0.7326858 -0.3936957 -0.369439 -0.7488157 0.5502635 -0.08065199 -0.9960783 0.03637987 0.520797 0.250941 -0.8159651 0.845763 0.3201789 -0.4268144 0.9832342 -0.1793045 0.03317075 0.6812109 -0.160365 -0.7143073 0.7789803 0.3871567 -0.4932538 0.9978434 -0.06514626 0.008046984 0.9760028 0.1034382 -0.1916224 0.9897817 -0.07846736 -0.1190593 0.2558693 0.5123798 -0.8197548 0.25569 0.5188548 -0.8157282 0.5247908 -0.7957159 -0.3023754 0.7738196 -0.5997446 0.2037391 -0.9171839 0.03510671 -0.3969146 -0.9067122 -0.07901424 -0.4142822 -0.9577479 -0.2491788 -0.1436272 -0.6470538 -0.7506193 0.1337609 -0.6869807 0.487182 -0.5391765 -0.9086406 -0.02075004 -0.4170632 -0.9250957 -0.3254486 -0.1956558 -0.5712532 0.6531293 -0.4970835 -0.9543407 -0.2601119 -0.1468867 -0.7571277 -0.6527134 -0.0268898 -0.4836177 -0.8154201 0.3181257 -0.4076765 -0.845898 0.3438844 -0.002404034 -0.9937877 -0.1112671 -0.6887681 -0.02503001 -0.7245496 -0.4651666 -0.6888683 0.5559501 -0.7027988 -0.05994188 0.7088589 0.9607304 0.2760009 0.02864724 0.9082558 -0.3887388 -0.1547693 0.72782 -0.6628952 0.1756364 0.5796375 -0.5153168 0.6312441 0.7067002 0.1803004 0.684154 -0.008790075 -0.6255266 -0.7801533 0.2859324 -0.7743334 -0.5644915 -0.9941726 -0.1064275 -0.01714748 -0.6902488 -0.7233489 -0.01797622 0.6245207 0.009909272 -0.7809454 0.7108848 0.2738056 -0.647822 -0.03500831 0.06891822 0.997008 0.3015537 -0.9328087 -0.1973153 0.7112684 0.1418676 -0.6884555 0.1393368 -0.9363085 0.3223533 0.4677677 -0.6253207 0.6246339 0.6499363 0.0816695 0.7555879 -0.996464 0.08003044 0.02558982 -0.7824462 -0.5902848 -0.198348 -0.4818377 -0.7626334 0.4315355 -0.7134049 0.08311057 0.6958061 -0.0669319 -0.8164639 -0.5735041 0.9908915 0.1303017 0.03399342 -0.6419709 -0.5308863 -0.5532026 0.7674407 -0.6176986 -0.1717068 -0.7215046 0.10296 -0.684712 0.622847 -0.5047004 -0.5977786 -0.04248005 0.0575354 0.9974393 -0.06351041 -0.9763171 -0.2068128 0.1188077 -0.9914786 -0.05343204 -0.6816993 -0.03318196 -0.7308796 0.1020991 -0.4594352 0.8823238 0.06843799 -0.9447692 0.3205113 -0.3387832 -0.721476 0.6039026 -0.6884067 -0.07798236 0.7211208 0.9471381 0.3117864 0.07562208 0.6250051 -0.6306385 0.4600694 -0.07612526 0.1211591 -0.9897097 0.1816037 -0.08148777 -0.9799898 0.6376049 0.2442624 0.7306134 -0.9934231 -0.1123282 -0.02220416 0.7759248 -0.3618915 -0.5166965 -0.5910813 -0.779687 -0.206667 -0.4556087 -0.6333147 -0.6255664 -0.02298599 0.05989515 0.99794 0.120425 -0.9912878 -0.05335259 0.7066486 0.1323499 -0.6950765 -0.03598058 -0.4758835 0.8787721 0.5852038 -0.5636363 0.5829672 0.6602975 0.1026762 0.7439522 -0.9988658 0.04232054 -0.02181982 -0.5596189 -0.8164132 0.1424655 -0.4736136 -0.6409142 0.6040855 0.09565627 0.1415952 -0.9852923 -0.107329 -0.1159276 -0.9874418 -0.7630758 0.004998803 0.6462897 0.1952046 -0.6011855 -0.7749007 0.9918118 0.1243919 0.02891582 0.8409028 -0.5407597 0.02148389 -0.5689597 -0.132386 -0.8116396 -0.03278273 0.0692625 0.9970597 0.2017617 -0.3869171 0.8997707 0.7503122 -0.3987129 -0.5273137 0.3763931 -0.7634043 -0.5249212 0.6814206 -0.718297 0.1404117 -0.2332254 -0.9649128 0.12062 0.5701085 -0.6866724 0.4510625 0.1607475 -0.8008193 0.5769306 0.6800772 -0.7157871 0.1585682 0.3407837 -0.6836766 -0.6453316 -0.2054055 -0.507261 0.8369557 -0.5922867 -0.5613633 -0.5779859 -0.1602391 -0.8264795 -0.5396807 0.3732568 -0.868401 -0.326434 0.002700567 -0.8180956 0.5750761 -0.5690654 -0.05804228 0.8202412 -0.8177567 -0.5744884 -0.03517335 -0.05403602 -0.4583585 -0.8871233 0.3571888 -0.787919 -0.5015972 -0.1416163 -0.9298028 -0.3397229 0.1604899 -0.7992876 0.5791221 0.5225335 0.07387393 0.8494125 0.930371 -0.366497 0.009479701 0.2288694 -0.701962 -0.6744391 0.2106317 -0.4234219 -0.8811063 0.2106317 -0.4234219 -0.8811063 0.2106317 -0.4234219 -0.8811064 -0.1361397 -0.8467141 -0.5143357 -0.4997316 -0.8580908 0.1181043 0.4470192 -0.8837884 0.1381741 -0.4150205 -0.8041628 0.4255353 0.002929389 -0.819643 0.5728674 -0.4998445 -0.8564711 0.1288906 -0.02299946 -0.7320356 -0.6808781 -0.1371676 -0.74075 -0.6576279 -0.8917649 -0.03326833 0.4512744 0.7561667 -0.4726541 0.4525597 0.9392272 0.3344133 0.07758975 0.8989853 -0.405878 -0.1645862 -0.884872 -0.03573769 0.4644613 -0.428098 0.09404784 0.8988255 0.3032633 -0.844121 -0.4421438 0.8220692 -0.04268366 -0.5677855 0.6544929 -0.3297715 -0.68036 0.8349034 0.507541 -0.2129287 0.791961 -0.08565849 -0.6045334 0.9188902 0.05446755 -0.3907356 0.8770465 0.2471978 -0.4119256 0.7666506 0.0307399 -0.6413283 -0.5198919 -0.3033423 0.7985587 0.1692014 -0.1702411 0.9707673 -0.3066492 0.3715662 0.8763018 -0.6736564 0.2039815 0.7103371 -0.9317842 0.1569833 -0.3273144 -0.8375868 0.2538515 0.4837435 -0.5603204 0.6534593 0.5089519 -0.8784305 0.02702927 0.4771052 0.3518475 -0.8050236 -0.4776406 0.6008158 -0.6666989 -0.4410589 -0.02696025 -0.94601 -0.3230143 0.3885105 -0.783219 -0.4854149 0.3365001 -0.396187 0.8542855 -0.9596586 -0.1418241 -0.2427784 0.2510852 -0.1671258 0.9534282 -0.0139895 -0.3736608 0.92746 -0.2540534 -0.6395217 0.7255818 -0.0106123 -0.4422864 0.8968112 0.02195906 -0.1144921 0.9931815 0.4635514 0.3502105 0.8139243 -0.07029151 -0.2144463 0.9742033 -0.1588838 -0.414479 0.8960821 0.3584318 0.1502211 0.9213904 0.09521448 0.6909817 0.7165743 -0.2138829 -0.08548212 0.973112 -0.09409272 -0.9424229 0.3209142 -0.9716274 -0.001816034 -0.2365097 0.862985 0.04384863 -0.5033233 0.9901183 -0.001463353 -0.1402273 -0.9728127 0.01753127 0.230929 -0.4752166 0.3221166 0.8187858 -0.03389 -0.1443859 0.988941 0.6956272 -0.09622818 0.7119292 -0.2903829 0.0475223 -0.9557298 -0.661965 0.5890011 0.4635517 -0.6532587 0.3265641 0.6830878 -0.6498202 -0.2455776 0.7193229 0.9765226 0.1502795 -0.1543362 -0.4768261 0.246411 0.8437527 0.6120711 -0.689425 0.3873786 0.296621 -0.8730883 -0.3869536 -0.1586738 0.6132956 -0.7737514 -0.7654418 0.1925415 -0.6140249 0.2474053 -0.8559826 -0.4539655 0.6129001 -0.5979616 -0.5165227 0.834838 -0.3278656 -0.4422099 0.567709 -0.151265 -0.8092129 0.8834258 -0.297457 0.3620474 0.5989768 -0.6495658 0.4682854 0.8218107 -0.2630513 0.5054022 0.8884826 0.0835458 0.4512417 -0.5411345 0.2355649 -0.8072686 -0.5249069 0.1656185 -0.8348913 -0.1599355 0.9220649 -0.3524444 -0.6048233 0.4056171 -0.68532 0.3601781 -0.682943 -0.6355003 0.2703342 -0.948848 0.1631171 0.02485716 -0.9988699 0.04051029 0.632526 -0.6196666 0.4646764 0.792127 0.2849325 0.5397669 0.5208681 -0.7755112 0.3567618 -0.05652523 -0.0040434 -0.9983931 0.04898273 -0.06530302 -0.9966626 0.1740584 0.5167526 -0.8382544 0.01849782 0.2070545 -0.9781546 0.1438937 -0.192873 -0.9706157 0.2814198 0.267387 -0.9215787 0.01642268 -0.01981222 -0.9996688 0.9802973 0.1439782 0.1352321 0.02224898 0.1311681 -0.9911105 -0.03292608 -0.01010692 -0.9994067 -0.09585088 -0.04524922 -0.9943667 -0.1984779 0.3456441 -0.9171351 -0.8860367 0.1430385 -0.4409977 -0.148638 0.1657902 -0.9748951 -0.492609 -0.1464375 -0.8578418 0.9001062 -0.09243315 0.4257523 -0.9638192 0.1405249 -0.2265073 -0.3382551 0.166857 -0.9261438 -0.893416 0.1029421 -0.4372767 -0.9032527 -0.2658861 0.3368077 -0.1955151 0.8274288 -0.5264368 -0.1306275 -0.8134301 -0.5668051 0.730665 -0.2709014 -0.6266906 0.9848188 -0.1187723 -0.1265898 0.457399 -0.7979684 -0.39247 -0.9560102 -0.240438 0.1680307 -0.8967027 -0.02526891 0.4419116 -0.2158044 0.2270758 -0.9496657 -0.01118373 0.3844739 -0.9230682 0.4519661 -0.778257 -0.435939 0.4259777 -0.4525035 -0.7834435 0.8788461 -0.1953302 -0.4352882 -0.947993 -0.3085479 -0.07815039 -0.6458539 -0.6398412 0.4165044 -0.7688976 -0.6047828 -0.2074474 0.3477784 0.1866923 0.9188015 0.854847 0.1923938 0.4818934 -0.1700674 -0.856874 -0.4866664 -0.3249947 -0.7994037 -0.505304 -0.75938 -0.2307093 -0.608371 -0.8158214 -0.1555163 -0.557001 -0.5232608 -0.4702517 -0.7106767 -0.9188379 0.2987515 -0.2578463 -0.681425 -0.4636817 -0.5662679 -0.8849765 -0.1606199 -0.437056 -0.7188502 -0.14641 -0.6795724 0.1839405 -0.1245051 0.9750203 0.7758897 0.5308908 -0.3408082 0.8129175 0.2143699 -0.5414894 0.8396667 0.1041967 0.5330131 -0.08516001 0.9015655 0.4241786 0.3644604 0.7637238 0.5328179 0.9860765 0.05915933 -0.1554134 0.8221333 0.2297614 0.5208711 0.8558409 0.1893715 0.4813262 -0.0341348 0.3118907 0.9495046 -0.05899202 0.3459891 0.9363822 -0.5759028 -0.03329497 -0.8168401 -0.5667947 -0.1676787 -0.806615 0.276782 -0.9136118 -0.2978343 0.9771634 0.0891391 -0.1928884 -0.1742228 -0.5025536 0.8468095 0.3468035 0.1359007 0.9280401 0.2444711 -0.05978357 0.9678119 -0.04486727 -0.1225178 0.9914517 0.4207063 -0.272661 0.8652527 0.06907874 -0.1975529 0.9778554 0.07517397 -0.2155256 0.9736003 -0.1078341 -0.5498465 0.8282757 0.2964584 -0.8959038 0.3308607 0.955564 0.2279767 -0.1868797 0.1484214 0.4374098 0.8869295 -0.7807378 0.01994073 -0.6245405 -0.9094526 -0.410479 0.06635743 -0.06700301 0.4006831 0.9137635 0.9284363 0.2442362 0.2799194 0.01467174 -0.1418853 0.9897744 -0.1476767 0.678419 0.7196801 -0.6887971 -0.2612867 0.6762306 0.2900473 -0.7243353 0.6254687 0.41393 0.4798988 0.7735368 0.4349204 0.4780004 0.7631251 0.748098 0.2820554 0.6006615 0.08613985 0.8381716 0.5385614 0.434947 0.6304285 0.6429471 0.651993 -0.09038704 0.7528184 -0.9753579 -0.08248215 -0.2046305 0.5661316 -0.3494993 -0.7465556 0.361013 0.3234742 0.8746623 -0.4517432 -0.8163067 0.3599604 -0.522285 -0.666829 0.5315614 -0.06315141 -0.9159716 -0.3962423 0.5790905 0.1402865 -0.8031026 -0.1202756 -0.7709494 -0.6254366 -0.5461167 -0.7594937 -0.3534488 -0.7108815 -0.5120883 -0.4820923 -0.4609215 -0.4917564 -0.7387334 -0.5325943 0.845833 0.0301671 -0.7580053 0.6517379 -0.0258035 -0.8060061 -0.4989207 0.3184845 -0.4525373 -0.7749572 0.4411931 -0.7616838 -0.4517434 0.4645061 -0.9049652 -0.1304768 0.404986 0.5193537 0.2981205 -0.800872 0.568207 0.3167685 -0.7594726 0.4044486 0.7022691 -0.5858663 -0.04676163 0.8528706 -0.5200242 0.4484663 0.5869109 -0.6741022 -0.01520681 0.3846393 -0.9229418 0.007557451 0.125778 -0.9920296 0.02075046 0.05807018 -0.9980969 -0.04772156 -0.9867762 0.1549047 -0.760588 -0.5229696 0.3847191 0.2085682 -0.9769616 0.04522794 -0.5999259 -0.7115743 0.3657197 -0.8633318 0.08739852 0.4970109 -0.3414443 -0.8783458 0.3345514 -0.5619443 -0.5418969 0.6249532 0.106608 0.01536154 -0.9941825 -0.4251731 0.1406639 -0.894115 -0.1218264 0.150226 -0.981117 -0.247968 0.4666247 -0.8489837 -0.01669615 0.2032719 -0.97898 -0.9922358 -0.09128421 0.08447188 -0.00212109 0.128327 -0.9917297 -0.375959 0.3813316 -0.844536 0.04432564 -0.1370597 -0.9895706 0.1094667 0.001076102 -0.9939899 0.3997074 0.1530679 -0.9037723 0.8485473 0.3500264 -0.3967985 0.6087854 0.251358 -0.7524623 0.4818298 0.05387389 -0.8746073 -0.8736428 -0.303869 0.3800159 -0.2700474 -0.8181871 -0.5075869 0.1965156 0.7280988 -0.6566992 0.6240234 0.4220868 -0.6575999 0.9222859 -0.04829812 0.383479 0.07414269 0.7914487 -0.6067223 0.07414269 0.7914487 -0.6067222 0.07414269 0.7914487 -0.6067223 0.08254069 -0.447175 -0.8906299 -0.9215891 -0.3461227 -0.1757065 -0.2366316 -0.880704 -0.4103241 0.9759453 -0.01008456 0.2177821 -5.85862e-4 -0.04020822 0.9991912 0.8539283 0.1834906 0.4869679 0.133904 -0.5789193 -0.8043147 -0.9319282 -0.0760957 -0.3545691 -0.08282238 0.5379495 -0.8388987 0.03031396 -0.9821607 0.1855841 -0.06676346 0.7973224 -0.5998498 0.09586668 -0.9806568 0.170652 -0.3781154 -0.3562565 -0.8544648 0.9119506 -0.2679308 -0.3107401 0.9701174 -0.2349872 -0.06044256 0.3343594 -0.8991308 -0.2824318 -0.8936855 0.2777346 0.3524059 -0.6174251 0.7387332 -0.2702954 -0.6477124 -0.5949348 -0.4759426 0.999298 0.03685218 0.006755471 0.5616077 -0.3172349 -0.764172 0.1199322 -0.7540407 -0.6457855 -0.8692825 -0.4833454 -0.103563 0.6648046 -0.6389644 0.3869876 -0.3737897 0.5403018 0.7538935 -0.9677406 0.2519465 -0.001071512 0.09447884 -0.8357912 -0.5408576 0.4506432 -0.8194088 0.3542456 0.9960058 -0.01201748 -0.08847552 -0.9626393 0.2610484 -0.07196825 -0.1366655 -0.8840358 -0.4469936 0.3865627 0.9193664 0.07303893 0.9852684 -0.0205428 -0.1697773 0.574767 0.8140897 -0.08307266 0.7910379 -0.5863093 -0.1746438 -0.38859 -0.7756228 -0.4974006 -0.3907824 -0.1036572 0.914628 -0.64619 0.7630923 -0.01134729 -0.9027342 0.4272218 0.05052328 -0.9499725 -0.2557926 -0.1792277 0.9774869 0.0537647 0.2040318 0.4965007 0.8625054 0.09783411 0.7995223 0.5577833 0.2228049 0.8504819 -0.4986628 -0.1673798 -0.7942683 0.5355493 -0.2869235 0.1498702 -0.814525 -0.5604357 0.06199049 0.9659979 0.2510085 -0.9562855 0.04666972 -0.2886865 -0.6588612 -0.7257134 -0.1980959 -0.4480756 0.3565108 0.8198343 0.02663898 -0.9252884 -0.3783276 0.9659133 0.2487834 -0.0715425 -0.5996081 0.8002651 -0.006788492 -0.9862055 0.1290513 0.1036558 -0.08909821 -0.1785904 0.9798811 0.6340975 0.07119303 -0.7699688 0.9053822 -0.279582 -0.3195575 0.9967358 -0.06667417 -0.04552334 0.8349784 -0.4148164 -0.3615779 0.04455298 0.9963571 -0.07271689 -0.7374237 -0.6133413 -0.2828759 -0.14278 -0.1837662 0.972545 0.7925513 -0.5496657 -0.264065 -0.8910458 0.08315622 -0.4462315 0.4458949 -0.8861912 -0.1258695 0.4394376 0.8647618 -0.2430677 0.193663 -0.1512258 0.9693428 0.3387139 0.4454551 0.8287598 0.9866154 0.122868 -0.1072077 0.09394419 -0.7573747 -0.6461874 0.9626201 -0.2649208 -0.05638676 -0.5148272 -0.7796179 0.3565797 -0.333938 0.9313256 0.1453211 0.2412519 0.8089064 0.5361604 0.1976639 0.6084177 0.7686071 0.9222912 0.1179634 0.3680537 -0.6156002 -0.4842264 -0.6217405 0.131969 -0.8310382 -0.5403329 -0.5749847 0.8038837 0.1521957 0.8201554 0.5656592 -0.08587735 -0.5453389 -0.5684947 -0.6159701 0.3633406 -0.8243873 -0.4340153 -0.05074948 0.6766861 0.7345206 -0.5949406 0.8023492 0.04776543 -0.6209968 -0.7548577 -0.2110756 -0.2457307 0.1704318 0.9542376 0.1939964 -0.9738537 -0.118214 0.3571636 -0.01442813 0.9339304 -0.766926 -0.6187373 0.1702607 0.7733156 0.6270046 0.09406673 0.7235727 0.6405706 -0.2571222 -0.699757 -0.6836053 -0.2074222 -0.6476899 -0.7354192 -0.1991394 0.5628545 -0.144872 0.8137609 -0.1931669 -0.4658842 0.8635037 0.6595908 0.7090012 -0.2495142 0.8756309 0.4576589 -0.1543337 0.3095259 0.4468917 0.839334 0.2108339 -0.9033206 -0.3735787 -0.6234533 -0.6887748 -0.3699937 -0.02388417 -0.1275759 0.9915412 -0.2605239 0.9568095 0.1290076 0.9217057 0.3565717 0.1526932 0.8745589 -0.420286 -0.2418811 -0.7968969 -0.4825873 -0.3634074 -0.9495206 -0.2987637 -0.09566062 0.116418 -0.9714937 -0.2065118 -0.2737179 0.9583995 -0.08092629 0.7213714 0.669413 -0.1775097 -0.577306 0.7817541 0.2357506 0.8150154 -0.2949044 0.4987798 0.2658826 0.5875379 0.7642681 -0.8663182 0.1767088 -0.4671903 -0.7596501 -0.4375407 -0.4811339 -0.02753716 -0.9835547 0.1784996 -0.4989032 -0.1512195 -0.8533629 0.07307708 0.9967826 0.03292965 0.6140822 -0.5841698 0.5307059 0.08950453 0.8974483 0.4319438 0.8737188 0.1686823 -0.4562475 -0.9194759 -0.3861811 0.07367807 -0.5200761 -0.5993556 -0.6085177 0.09419751 -0.9733546 -0.2090639 -0.7828344 -0.6218218 -0.02253866 -0.5328914 0.8172482 -0.2193909 -0.1540133 -0.06756061 -0.9857563 0.1459292 0.3778551 -0.9142922 0.3727165 -0.8512691 0.3693554 0.3559492 -0.9242464 0.1380903 0.8452822 0.323009 0.4256327 0.4539145 0.7824536 0.4262957 0.5441592 0.2028658 -0.8140862 -0.8252028 0.3881091 0.41038 -0.7655354 -0.005065917 -0.6433739 -0.1483759 -0.9499412 -0.2749482 0.07022303 -0.9956084 0.06190818 0.0714302 -0.3317655 0.9406537 0.07849305 0.4062982 -0.910363 -0.02911585 -0.9951722 0.09372663 0.06791478 -0.9713261 -0.2278449 -0.9465277 -0.2488585 -0.2053164 0.2783122 -0.9262947 0.2540091 0.1763309 -0.3272176 0.9283512 0.523952 -0.8447534 -0.1089316 0.7674582 0.5684868 0.2963628 -0.1826506 0.4498869 -0.8742086 0.2631062 0.1506174 -0.9529373 0.6126611 0.2208086 0.7588741 0.8933717 -0.3556998 -0.2745264 -0.678123 0.5401638 -0.4983697 -0.8731397 0.4763661 0.103453 -0.4467731 -0.8881064 0.1079859 -0.3396589 0.7097358 -0.6171766 0.09755635 0.9427587 -0.3188867 0.8011115 0.1638652 0.5756463 0.1078107 0.9538441 -0.2802823 0.6854069 -0.7185896 0.1176714 -0.9999028 0.01018428 0.009533107 -0.6576749 0.6845917 -0.3143216 -0.4736888 0.8553025 -0.2099444 -0.8681306 -0.4895396 0.08185619 0.6094239 -0.7887485 0.08048784 -0.04382538 -0.9549113 0.2936392 0.6961017 -0.6836206 0.2193296 0.08169972 -0.9502749 -0.3005043 0.153962 -0.9164288 -0.3693969 -0.7592591 0.3319424 0.5597677 0.2486655 0.9526551 -0.1749684 -0.9768415 -0.1662594 0.1346793 0.3762275 -0.2271315 0.8982563 -0.2687547 -0.914012 0.3038964 -0.143505 0.7558779 0.6387919 0.8645755 -0.2436721 -0.4394691 0.2487605 -0.9505829 0.1857699 0.03818452 -0.9958807 0.08224183 -0.2344861 -0.9376091 0.2567209 -0.3487768 0.9354514 -0.05731922 0.02674913 0.1708638 -0.9849316 -0.4858691 -0.7152217 0.5023836 -0.9163877 0.1614081 0.3663073 0.5565125 0.3117365 0.7701391 0.3349279 0.669171 -0.6633503 0.3363286 0.9209126 -0.196985 -0.112993 -0.9935047 0.01345241 0.7590167 0.2430974 -0.6039845 -0.3397619 0.9067627 0.2496864 -0.180546 -0.9171247 0.3553668 -0.9177516 0.1125212 0.3808819 -0.5447197 0.8087894 0.2216759 -0.5344684 0.07433432 -0.8419134 0.163128 0.2714192 -0.9485362 0.2255989 0.3451961 -0.9110131 0.8086932 0.4651156 -0.3601149 0.6626759 -0.02482187 0.7484948 0.2510525 0.7859222 -0.5650654 0.162256 -0.9846521 0.06429094 0.07153099 -0.9968268 0.03492444 0.9866815 -0.1063488 0.1230844 0.5022081 0.7203024 0.4784889 -0.03939044 -0.3448342 0.9378367 -0.5267735 0.6740669 0.5178259 0.2892815 0.5119544 -0.8088381 0.6513048 0.1672974 -0.7401444 0.9823104 -0.08996051 -0.1642362 0.08661723 -0.9915851 -0.09621 0.2574948 -0.9609218 0.1016158 0.4691146 0.4971352 0.7299234 -0.6925023 0.4304651 -0.5789132 -0.4947319 0.8679586 0.04345381 -0.1413704 -0.3653675 0.9200658 -0.8937214 0.3701488 0.2534798 0.1646524 -0.6820225 -0.7125553 -0.9009261 0.3422893 0.2667775 0.1160528 0.4853418 -0.8665882 -0.2419152 0.09072464 -0.9660466 0.6927816 -0.639017 -0.334232 0.9509569 0.3093086 0.003066062 -0.256058 0.9320041 0.2565203 -0.08707004 0.9736413 0.2108114 0.1647071 -0.9256927 0.3405359 -0.6850478 0.06594336 0.7255074 -0.7696528 -0.5540577 -0.3172615 -0.009993731 -0.5407964 -0.8410943 0.5566089 0.6873832 -0.4665737 0.7303055 0.6676025 0.1447784 0.1943675 0.773339 -0.6034634 -0.3001546 0.8953232 -0.3290954 0.5255776 -0.6928482 0.4936898 -0.06031048 -0.8418053 -0.5364015 0.4934975 0.821808 -0.2847661 0.9535716 -0.2722148 0.1288422 -0.4103276 -0.9103278 0.05417299 0.6551784 -0.5940048 0.4667974 0.2260981 -0.9242012 0.3077854 0.2518625 -0.9196714 0.3012804 -0.5258879 -0.8295357 0.1879168 0.0846607 -0.9246898 -0.3711892 -0.2604361 -0.9167189 -0.3029848 -0.02906906 0.9048694 -0.4246956 -0.4219652 0.9065999 0.004685223 0.9966651 -0.07664752 -0.02800029 0.9752503 -0.2118487 -0.06330126 -0.4607888 -0.1280865 0.8782185 -0.8994897 -0.01681256 0.4366186 0.5132303 -0.7564421 -0.4054505 0.8568341 0.04383397 -0.5137258 0.7753145 -0.2484799 -0.5806421 0.7991374 -0.2873936 -0.5280004 0.7573383 -0.2302079 -0.6110999 0.8302461 -0.06941914 -0.5530574 0.8786167 0.1295809 -0.4596102 0.1679801 -0.3961974 0.9026685 -0.2572717 0.1032519 0.9608072 -0.2139557 0.185563 0.9590565 -0.335464 -0.1042718 0.9362645 -0.8401593 0.344157 -0.419152 -0.5502379 0.8273084 -0.113134 -0.8119254 0.020612 -0.5833973 -0.8665748 -0.09914702 0.4890991 -0.7776372 0.3250294 0.5381788 -0.9631665 -0.1732996 -0.2056153 -0.8997239 -0.02008062 0.4359973 -0.0397377 -0.03292864 0.9986674 0.6083781 0.107856 -0.7862845 0.9772945 -0.1774876 0.1157311 0.5702309 -0.6810518 -0.459353 0.6303926 -0.02485716 -0.7758784 0.5960957 -0.6710296 -0.440896 0.722158 -0.5712845 -0.3900279 -0.7300234 0.4317386 -0.5297809 0.2442864 -0.4525879 0.8576063 0.7204493 -0.5220153 0.4565664 -0.4672781 -0.05718135 0.8822593 -0.2722764 -0.1214345 0.9545257 -0.07244831 -0.1971749 0.9776877 -0.3149802 -0.3345938 0.8881636 0.1118315 0.1359591 0.9843825 -0.1185449 -0.236928 0.9642677 -0.9691188 0.03452765 0.2441654 -0.3166043 -0.3826094 0.8679699 0.1919325 -0.5140521 0.8360098 -0.9975938 0.06929844 -0.002126991 0.7848302 0.2066273 -0.5842489 0.9758977 -0.1855877 0.1148082 -0.3478905 0.2795333 0.894893 -0.6280907 -0.3980619 -0.6686171 -0.03118711 -0.1473144 0.9885979 0.9321796 0.08058625 0.3529123 0.9763604 0.1486216 -0.156946 -0.142993 -0.7759968 0.6143144 -0.3939872 0.8282798 0.3984055 -0.5736039 0.35768 0.7369149 -0.1864246 0.5996251 0.7782645 -0.8228976 0.09479403 0.5602266 -0.6029527 0.5066429 0.6162476 -0.8849676 -0.03340327 0.4644529 0.9562437 0.1711381 0.2372969 -0.4281789 -0.4677823 -0.7732028 0.2083305 -0.9559679 0.206698 0.6366861 -0.5285931 0.5614448 0.7887616 -0.1472775 0.5967953 0.503922 0.247104 0.8276488 -0.2517802 0.4798732 -0.8404335 -0.5545638 0.005283832 -0.8321245 0.3303463 -0.7158963 -0.6151129 0.1596139 -0.8541372 -0.4949476 0.7265757 -0.6076107 -0.3207758 0.6004616 -0.365224 -0.7113771 0.3164859 0.9471717 0.05198597 0.4861828 -0.78057 0.3928576 0.5840027 0.811701 0.009084939 0.8688977 -0.3153116 0.3815697 0.9088706 -0.1960182 0.3681457 0.9071827 -0.09484547 0.4099071 0.9070901 -0.05266416 0.417629 -0.5946301 0.1605095 -0.7878146 -0.5140475 0.6036782 -0.6093669 -0.3917682 0.8596711 -0.3278464 -0.5319218 0.593669 -0.6038348 -0.5891072 0.33086 -0.737214 0.8416481 -0.3318911 0.4260013 0.7309879 -0.5528491 0.4000183 0.6410796 -0.3984125 0.6559608 0.4250403 0.2419899 -0.872228 0.132736 0.1802786 -0.9746183 -0.03302407 0.2236092 -0.9741193 0.01252102 0.08118522 -0.9966204 0.6681231 0.2840541 -0.6876953 0.3181447 0.464115 -0.8266688 0.1317938 0.1870533 -0.9734688 -0.05600315 -0.01884663 -0.9982528 -0.4095453 0.0680086 -0.9097513 0.003474414 0.2403321 -0.9706846 0.2614896 0.2345595 -0.9362719 -0.5990409 0.1043648 -0.793888 -0.4391782 -0.05674403 -0.8966063 -0.1083562 0.2252743 -0.9682513 0.9564303 -0.2021198 0.210686 0.7984726 -0.1700637 0.5775118 0.4801279 -0.7287491 -0.4882643 -0.8170849 0.1179795 -0.5643166 -0.6421268 0.2829698 -0.7124615 0.9738301 -0.06692099 -0.2172018 -0.2917183 -0.7000501 -0.6517902 0.9845901 -0.1215698 -0.1257104 -0.7448297 -0.2155773 0.6314706 -0.5680108 0.2273053 0.7910097 -0.9978134 0.06222784 -0.02227598 -0.9337247 0.1137416 -0.3394424 -0.6355956 0.0865705 0.7671532 -0.1500816 0.3264904 -0.9332093 0.8199265 -0.5673311 0.0765239 0.9404627 0.146826 -0.3065486 0.9326128 0.3456547 -0.1037119 0.8504561 0.1744848 0.4962656 -0.8936297 -0.4347648 -0.1113802 -0.9942042 0.1038607 0.027767 0.8437889 0.1703805 0.5089115 0.4327838 -0.02182084 0.9012337 -0.07066261 -0.8798997 -0.4698758 -0.2462628 -0.8497075 -0.46621 -0.3865941 -0.7905502 -0.4749478 -0.4081296 -0.7560437 -0.5116915 -0.6646091 -0.4202617 -0.6177984 -0.7178972 -0.2658281 -0.6433964 -0.6502763 -0.397669 -0.6473023 -0.7613485 -0.2594412 -0.5941707 -0.8885229 0.03664112 -0.4573671 -0.8599795 -0.07775354 -0.5043706 0.2922127 0.2299968 0.9282851 0.1450564 0.2450087 0.9586081 0.3049835 0.2010496 0.9308943 0.3454861 0.9341138 -0.0898382 0.8827384 0.3665676 -0.2939411 0.4223034 0.2012785 0.8838252 0.6510502 0.4955516 0.5749455 0.7288069 0.440715 0.5240333 0.002567172 -0.2381294 0.97123 0.001869738 -0.2698424 0.9629027 -0.03461933 0.2883421 0.9569014 -0.03638535 -0.01162517 0.9992702 0.3131158 -0.8892277 -0.3335155 -0.07863873 -0.1513274 0.9853508 -0.9127403 -0.4029834 0.06715303 -0.2618735 -0.800416 -0.5392185 -0.2462862 -0.4799656 0.8420072 -0.5469872 -0.7225608 -0.4227421 0.6340388 0.594429 -0.4946201 -0.5997757 -0.6794378 0.4226506 -0.2205252 -0.4087876 0.8855853 0.3598898 -0.5662626 0.7415025 0.4327005 -0.02142423 0.9012832 0.06877827 -0.4329245 0.8988025 0.06698101 -0.1806056 0.9812723 -0.5733647 0.2261947 0.7874574 -0.1903823 0.09995114 0.9766086 0.2150402 -0.4486225 0.8674651 -0.3841079 -0.08049112 0.9197731 0.9201812 0.2598149 0.2928531 0.3529865 -0.3028016 0.885275 -0.5182162 -0.005664885 0.855231 -0.2911925 0.6450802 0.7064549 0.1783687 -0.03881675 0.9831978 -0.06576412 0.4045332 0.9121558 0.9521605 0.3017925 0.0480799 -0.8224461 -0.1571858 -0.5466947 -0.9536114 -0.2331641 -0.1904202 0.3705152 0.3536078 0.858883 0.01663482 -0.1383436 0.9902446 0.7371591 -0.2352563 -0.6334438 -0.9415924 -0.142947 0.30491 -0.974687 -0.08401811 -0.2071865 0.3203979 0.1205185 -0.9395853 0.5254389 0.6957512 0.489739 0.06303799 0.9173987 0.3929451 -0.02062791 0.6881313 0.725293 0.8433368 0.1727083 0.5088763 -0.9804544 -0.05978059 0.1874448 0.01193273 -0.9793924 0.2016137 -0.7613321 -0.3321123 0.5568436 -0.5891584 0.1168347 0.7995262 0.1743869 0.5308156 -0.8293517 0.7289109 0.3707386 -0.575536 -0.01591342 -0.8874335 -0.4606612 0.07073628 -0.8648306 -0.4970559 -0.4282621 -0.7223215 -0.5429949 -0.3084699 -0.8753002 0.3724189 -0.4744579 -0.2756922 -0.8359925 -0.7885892 -0.5130687 0.3389505 -0.8548099 -0.4064187 0.3226824 -0.8791319 -0.30768 0.3639509 -0.88928 -0.2669899 0.3713458 0.5247327 0.3599319 -0.7714303 0.405855 0.5146035 -0.7552914 0.5682197 0.332234 -0.7528261 0.1689232 0.9228405 -0.3461653 0.4028545 0.7029305 -0.5861716 0.579029 0.5191187 -0.6286823 0.008942127 0.1317281 -0.9912456 0.04379129 0.2127335 -0.9761285 -0.03593236 0.3823639 -0.923313 -0.05347132 0.3315161 -0.941933 -0.1578461 -0.7445166 -0.6486754 -0.4919722 -0.7536827 0.435805 0.01837521 -0.06883573 -0.9974588 0.02909111 0.2309468 -0.9725314 -0.04514116 -0.2152171 -0.9755225 0.01931577 0.08155798 -0.9964815 -0.2942569 0.2395811 -0.9252101 0.03987431 -0.01731282 -0.9990548 -0.6802638 0.1232782 -0.722526 -0.1225205 0.1567965 -0.9800019 0.03947401 -0.1256259 -0.9912921 0.08514696 0.003903567 -0.9963608 0.1541202 -0.0154668 -0.9879311 0.04247498 0.3499154 -0.9358179 0.4265953 0.1621473 -0.8897891 -0.01043039 0.2383753 -0.9711171 -0.4146066 0.3719342 -0.8305217 0.1547276 0.2020244 -0.967081 0.5602546 -0.0261709 -0.827907 0.9140554 0.3643785 -0.1781324 0.1013785 0.2499012 -0.9629496 -0.8916351 -0.4223709 0.1630637 -0.764699 -0.3562676 0.536944 0.3361745 0.2474668 -0.9087062 0.7938741 0.310244 -0.5229842 0.8649208 0.312783 -0.3925288 0.0766375 -0.4355611 -0.8968909 -0.9185565 -0.2928861 -0.2654652 0.4831933 -0.6072042 -0.6307355 0.3721629 -0.5392065 -0.7554808 -0.6138207 -0.4310389 -0.6613847 -0.9207592 -0.3487762 -0.1748079 0.7415851 -0.03833341 0.6697628 0.08456647 0.3110549 0.9466221 0.9550307 0.2951706 0.02811729 0.896748 0.3321128 -0.2924796 0.5266743 0.2308294 0.8181272 0.1120975 -0.8338083 -0.5405533 -0.6665974 -0.7444264 0.03843665 -0.2337136 -0.8600205 -0.4535889 -0.2406749 0.8901479 -0.3869268 -0.1874696 0.9653928 -0.1813065 0.07257992 -0.9972831 -0.01260238 -0.1842113 -0.5620586 -0.8063227 -0.6268045 -0.7188105 -0.300712 0.7539033 0.2618839 -0.6025336 0.8679809 0.2930087 -0.4009427 -0.1698173 -0.19016 0.9669547 -0.4985912 0.7618211 0.4135645 -0.2182036 -0.9653909 -0.1428553 0.1495271 0.9884174 0.02593797 -0.2015454 -0.1983975 0.9591757 -0.4754396 0.3482663 0.8078786 -0.981135 -0.1113687 -0.158023 -0.01697194 -0.9292478 -0.3690672 0.09812086 0.982793 0.1564936 0.5095295 0.8585822 0.05671393 -0.4514106 0.7263012 0.5183775 -0.9417023 -0.1045186 0.3198012 0.7435652 -0.3215661 -0.5862645 -0.05363768 -0.9357178 -0.3486478 0.2225391 0.9746765 -0.02195942 0.361423 0.9155821 0.176303 -0.9247439 0.3574624 -0.1306503 0.6940582 -0.4208564 -0.5840918 -0.2705109 -0.9232995 -0.2726574 0.2269946 -0.8768227 0.4238579 -0.1470049 0.665155 0.7320918 0.5950731 0.6872852 0.416566 0.8858608 -0.4456139 -0.1291469 0.1503802 0.2177574 0.9643483 0.04659372 -0.9914397 -0.1219691 0.8810799 -0.4223073 0.2129672 -0.8397522 0.4541797 -0.2975518 -0.03287553 0.9730945 0.2280487 0.8116666 -0.5613709 -0.1614323 -0.5535794 -0.2779163 0.7850558 0.2529249 -0.4125436 0.8751211 -0.949651 0.2400894 -0.2012961 -0.2263591 -0.9415588 -0.2494567 0.9999547 -0.005626142 0.007691383 0.7853945 -0.5212615 -0.3338296 0.002730965 -0.124387 0.99223 -0.05889862 0.9821673 0.1785455 0.02160346 0.9904374 0.1362616 -0.8914702 -0.3708611 -0.2602751 -0.7378427 -0.6125897 -0.2834112 -0.1811702 -0.1675969 0.969066 -0.7223494 0.6826829 0.110252 0.2718195 0.9595236 0.07367885 0.1257855 -0.9703952 -0.2061829 -0.8484883 0.4822075 -0.2180451 -0.2210065 -0.1856508 0.9574393 -0.8065988 -0.472581 -0.3550573 -0.7630067 0.08094567 -0.6413022 -0.8833634 -0.456027 -0.1082062 -0.09841638 -0.9508357 -0.2936422 0.1603355 -0.1507118 0.9754889 0.7843115 0.4777844 0.3956989 0.284021 0.8551744 0.4336 -0.3787371 0.9254221 0.01233679 0.7926405 -0.4232304 -0.4388589 -0.9789376 -0.1993408 -0.04409492 -0.4315202 -0.4361687 -0.7896501 0.2537232 -0.8969154 -0.3621705 -0.6984906 0.7151575 0.02570337 0.8801065 0.472472 0.04672187 0.2897022 -0.8947107 -0.3399493 -0.2628646 -0.9044909 0.3358548 -0.4437973 0.8952576 -0.03946977 -0.9594019 -0.2455867 -0.1386906 0.8767764 0.4802695 -0.02458542 0.4934415 -0.8321425 -0.2530897 -0.03580456 -0.9081444 0.4171234 -0.7601923 0.5257981 0.3816335 -0.9429346 -0.2503675 -0.2195236 -0.7453007 0.6564 -0.1169021 -0.7487125 -0.6404069 -0.1711975 0.5843132 -0.6601399 -0.4720101 0.4481523 0.8937938 0.01708954 0.9913378 -0.02459895 -0.129013 -0.20827 0.9521015 0.2238894 -0.9718145 -0.1786822 0.1537836 -0.6895477 0.7211095 0.06727045 -0.918493 0.35282 0.1785742 0.07404679 -0.8235261 -0.5624252 -0.2999186 0.9228542 0.2416383 0.931831 0.2722712 -0.2399154 0.8202611 -0.5492165 -0.1597908 0.4536402 -0.8604655 -0.2319697 -0.9924115 0.01484411 -0.1220623 -0.9696931 -0.240467 -0.04325497 0.394546 0.9186874 0.01862454 -0.1826902 0.9674142 0.1753115 0.9656515 -0.1495673 -0.2124781 0.07867258 -0.1586198 0.9842004 -0.5931912 -0.0753026 -0.8015322 0.1661717 -0.1261461 0.977995 0.535388 0.8325287 0.1423224 -0.4927963 0.8684815 0.05377537 -0.6943055 -0.5975559 -0.4010821 0.8742912 -0.4211686 -0.2413129 0.2094628 -0.1342477 0.9685571 0.1325654 -0.1508505 0.9796279 -0.3575873 -0.3146156 0.8792886 0.460263 -0.827052 0.3227118 0.9555978 0.2739742 0.1084952 -0.07061338 0.7645499 0.640685 0.8245481 -0.0871123 -0.5590457 0.9575254 -0.02567613 -0.2872039 0.0280441 0.1328531 -0.990739 -0.3251554 0.2914468 0.8996293 -0.2612959 -0.8359066 -0.4826847 0.1926993 -0.9774697 0.08614051 -0.577538 0.7720493 -0.2653108 0.4348895 -0.8578186 0.2738949 0.1216279 0.9915439 -0.04524958 -0.01614522 0.1656581 -0.9860511 0.3490374 -0.9336926 0.07994562 0.6140093 0.5909048 0.5232821 0.7904355 0.4361327 0.4301165 0.8330208 0.3699703 0.4113374 -0.6525076 0.167696 0.7389938 -0.4487087 0.5756774 -0.6835613 0.315482 -0.9461242 0.07294034 0.3424289 -0.9392073 0.02514034 -0.7634679 0.06147938 -0.642913 0.1039918 0.9596964 0.2610913 0.7758411 0.1273532 0.6179415 0.883634 -0.4648138 -0.05602765 0.326861 0.9132074 0.2433395 -0.1737344 0.231164 -0.9572771 -0.2538756 0.2881208 -0.9233275 -0.875929 0.264455 -0.4034996 -0.6757898 -0.1844082 0.7136539 -0.7517498 -0.1640139 -0.6387267 -0.3997529 0.7082403 -0.5818877 0.162936 -0.9859341 0.03722733 -0.9390028 -0.3359798 0.07342642 -0.350785 0.8441755 0.4053613 -0.6809198 0.5793163 0.4480412 0.4569433 -0.02614694 0.8891115 0.3265636 0.7759028 0.539751 0.8076604 -0.5734146 -0.1374068 -0.3597276 0.4345037 -0.8257135 -0.633974 0.01412642 -0.7732254 -0.924346 -0.3167297 -0.2127601 0.1535632 -0.9835715 -0.09489715 -0.6091738 0.3684917 0.7022259 0.6005905 0.5844057 -0.545675 0.274482 0.9595074 0.06328856 0.03662323 -0.6972799 -0.7158628 0.780575 0.5425192 0.3104446 0.3132794 -0.706697 0.634378 -0.454118 -0.8871511 0.08209663 -0.5053125 -0.7818627 -0.3651712 -0.688332 0.7079963 -0.1579252 -0.9958941 0.0772702 -0.04716295 -0.2027797 0.9571428 0.2067806 0.389487 0.8091528 -0.4399677 0.01656967 0.9644585 0.2637144 -0.1548054 0.9655207 0.2092971 0.04104882 -0.9404304 0.3374992 0.7923504 -0.486065 0.3686757 0.1791436 -0.5178938 -0.8364769 -0.6333165 -0.2921345 -0.7166364 -0.3720563 -0.8000969 0.4705519 0.7897994 0.241267 0.5639214 0.28369 -0.8007441 -0.5275689 -0.5201635 -0.7340824 0.4365236 -0.01789844 -0.9532882 0.3015316 0.7409609 -0.6483041 0.175154 0.4835299 -0.8280097 -0.2838994 -0.1628217 0.8889449 -0.4280959 0.1963191 0.9803234 0.02061396 -0.9940952 -0.1043104 0.0299052 0.01297664 0.9551305 -0.2959014 0.3646261 0.8941133 0.2600182 -0.9974601 0.04104757 0.05820995 -0.7471143 -0.4812528 0.4584932 -0.4349693 0.5039756 0.7461974 -0.7513738 -0.2748993 -0.5998899 -0.9088443 -0.2481173 -0.3353204 -0.00826019 0.1285353 -0.9916706 0.8230938 0.3782068 -0.4236465 0.201225 0.3542534 0.9132432 0.4744779 -0.7482653 -0.4636483 0.5631715 -0.0244612 -0.8259779 0.3925813 0.8877813 -0.2402591 -0.3068872 0.9514653 0.02311426 -0.1234834 -0.9900278 0.06779998 -0.7614569 0.4268574 0.487828 -0.8916043 0.2354682 0.3867772 -0.3197988 0.8486087 0.4214165 -0.8645269 -0.03854429 -0.5011065 0.979524 -0.1597331 0.1225484 0.6765253 -0.4569151 -0.577531 0.1479161 -0.9669519 -0.2076653 -0.08753293 -0.9941954 0.06255966 0.9071254 -0.4203413 0.02090132 0.2154359 -0.02334672 -0.9762389 -0.1838428 0.3384675 -0.9228442 -0.1353369 -0.9828355 0.1253731 -0.8143007 -0.06209248 0.5771127 -0.7456077 -0.6591346 -0.09803521 -0.6460852 0.6513146 0.3979488 0.6887336 0.5688382 0.449521 0.8007171 0.02102595 -0.5986737 0.7770083 0.1787067 -0.603591 0.3811953 -0.8868054 -0.2612782 0.1218088 0.9004468 0.4175621 -0.4825263 -0.1381731 0.8649142 -0.6422489 -0.7463109 -0.1747469 -0.1259084 0.3818495 -0.9156081 0.1739315 -0.9586726 -0.2251552 0.9876611 -0.01842063 -0.1555193 -0.06530183 -0.9672408 0.2453179 -0.304603 -0.9435374 -0.130208 -0.1705706 -0.7641315 0.6221002 0.6447883 -0.7563075 0.1106668 0.5095399 0.8510164 -0.1270447 -0.03894501 0.9767623 0.2107577 -0.5459632 0.6975595 -0.4640421 -0.6736633 -0.66078 0.33098 0.7198004 -0.1308485 -0.6817376 0.6368975 -0.7588779 0.1358896 -0.8452461 -0.03295224 0.5333603 -0.3145552 0.9033865 -0.2914584 -0.8519542 0.04573017 0.5216157 -0.5023983 -0.8602488 0.08699464 0.9677181 0.2447271 0.06025362 0.2695722 0.9438512 -0.1909865 -0.5757147 -0.8053864 0.1410872 0.1592352 -0.9410198 -0.2985394 0.6303882 0.4978978 0.5955743 -0.456357 0.8685802 -0.1931496 0.9804363 0.067254 0.1849908 0.9879268 0.1320733 0.08097761 -0.2220137 0.9271095 -0.3019571 -0.046301 -0.9939696 0.0994026 -0.2894949 -0.9463679 0.1434596 0.073152 -0.9923061 0.09988719 0.4309394 -0.9022154 0.01728272 -0.2560846 -0.9624792 -0.08974647 0.1006821 -0.9936943 -0.04934585 0.04279565 -0.9990488 -0.008365809 -0.3556704 -0.9338659 -0.03732538 -0.08408814 -0.9948374 -0.05681562 0.4218301 -0.8979409 -0.1255453 0.4350746 -0.9000248 -0.02579653 0.2099977 -0.9769163 -0.03918725 0.1605625 -0.9795438 -0.1213005 0.1231666 -0.9827294 -0.1381047 -0.1017109 -0.97671 -0.1889249 -0.0554369 -0.9984554 0.003699541 0.08661329 -0.9954226 -0.04039925 0.2366725 -0.9623647 -0.1335675 -0.05810153 -0.9793447 -0.1936705 0.1377686 -0.9855427 -0.0986182 0.1575561 -0.9838339 -0.08512938 -0.2682316 -0.9617435 -0.05568879 -0.07489365 -0.9961161 -0.04630255 0.2862631 -0.9439653 -0.1642652 0.2919116 -0.9546844 0.05801129 -0.2565126 -0.9523209 0.1651858 -0.14083 -0.9826753 0.1204836 -0.4332337 -0.9010172 0.02183228 0.7534471 -0.6525259 0.08079463 0.7034713 -0.7099201 0.03378897 -0.5474597 -0.8276557 0.1235879 -0.7625113 -0.6452558 -0.04713261 0.7930336 -0.6086605 -0.025101 0.7725685 -0.6314613 0.06629115 0.3823442 -0.9236134 0.02740889 0.5727502 -0.8188701 0.03753715 -0.5459492 -0.8362255 -0.05163878 -0.8762273 -0.481019 0.02909618 -0.8582295 -0.5061497 -0.08517479 0.93961 -0.3101969 -0.1446067 -0.5829659 -0.7981597 -0.1519601 -0.7724929 -0.6268132 -0.1017843 0.8772248 -0.4630659 0.126676 0.9150703 -0.39677 -0.07224893 0.7099505 -0.7022951 -0.05245876 0.6126525 -0.7850693 0.09123247 -0.6807722 -0.7322856 0.01752418 -0.8088992 -0.570257 0.1431401 -0.819536 -0.5697414 0.06128162 -0.5827373 -0.8119884 -0.03304725 0.8097292 -0.5756395 0.1139199 0.7128783 -0.7011789 -0.01236259 -0.6069008 -0.7946028 -0.01667177 -0.5986812 -0.7981981 -0.06678891 0.960558 -0.2576748 -0.1045573 0.5561084 -0.8302907 0.03689074 0.5964578 -0.8024822 0.01613825 -0.836089 -0.5485082 -0.009708464 -0.9397184 -0.3374843 -0.05507743 -0.7586545 -0.6510456 0.02415078 0.9812598 0.1924858 0.008864283 0.9613416 -0.2665355 0.06914669 -0.9814959 -0.1886668 -0.0327202 -0.9690585 0.2312662 -0.08626478 0.9755935 0.2190356 0.01551681 0.9854002 -0.1484379 0.08338302 0.9941487 -0.1013498 -0.03737145 -0.9954554 -0.08913111 0.03353166 -0.9348916 0.3548509 -0.007658481 -0.9761766 -0.199545 -0.08521199 0.9909873 0.1200248 -0.05948376 0.9911771 -0.06451439 -0.1157842 -0.9844375 0.1667927 0.0553469 -0.9487572 -0.3159677 -0.004920125 0.9920315 0.1012301 0.07500767 0.9921914 0.07583576 0.0990206 0.9724764 -0.1794906 0.1485693 -0.9372496 0.321622 0.1346202 -0.9841141 -0.1225333 0.1284719 0.9227782 0.3247833 0.2073553 0.8972137 0.437298 0.06146597 0.973823 -0.1273128 0.1883094 -0.9434217 0.3245614 0.06793665 0.948345 0.3032624 -0.0931335 0.9957934 -0.001116156 -0.09162026 -0.9853873 0.1535079 -0.07380461 0.575029 0.8132072 -0.08964419 0.8078656 0.5841102 -0.07854115 -0.6102403 0.7816899 -0.1287161 -0.6102364 0.7816921 -0.1287209 0.5440964 0.8388919 -0.01482349 0.8100609 0.5861331 -0.01578962 -0.7804114 0.6230714 -0.05234766 0.3865595 0.9112536 0.1420871 0.3869538 0.8926764 -0.2310753 0.8478509 0.5122361 -0.1369787 -0.5849095 0.8100839 -0.04055643 -0.7087672 0.6964413 0.1123331 0.372262 0.8886874 0.2676858 0.5383837 0.8333566 0.1251394 0.7719395 0.6149604 0.1610381 0.6171974 0.7562741 0.2170643 -0.3297866 0.9226328 0.1999741 -0.6691385 0.7225411 0.173747 0.3405436 0.9330075 0.1163066 0.8065273 0.586272 0.07615089 0.8555831 0.4755805 0.2044526 -0.2695174 0.9626049 0.02742677 0.3354756 0.9405645 -0.05286282 0.2542655 0.9667819 -0.0261138 0.7271301 0.6818285 -0.07994782 -0.785074 0.6128879 -0.08959633 -0.3841379 0.9210768 -0.06368458 -0.4038439 0.9131793 -0.05489808 -0.04213649 0.9000257 -0.4337954 0.1603595 0.9755716 -0.1501498 -0.2380015 0.936649 -0.2569902 -0.2576426 0.9617838 -0.0926944 -0.07931238 0.9636555 -0.2551031 0.2222335 0.9350524 -0.2762054 0.07366019 0.9955374 -0.05898749 -0.2075766 0.9660485 -0.1538255 -0.2779573 0.9527487 -0.1225146 0.3417604 0.9255653 -0.162877 -0.2221054 0.9483272 -0.2265939 0.114225 0.968307 -0.2221133 -0.2877462 0.9537165 0.08733308 -0.5235797 0.8476239 0.0860126 0.07155799 0.9909403 -0.1136528 -0.1104536 0.9924251 -0.05378311 0.239589 0.9677169 -0.0782383 -0.04319316 0.9755306 0.2155794 -0.5340315 0.8411314 0.08548986 0.03298968 0.9802167 0.1951593 0.2919716 0.9472079 0.1324763 -0.5184865 0.8424725 0.1463282 0.06642419 0.9968767 0.04271644 0.4697747 0.8827388 0.009174585 -0.7369221 0.6710609 -0.08138275 -0.1013867 0.9947681 -0.01254564 0.6012776 0.7950572 -0.07968354 0.254702 -0.9669989 -0.00633347 -0.2650836 -0.9635728 0.03547078 0.2455056 -0.9514843 -0.1854848 -0.1795884 -0.9693967 -0.1673858 0.04667419 -0.9941449 -0.09745544 0.2404816 -0.9229214 -0.3006408 -0.2791412 -0.9601293 -0.01523792 0.1083226 -0.9736831 -0.2005181 -0.2308305 -0.9006108 -0.368263 -0.4796882 -0.7751881 -0.4110752 -0.3110577 -0.9319608 -0.1862586 0.2001734 0.9547997 -0.2197462 0.2756196 -0.8951963 -0.3502249 -0.2550666 -0.9351515 -0.2458307 0.3503227 -0.936515 -0.01461374 -0.4769393 -0.8770182 0.05803549 -0.7678171 -0.6243961 0.1434797 -0.7952648 -0.593198 0.1251804 0.9704933 0.1622914 0.1783382 0.9683848 0.210527 0.1338257 -0.9792384 -0.1495144 0.1368852 -0.9692541 0.1929653 0.1526795 -0.7976598 0.5927789 0.1111398 0.8588781 0.4950978 -0.1311748 0.5304987 0.814898 -0.2334791 -0.4659698 0.883675 -0.04461508 -0.7514064 0.6586788 -0.03912514 0.1960533 0.8924216 -0.4063827 0.09078937 0.8422716 -0.5313529 -0.1102984 0.9747079 -0.1943678 0.5183905 0.8418581 0.1501548 0.3255522 0.9453765 0.01670897 0.2010021 0.967154 -0.1556 -0.3554406 0.9325599 0.06319802 -0.03491085 0.9924547 -0.117537 0.01127177 0.9844703 -0.1751893 0.2287951 0.9560306 0.1834618 -0.2823906 0.9422595 0.1800072 0.137416 0.9690492 0.2050868 -0.06775194 0.9976032 -0.01405191 0.06752151 0.9976732 -0.009447455 -0.3171345 0.5646568 -0.7619636 0.250805 0.6758229 -0.6930803 -0.8498292 0.4948391 -0.1814516 -0.4929479 0.7052657 -0.5095122 -0.6146793 0.7400864 -0.2728399 0.6019324 0.7339888 -0.3145439 0.8670445 0.429239 -0.2529584 0.6800181 0.6607633 -0.3177537 -0.9701821 0.01313024 -0.2420213 -0.954229 0.2630707 -0.1422707 0.9720594 0.1322299 -0.1939483 -0.8934231 0.3961304 -0.2118394 -0.6504313 0.7401297 -0.1707258 0.8150644 0.5580276 -0.1558055 0.7248374 0.6644667 -0.1819196 -0.8583618 0.5012566 -0.1093485 -0.7515549 0.6200932 -0.225055 -0.7498212 0.6606358 -0.03644984 0.8650072 0.4948852 -0.08277231 0.5157887 0.8515956 -0.09352523 -0.9452255 -0.2818063 -0.1647236 -0.9875007 -0.09717094 -0.1240979 0.9710762 -0.1418995 -0.19203 0.9806085 0.1219735 -0.1533932 -0.8697257 0.492703 -0.02865374 -0.719195 0.6929188 0.05120575 -0.687027 0.7253932 0.04240983 0.7068199 0.7068704 0.02720266 0.9028927 0.4260172 0.05739402 -0.9448173 -0.2704194 -0.1849157 -0.9410972 -0.2892211 -0.1751778 0.9859166 -0.1505823 -0.07275652 0.9999983 2.97411e-4 -0.001829981 -0.887535 0.459748 0.03022509 -0.6682467 0.7400634 0.07584583 0.7407041 0.6557391 0.146164 -0.9757458 -0.2188754 0.003707349 -0.9997878 0.01648342 0.01236081 0.9528562 -0.303063 0.0147649 -0.9481974 0.305964 -0.08548617 -0.8532027 0.5157446 -0.07780063 0.8656598 0.4958921 -0.06873357 0.961252 0.2707231 -0.05199605 -0.9277716 -0.3731359 0.003093838 -0.9955856 -0.08400374 -0.04186517 0.9720412 -0.2342272 -0.01653522 -0.8457395 0.2305567 -0.4812157 0.884034 0.1794999 -0.4315828 -0.4800034 0.5758857 -0.6617798 -0.7763884 0.4056724 -0.4823393 0.8315336 0.4170705 -0.3668845 0.5756484 0.7122735 -0.4016163 -0.3836581 0.3758781 -0.8435177 0.3559672 0.4353352 -0.8269042 -0.399433 -0.6597189 -0.6365723 -0.3792583 -0.9248584 0.02828603 -0.09411823 -0.9897742 0.1071869 0.1673108 -0.9757459 0.1411628 0.3335264 -0.9426792 -0.01077651 -0.005208075 -0.9983713 0.0568127 0.8572449 -0.5132655 0.04110759 -0.8291048 -0.5588658 -0.01595181 -0.53551 -0.8409435 0.07773739 0.862092 -0.5044601 -0.04813987 0.539654 -0.841677 -0.01880633 -0.8117901 -0.5789171 -0.07649791 -0.8856652 -0.4643208 -0.001845479 -0.4618199 -0.8868722 0.01341944 0.9858899 0.1536441 -0.06644272 0.9883263 -0.1424699 0.05397635 -0.9860994 0.1541014 -0.0621345 -0.995875 -0.08740103 -0.02437436 0.9898492 -0.1000355 -0.1009529 -0.9572042 -0.2623245 -0.1222541 -0.978471 0.194223 -0.06979978 -0.9737714 -0.2254294 -0.0308386 0.6272994 0.7760714 -0.06487423 -0.3207002 0.9468683 -0.02432852 -0.7839348 0.6202958 -0.02606618 0.3423769 0.9360495 -0.08117634 -0.3734805 0.9219396 -0.102663 -0.3614835 0.9316784 -0.03612619 -0.6775627 0.7352432 0.01806777 -0.004541039 0.9975364 -0.07000386 -0.536817 0.8416748 -0.05840599 0.4936994 0.8631812 -0.1057323 0.1355576 0.9871202 -0.08495873 -0.489179 0.8707216 -0.05047756 0.6031961 0.7965185 -0.04138582 0.02938032 0.9995627 -0.003350257 -0.8511148 0.5238062 -0.03508388 0.946102 0.3173153 -0.06482297 0.8231985 0.5662495 -0.04130125 -0.9323903 0.3518933 -0.08257943 -0.711525 0.6965564 -0.0924198 0.9483633 0.3017846 -0.09763866 0.8236871 0.5549789 -0.1163535 -0.9487754 -0.3158371 0.008499026 -0.99984 -0.01342052 0.01183027 0.9759466 -0.2146627 0.03805571 -0.9940334 0.0906859 -0.06061154 0.9857078 -0.1556529 -0.06443881 0.9867147 -0.1314426 -0.0954827 -0.9744271 0.1620106 -0.1557068 -0.7138569 -0.7000206 -0.01948058 -0.6411936 -0.766955 -0.02551358 -0.6636804 -0.7452322 -0.06447678 0.6023291 -0.7982396 0.003639042 -0.8315179 -0.5280306 -0.1725158 0.8652085 -0.4881559 -0.1145357 -0.6923317 -0.708277 -0.1379147 -0.5493825 -0.83298 -0.06575036 0.7664161 -0.6210458 -0.164038 0.8813004 -0.4593699 -0.1108559 0.9315587 -0.3043569 -0.1989106 -0.6852121 -0.7122267 -0.1523732 0.6710786 -0.7392579 -0.05613672 0.9907306 -0.0962181 -0.0958907 -0.6715935 -0.7054801 -0.226407 0.6447384 -0.7159348 -0.2678613 0.8377783 -0.5399999 -0.08079487 -0.8370324 -0.5415162 -0.07833886 -0.536248 -0.8435825 -0.0284022 -0.6148467 -0.7703047 -0.1690985 0.5202654 -0.8411184 -0.1477972 0.8374534 -0.5443018 0.04906606 -0.5866689 -0.8021701 0.1110986 -0.8639718 -0.292823 -0.4096433 0.8147012 -0.1876451 -0.5486816 0.9723719 -3.99154e-5 -0.2334377 -0.6131264 -0.7803375 -0.1230838 0.4475824 -0.6318211 -0.6328287 -0.4273269 -0.6540018 -0.6242383 0.06074619 -0.7958229 -0.6024748 0.59621 -0.6928582 -0.4055627 -0.34665 -0.6447449 -0.6812767 -0.7893658 -0.6120696 -0.04766947 0.9028193 -0.4272966 -0.04832053 0.5625818 -0.8265104 -0.01955926 0.7764288 -0.6252664 0.07874244 0.7695731 -0.6365881 -0.05012947 -0.9133959 -0.4061268 0.0277332 0.8880684 -0.4588825 0.02759468 -0.7825013 -0.6217415 0.0336045 0.5869286 -0.8021345 0.1099779 -0.8937656 -0.4255905 -0.1416186 -0.9645931 0.03120541 -0.2618903 0.9882152 8.52526e-4 -0.1530689 0.06256723 0.9980315 -0.004317402 0.9532739 0.2803834 -0.1124908 -0.9422821 -0.007978856 -0.3347252 0.08191597 -0.9777435 0.1931511 -0.3859503 -0.9225196 3.70941e-4 -0.05128777 -0.9836667 0.1725385 0.06034088 -0.9980924 0.01306092 0.4124487 -0.910937 -0.008938193 0.3271865 -0.9327445 0.1514496 -0.2692845 -0.9571882 -0.1061916 0.1338241 -0.9905225 -0.03092396 0.1213181 -0.9923148 0.02435535 -0.3604764 -0.9318976 -0.04029715 -0.01330399 -0.9957871 -0.09072494 0.3912078 -0.9153913 -0.09494835 -0.1544406 -0.9766765 -0.1491681 -0.05536293 -0.9767942 -0.2069013 -0.1582006 -0.9845686 -0.07481461 0.2511116 -0.9596083 -0.1268661 0.2774402 -0.9387751 -0.2042753 -0.02107506 -0.9944627 -0.1029559 0.2684228 -0.9612002 -0.0635873 0.1056752 -0.9849832 -0.136532 -0.2227454 -0.9686508 -0.1100017 -0.2803515 -0.9576348 -0.06586885 0.1876178 -0.973108 -0.1336431 -0.3411478 -0.9375216 -0.06834864 -0.2135106 -0.953325 -0.2135063 -0.1686074 -0.9744454 -0.1484171 0.2132856 -0.9655228 -0.1492474 0.05464118 -0.9914376 0.1185999 -0.1256272 -0.9823473 0.1386069 -0.006803631 -0.9922014 0.1244599 0.3714572 -0.9171756 0.1442518 0.4539838 -0.8876977 0.07675641 -0.4760209 -0.8772344 0.06215977 -0.8738908 -0.4809997 0.07038658 0.7542665 -0.6544798 -0.05232989 0.4190455 -0.906075 -0.0585584 -0.6364423 -0.7713168 0.003417491 -0.8465548 -0.5322509 0.00735718 0.7956843 -0.5966808 -0.1042047 0.5563419 -0.8236693 -0.1097843 0.594935 -0.7933105 -0.1292705 -0.6096274 -0.7802489 -0.1398782 -0.8070594 -0.5774972 -0.1230938 0.8947456 -0.4304132 0.1190584 0.7542238 -0.6542783 0.05537712 -0.5433661 -0.8378835 0.05200624 -0.9051399 -0.4220902 0.05061393 0.8483844 -0.4961418 0.1846272 0.5762537 -0.8091179 0.1151528 0.8502309 -0.5249313 -0.03942745 0.8016144 -0.5961616 -0.04478579 -0.6341788 -0.7731863 -4.37611e-4 -0.8161125 -0.5767678 0.03604978 -0.6882138 -0.7224668 0.06635957 0.9773108 0.2107711 0.02095669 0.9746497 -0.2197226 0.04219162 -0.9238334 0.3812263 -0.03461891 -0.9766941 -0.2144759 -0.008294582 0.9906233 0.1224378 -0.0606175 0.9976249 -0.02045285 -0.06577509 -0.972763 0.2281543 -0.04096466 -0.9973126 -0.05803442 -0.04471731 0.9901327 0.1337378 -0.04185187 0.9380785 -0.3458252 -0.02033823 -0.9929334 0.1149832 0.02936166 -0.9818179 -0.1825174 -0.05216336 0.9653958 -0.2215443 0.1375836 -0.9841306 0.05646175 0.1682233 -0.9688509 -0.2077705 0.1347568 0.9671459 0.1240961 0.2218765 0.9695459 -0.1885606 0.156288 0.9487125 0.3019199 -0.09375017 0.9947035 0.02233457 -0.1003307 -0.9963033 -0.06966239 -0.05027115 -0.9772601 0.2036064 -0.05922132 -0.9968439 -0.06342375 -0.04774725 -0.7474611 0.6594523 -0.08015412 -0.8110532 0.5727031 -0.1191809 0.5013205 0.8642769 -0.04127019 0.8425715 0.5385423 0.006762146 -0.5960255 0.7971363 -0.09657841 -0.5235425 0.8477846 -0.08464437 -0.8431722 0.5372027 -0.02177149 0.3790057 0.9139171 0.1452938 0.585594 0.798636 -0.1387819 0.7484335 0.6594893 -0.07015156 0.7736319 0.6132271 0.1595183 -0.3411549 0.9376844 0.06604069 -0.7804908 0.6219196 0.0636422 0.4740583 0.8198704 0.3210626 0.3956408 0.9183614 -0.008986771 0.608373 0.7936368 0.004792094 0.7241925 0.6268628 0.2873817 -0.3750107 0.9073277 0.1900619 -0.7430513 0.6424376 0.18748 0.4566003 0.8882113 0.05096042 0.690158 0.7208657 0.06351882 -0.7257661 0.68178 0.0918672 0.759126 0.6474919 -0.06694966 -0.8447989 0.53159 -0.06104928 0.1022196 0.9753249 -0.1956847 -0.2311688 0.9378241 -0.2589341 -0.1204945 0.9709113 -0.2069116 0.01351547 0.9916355 -0.1283609 -0.2683742 0.9573788 -0.1067769 0.03528052 0.9964781 -0.07607042 -0.4120894 0.8957901 -0.1665608 0.3451529 0.9241113 -0.1639754 -0.3556757 0.8874749 -0.2930583 -0.1487473 0.9378771 -0.3134659 -0.1840665 0.9721962 0.1447561 -0.2463691 0.9684939 0.03635942 0.3646268 0.922308 -0.1280443 3.43285e-4 0.9986 0.0528981 0.06166434 0.98065 0.1858038 -0.5200445 0.8490056 0.09350514 0.08847069 0.9795434 0.1807425 0.4169149 0.8949558 0.1588594 0.005150496 0.9934965 0.1137464 -0.1449316 0.989321 0.01545333 -0.3765915 0.9261612 0.02011269 0.02338433 0.9977518 0.06280738 0.361786 0.9140352 0.1834415 0.3545101 0.9331744 0.05922985 -0.5214001 0.8526213 -0.03433686 -0.3575674 0.9330558 -0.03940182 0.3074814 0.9463544 -0.09934043 0.2785024 0.9539743 -0.1112191 0.7328755 0.6716379 -0.1086097 -0.1143296 -0.9847998 -0.1307604 -0.09516072 -0.9820896 -0.1626174 0.08013743 -0.9966666 -0.01528525 -0.1425986 -0.9838731 -0.1079792 0.141914 -0.9790048 -0.146322 -0.149643 -0.9751536 -0.1633486 0.4406269 -0.6824184 -0.5832265 0.2490478 -0.8803766 -0.4036239 0.1502449 -0.9625777 -0.2255453 -0.05201506 -0.9116544 -0.4076529 -0.195366 -0.8313373 -0.5202983 0.02653688 -0.9303557 -0.3656966 0.05710619 0.9392519 -0.3384447 0.2143396 -0.9089202 -0.3576629 0.3584635 -0.9335109 -0.007843136 0.6826413 -0.729449 0.0436477 -0.430131 -0.9024085 -0.02542495 0.9795923 -0.01189827 0.2006428 0.9716241 -0.1809687 0.1523058 -0.9582359 -0.2280808 0.17252 -0.9750208 0.1132763 0.1910576 0.9315725 0.3399512 0.1288639 0.8379357 0.4843001 0.2516291 -0.871434 0.4600655 0.1701248 0.6581978 0.750329 -0.06150037 0.6553224 0.7401852 -0.1505936 0.6197236 0.7521392 -0.2241195 -0.6225639 0.7825602 0.003709077 -0.4914498 0.8408085 -0.2269761 0.1921746 0.8910524 -0.4112113 -0.04601752 0.8827018 -0.4676753 -0.1220513 0.9485533 -0.2921477 -0.236706 0.8616008 -0.4490148 -0.6854979 0.6752334 0.2723097 0.2976578 0.9510999 -0.08251577 -0.5959354 0.798289 0.08715462 -0.3178573 0.9432302 -0.09635221 -0.04722785 0.9896015 -0.1358622 -0.1360892 0.9606719 -0.2420526 -0.270463 0.9449607 -0.1841172 -0.04696744 0.9980326 0.04153412 -0.411639 0.6282461 -0.6601971 0.3338035 0.628617 -0.7024358 -0.8627017 0.4697138 -0.1873899 -0.5840452 0.7716802 -0.2517955 0.9014652 0.3336828 -0.2757107 0.5814723 0.7606087 -0.288729 -0.8883705 0.2895982 -0.3562736 -0.9630967 0.1027688 -0.2487636 0.9664161 0.1895679 -0.1735052 0.9424955 0.2447228 -0.2276247 -0.8510569 0.4838067 -0.2040424 -0.7548136 0.6182755 -0.2190704 0.8475874 0.505632 -0.1610339 0.6122395 0.775554 -0.1538797 -0.9154991 0.3938375 -0.08218032 -0.653597 0.7518515 -0.08677768 0.7395359 0.6365815 -0.2187477 0.8090869 0.5864604 -0.03798264 -0.9584565 -0.2208757 -0.1804861 -0.984696 0.1017213 -0.1415157 0.9568502 -0.2236268 -0.18555 0.9746443 0.1757621 -0.1384782 -0.8819596 0.4705204 -0.02753126 0.9197994 0.3877069 0.06043565 0.6573162 0.7436508 0.1221433 -0.9840546 -0.01111263 -0.1775198 -0.9909493 0.07384085 -0.1121031 -0.9192236 0.3894474 0.05795562 -0.7363962 0.6620146 0.1394898 0.6678656 0.74415 0.0140112 -0.9709823 -0.238943 0.009989798 -0.9995822 0.02739548 0.009220182 0.9971621 0.07032352 0.02687937 0.9829277 -0.1839894 9.97934e-4 -0.9803705 0.1916633 -0.0462501 -0.8950035 0.4439053 -0.0437842 0.8867371 0.4566307 -0.07201284 0.9978833 -0.04075759 -0.05067425 0.9730767 -0.2299156 -0.01614904 -0.7895276 0.2531409 -0.5590761 0.8954626 0.1966878 -0.3993254 -0.4743772 0.7114086 -0.5185211 -0.7784489 0.3768721 -0.5019808 -0.1365858 0.2764837 -0.9512629 -0.1790546 0.1913444 -0.9650528 0.1773936 -0.9834077 0.03795778 -0.2499719 -0.9662932 0.06157612 0.01500844 -0.9998556 0.007973194 -0.3054969 -0.9506835 -0.05359607 0.3363132 -0.9416713 -0.0121904 -0.09706628 -0.9950912 -0.01928049 -0.121138 -0.9891465 0.08315473 0.3896534 -0.9167091 0.08840113 0.8497879 -0.525076 0.04643172 0.5291888 -0.8482542 0.02059388 -0.4627507 -0.8863966 0.01276087 -0.8444903 -0.5340917 -0.03977817 0.8213315 -0.5673516 -0.05938708 0.5598215 -0.8284572 -0.01607888 -0.4933785 -0.8693447 0.02859234 -0.8947203 -0.4458921 -0.02560973 0.9716507 0.234389 -0.03093135 0.9983816 0.04912424 -0.02865254 -0.9790226 0.1894826 -0.07490819 -0.9830352 -0.1712107 -0.06579303 0.9583641 0.2672754 -0.1005097 0.9904437 -0.09517258 -0.09981793 -0.9983217 -0.0293672 -0.04991412 -0.982889 0.1754246 -0.05617332 0.307561 0.9514564 -0.01170259 0.6911742 0.722096 -0.0292502 -0.3495428 0.9367734 -0.0166009 -0.6901403 0.7210537 -0.06154811 0.3635174 0.9283147 -0.07801979 0.7080927 0.700396 -0.08972275 -0.6047014 0.7875192 -0.1189531 -0.5025793 0.8644012 0.01498973 -0.5574674 0.8270575 -0.07215452 -0.09426414 0.9918692 -0.08549731 -0.5207818 0.851107 -0.0663585 0.463314 0.8811233 -0.09466695 0.01309758 0.9987469 -0.0483036 0.539388 0.8418393 -0.01916426 0.1026041 0.9946326 -0.01336073 -0.9658051 0.2582681 -0.02276349 -0.9410355 0.3382024 -0.008456408 -0.8434922 0.5355838 -0.04087591 -0.924415 0.3731906 -0.07864922 -0.850522 0.524974 -0.0318557 0.9284567 0.3596545 -0.09282755 0.7803635 0.6166743 -0.1036624 -0.995153 -0.08202254 0.0542472 -0.989656 -0.1424224 -0.0172286 0.9999911 0.003325104 0.002616584 0.9940155 0.1029152 -0.0366308 -0.9752593 -0.210821 -0.06651246 -0.9924163 -0.08702337 -0.08681559 0.9923069 0.08256423 -0.09225159 0.9431894 -0.3238591 -0.07422268 0.9980351 -0.03527712 -0.05178505 0.9963476 0.02646934 -0.0811854 -0.9902019 -0.01307165 -0.1390302 -0.9850129 0.06818497 -0.1584315 -0.7665 -0.6371815 -0.08048355 0.6096273 -0.7926479 -0.00799781 0.8483405 -0.5228239 -0.08350813 -0.9478774 -0.2750933 -0.1607864 -0.8835563 -0.4111092 -0.2243158 0.9436405 -0.3222452 -0.07550394 -0.7064294 -0.6939968 -0.1390185 0.5309305 -0.8331317 -0.1549334 0.881743 -0.4574435 -0.1152169 -0.8171448 -0.5648543 -0.1149533 -0.6084877 -0.7889263 -0.08566325 -0.5450689 -0.8202595 -0.1734193 0.5300624 -0.8428025 -0.0933693 0.7526828 -0.6267468 -0.2016363 -0.8220434 -0.5236471 -0.2236928 0.9110819 -0.4096701 -0.04582977 0.8838229 -0.412497 -0.2206882 -0.6122541 -0.7706262 -0.1768627 0.5273331 -0.7951723 -0.2993679 0.8174774 -0.4921338 -0.2992244 -0.784195 -0.6182404 -0.05307847 -0.5433222 -0.8284388 -0.135979 0.5564503 -0.8173393 -0.149398 0.8277647 -0.5537754 -0.09021353 -0.7578954 -0.6485534 0.0705204 -0.7924963 -0.6075739 0.05295008 0.8949241 -0.446062 0.01181614 -0.7357067 -0.6685378 0.1085954 0.3396319 -0.9236765 0.1774035 0.7238696 -0.6860041 0.07356089 -0.8628522 -0.2922157 -0.412427 -0.8595121 0.06607335 -0.5068267 0.4867754 -0.3906448 -0.7813108 0.7955767 0.1457442 -0.5880617 -0.548764 -0.749826 -0.3696203 -0.2950128 -0.7997683 -0.5228176 0.7431828 -0.1005989 -0.6614826 -0.6661109 -0.1701077 -0.7261953 0.3396255 -0.9058598 -0.2531259 0.6022866 -0.7091671 -0.3665146 -0.4448925 -0.157062 -0.8817042 0.7874929 -0.1074949 -0.6068771 -0.9981129 -0.028737 0.05426722 -0.705952 0.01314353 -0.7081378 -0.8910699 -0.4451169 -0.0886864 -0.7385817 -0.673596 0.02766978 -0.6532016 -0.7547543 -0.06061249 0.5662604 -0.8239582 -0.02102828 0.7632761 -0.6442858 -0.04801648 -0.8415277 -0.5250086 0.1272686 -0.8837184 -0.4646394 0.05614286 0.8280439 -0.5518737 0.09888792 0.9665694 -0.2485108 0.06313538 -0.5896382 -0.8041302 0.07550734 -0.6888369 -0.7196909 0.08688378 0.4799231 -0.8677991 0.1288365 0.8156141 -0.5691291 0.1042397 -0.9577584 -0.2495837 -0.1428524 0.9500952 -0.2830171 -0.1312272 0.9541137 -0.2661446 -0.1372376 0.9710718 0.2101714 -0.1133465 -0.2560969 -0.6116682 0.7485162 0.9979259 0.05981099 0.02380716 0.04802179 0.9973959 0.05380928 0.1126828 0.9595877 0.2578645 0.3751233 0.8712105 0.3166619 0.3926792 0.8679733 0.3040158 0.2254493 0.9707278 -0.08282613 0.5796768 0.7632027 0.285476 -0.4597152 0.8874494 -0.03309768 -0.1472505 0.9887304 -0.02700889 -0.3812033 0.8806748 0.2812404 -0.5934737 0.7355014 0.3268435 0.07170975 0.9956365 0.0597136 -0.08768934 0.9877152 -0.129342 0.8610479 0.5069355 0.04016208 0.5659542 0.8112233 0.1470126 -0.6282038 0.7417625 -0.2348371 -0.3650468 0.9309768 0.004802703 0.2784311 0.9495168 0.1445478 -0.03070825 0.9629067 0.2680817 0.2442922 0.9423174 0.2288216 -0.05232685 0.9980384 -0.03437119 -0.140706 0.9836969 -0.1119924 0.626694 0.7784625 0.03536552 0.04413622 0.9750859 0.2173928 0.3350503 -0.9275212 -0.1656678 -0.391866 -0.896655 -0.2060361 -0.6008703 -0.781066 -0.1699732 0.2943807 -0.954822 0.04068267 0.3257306 -0.9453346 -0.01556259 0.2297372 -0.9703766 0.07476639 -0.5091932 -0.8599991 0.03352779 0.02930074 -0.9894698 -0.1417434 0.2312612 -0.9508324 -0.2060001 -0.200654 -0.9682479 -0.149111 0.0196343 -0.9970805 0.07379013 0.08896148 -0.9939643 -0.06419581 -0.2464998 -0.9639814 -0.09988915 -0.2043662 -0.9788861 -0.004072785 0.2398897 0.9663638 0.09270364 0.2973219 0.9271104 0.2281801 -0.7056461 0.6961333 0.1321439 -0.2795627 0.928302 0.2451531 -0.3406516 0.9362647 0.08581984 -0.6856554 0.720352 0.1047359 0.2324199 0.9642241 0.1274879 0.1793181 0.9826 -0.04839801 0.4103699 0.906244 0.1015797 -0.04246807 0.9982762 -0.0405094 -0.05748128 0.9975856 0.03897482 0.4448 -0.8599175 0.2503893 -0.1300026 -0.9914862 0.00738424 -0.3663536 -0.9276063 0.07301741 0.05717945 -0.9982519 0.01495724 0.2246627 -0.9741302 0.02443987 -0.2887729 -0.9505752 0.1140924 -0.2899798 -0.9570232 -0.004280388 0.4042446 0.8781586 -0.255781 0.7805871 0.6009834 -0.1717638 -0.633949 0.7119938 -0.3019499 -0.4571956 0.7975854 -0.393484 -0.29746 0.9246421 -0.237812 -0.6150022 0.78694 -0.0499776 0.6269719 0.7669832 -0.1365397 0.5334028 0.7913441 -0.2987576 0.6005853 0.750785 -0.2749899 -0.6300155 0.7519458 -0.1940566 -0.4846563 0.8682689 0.1059126 -0.665918 0.7382759 -0.1072474 0.4229152 0.9022775 -0.08389341 -0.2086285 0.9536351 -0.2169203 -0.01506996 0.9656627 -0.2593616 -0.09355813 0.9847083 -0.1469579 0.3897527 0.9136729 0.1153038 0.1660723 0.9849898 0.0470671 0.3324657 0.9430345 0.01235193 0.3126833 -0.9497076 -0.01687419 0.4351297 -0.9003503 0.005618572 0.2366731 -0.9288308 0.2850601 -0.3535704 -0.9353601 0.00945723 -0.1003746 -0.9732662 0.2065862 0.3124216 -0.948239 -0.05688327 0.5714665 -0.8124256 -0.1157187 -0.3777553 -0.9154287 -0.1388936 -0.05043005 -0.9608152 0.2725638 -0.001270234 -0.9936651 0.1123753 0.1798127 -0.9757223 0.1250338 -0.01524901 -0.9953283 0.09533751 0.04179102 -0.9798903 0.1951119 0.05145233 -0.9912354 -0.1216763 0.2732204 0.9567684 -0.09972453 0.1469218 0.9722445 0.182084 -0.4034757 0.9117245 -0.0772407 -0.3739591 0.9273252 -0.01492309 -0.5564335 0.8302009 -0.03388679 -0.6089166 0.7887405 -0.08431541 0.176821 0.7913809 0.5851928 0.1668509 0.9094967 0.3807581 -0.5471658 0.7204205 0.4261504 -0.4280128 0.7286946 0.5346114 0.00529766 0.9804539 0.1966778 0.01880484 0.9944009 -0.1039868 0.3725941 0.9024688 0.2161568 0.04401916 0.9972644 -0.05938148 -0.1780797 0.9719882 0.153384 -0.3324052 0.9178843 0.2167841 0.2162373 -0.8773095 0.42845 -0.09692215 -0.9171633 0.3865457 0.02580952 -0.826025 0.5630422 -0.06846302 -0.9080284 0.4132761 0.04708582 -0.9323291 0.3585324 0.9383974 -0.002370417 0.34555 0.935918 0.09759187 0.3384276 -0.9974533 -8.47811e-4 0.07131761 -0.9674633 0.08748787 0.2374044 0.4932106 -0.8182339 0.2953589 0.3856592 -0.9200604 0.06896346 0.8090175 -0.5317677 0.2504271 -0.7093814 -0.69641 0.1085878 -0.8529678 -0.4797306 0.2056808 0.9734089 -0.2289009 0.00890994 0.9751484 -0.1466808 0.166043 -0.8679477 -0.4535138 0.2024648 -0.9804874 0.01087015 0.1962814 0.8694319 -0.4904655 -0.05942851 0.4856715 -0.8741385 0.002247512 0.8600584 -0.4966043 0.1169779 -0.6805503 -0.7293028 0.07048934 -0.7231251 -0.6812223 -0.1141334 -0.9001469 -0.423739 -0.1009017 -0.8754073 -0.473887 0.09535819 0.9915904 -0.0700829 0.1087976 0.9798983 -0.1972075 0.03014403 -0.9512078 -0.2894964 0.1067503 -0.9744961 0.02279561 0.2232435 0.8378472 -0.5295605 0.1325823 0.4201483 -0.9074502 -0.003110289 0.2780095 -0.9539984 -0.1122408 -0.4163077 -0.9074934 -0.05606764 -0.4553653 -0.8874909 0.07072895 -0.8903363 -0.427732 0.1560345 -0.8152075 -0.5789759 -0.01495808 -0.9679584 -0.2129031 -0.13315 0.607495 -0.7867272 -0.1095905 -0.7255613 -0.6713864 -0.1510004 -0.8446512 -0.5008822 -0.1888951 -0.8395055 -0.5123485 -0.180913 0.9533236 -0.2299708 -0.1956725 0.9382398 -0.288768 -0.1905764 0.8879202 -0.4022934 -0.2230644 -0.8893457 -0.2986127 -0.3462584 0.7945449 -0.5916634 -0.1365028 0.4042888 -0.899493 0.1657194 0.5740085 -0.7962683 -0.1909739 0.8261098 -0.5117938 -0.235817 -0.3607712 -0.9211594 0.1459776 -0.7209353 -0.6821252 -0.1223012 -0.8236536 -0.5179557 -0.2309037 0.3434867 -0.8186317 0.4602816 0.7606346 -0.5422532 0.3569266 -0.3051044 -0.914633 0.2652504 -0.08831077 -0.9436554 0.3189293 0.6189505 0.7810626 -0.08271437 0.9557017 0.2633985 0.1313601 0.8248406 0.5011087 0.2617789 -0.8555332 0.3986058 0.3304185 -0.7786366 0.6273959 -0.009969711 -0.5734233 0.758594 0.3093881 0.9431599 0.3253272 0.06791055 0.8809778 0.2657681 0.3914659 -0.9078394 0.4157326 0.05471688 -0.8860834 0.2428172 0.394837 0.8328388 0.5237044 -0.1792026 0.9662525 0.04347354 0.2539023 -0.9147604 0.4024938 -0.03481888 -0.869772 0.4557458 -0.1891896 -0.7755548 0.5942835 0.2129361 0.9208697 0.3018803 -0.246713 0.9849286 0.1058419 -0.136796 -0.9375647 0.3110443 -0.155641 0.8435448 0.5201265 0.1337941 -0.8679128 0.48563 0.1043596 0.9583449 0.2846242 0.02374905 -0.9983389 -0.0446918 -0.03636026 -0.9746299 0.138227 0.1760394 -0.9607845 0.1950468 0.1971042 0.9010552 0.3870589 -0.1956654 -0.8733358 0.3690822 -0.3179041 -0.8827542 0.45806 -0.1045278 0.9539679 -0.01759862 -0.2993919 0.9675952 -0.165354 -0.1908345 -0.8740342 0.2954005 -0.3857495 0.2263663 0.8857641 -0.4051916 0.7925203 0.4142248 -0.4475817 0.8297042 -0.1547166 -0.5363337 -0.3884194 0.6855867 -0.6157121 0.2817453 0.9322043 -0.2271888 0.2887116 0.933349 -0.2133201 -0.2576841 -0.5797314 -0.772988 -0.4020753 0.5450161 0.7357262 -0.5434508 0.3630473 0.7568739 0.8355777 0.3693485 0.4066839 0.8326539 0.471579 0.2903459 -0.6130688 0.07776707 0.7861927 -0.9658419 0.05262953 0.2537314 0.3748043 -0.7529059 0.5409758 0.4592422 -0.882894 -0.09795379 -0.4028992 -0.8869844 -0.2256789 -0.2848404 -0.9427048 0.1737058 -0.2729906 -0.7985807 0.5364187 0.5664321 -0.8172265 0.1062813 0.4739821 -0.8192115 -0.3228525 -0.001101553 -0.9416325 -0.336641 -0.6540777 -0.6255443 -0.4252961 -0.3461345 -0.919658 0.185527 0.9166471 -0.2697224 -0.2949711 -0.2896144 -0.5524853 -0.7815905 -0.08138722 -0.9895449 -0.1190682 0.4862862 0.008392751 0.8737593 0.4249607 -0.5784633 0.6962677 0.7454283 -0.5645455 0.3544363 0.9036698 0.007486224 0.4281646 -0.7132635 -0.6991523 0.04940998 -0.4485154 -0.6472772 0.6163328 -0.6228485 -0.185687 0.7599869 -0.9265964 -0.212204 0.310465 0.1556773 0.9815559 -0.110963 -0.688895 0.7208284 0.07635521 -0.7140053 0.699679 -0.02541178 0.4601899 0.8735942 0.1582992 0.5732851 0.812605 -0.1049648 -0.8604593 0.5094055 -0.01076489 -0.6972331 0.6195557 0.3605785 0.3454064 0.9225811 -0.1718677 -0.9158583 0.3832477 0.1196869 -0.8516398 0.5231086 0.03266972 -0.790667 0.6110368 -0.03846955 0.2160994 0.9578291 -0.1893794 -0.7326484 0.6771689 0.06832665 0.9760526 -0.2025858 0.0792486 0.886333 -0.4600037 0.05301326 0.8852005 -0.4652026 -0.002584695 -0.5204159 -0.846919 0.1090672 -0.9136826 -0.4012862 0.06444782 -0.5474743 -0.8062201 0.2242343 -0.5315455 -0.8455135 -0.05065983 0.8212872 -0.5224515 -0.2291988 0.5331482 -0.8448991 0.04357403 0.07074815 -0.9949387 0.07135707 0.2317715 -0.96689 0.1067984 0.4552084 -0.8903554 0.007250547 0.04641771 -0.998026 0.04230248 0.5973449 -0.8019514 0.007285535 0.6307955 -0.7740823 -0.05379158 0.9844417 0.1444305 -0.1000722 -0.8023685 -0.5714531 0.1721811 -0.9995464 0.02918058 -0.007465362 -0.9396453 -0.2518649 0.2315833 0.5236619 0.6616122 0.5367006 0.7406067 0.6693586 0.05882918 -0.9293479 0.3514223 0.1132026 -0.6764792 0.313447 0.6664285 -0.5827033 0.7184316 0.3798855 0.3943704 0.9069135 -0.1482562 0.1789761 -0.169942 0.9690653 0.1600602 -0.6462381 0.7461615 0.3707369 0.04651343 0.9275724 -0.384608 -0.3632044 0.8486221 -0.11956 -0.6361616 0.7622361 0.1766641 -0.006405472 0.9842504 -0.3541887 0.1879838 0.9160854 0.3453295 0.2479368 0.9051381 -0.4821608 0.1630421 0.8607777 -0.513144 0.1048448 0.8518749 0.9821091 0.1880871 0.009220123 -0.9754062 -0.09622752 0.1983008 -0.967193 0.2526304 0.02675515 -0.5618492 0.8185621 0.1195057 -0.3951526 0.9170036 0.05439627 -0.2270434 0.9338857 0.2762406 0.1966485 -0.8928902 0.4050636 0.2085937 -0.8493792 0.484813 -0.2659288 -0.811784 0.5198932 -0.04402911 -0.9752582 0.2166405 0.3488574 -0.5666556 0.7464584 0.3836368 -0.3748257 0.8439956 0.3497871 -0.3366181 0.8742639 -0.6063463 -0.6483717 0.4603893 -0.326202 -0.3162062 0.8908457 0.5088648 -0.005396008 0.8608295 -0.5689496 0.1555438 0.8075286 -0.4894939 -0.2136464 0.8454294 -0.5349161 0.1075561 0.8380314 0.03372156 0.5933482 0.8042394 -0.03365075 0.6080474 0.7931873 -0.4391162 0.5029563 0.7444542 0.3280316 -0.7214895 0.6097936 0.5056762 -0.7433531 0.4378559 0.4045012 -0.7168598 0.5678828 0.1780548 -0.7236339 0.6668213 0.2072713 -0.7594461 0.6166687 0.02057611 -0.7392265 0.6731426 0.3164114 -0.9066878 0.2789286 -0.1110421 -0.8394461 0.5319774 -0.01947647 -0.7471951 0.6643194 0.003711462 -0.8071964 0.5902714 -0.03247475 -0.7305542 0.6820821 0.05171799 0.5524609 0.8319328 -0.1475797 0.988423 -0.03521645 -0.3970589 0.9162478 0.05323874 -0.1676221 0.5857297 0.792984 0.2729166 0.9611553 0.04119503 0.1842778 0.4294433 0.8840929 0.06130117 0.5944386 0.8018011 0.06130635 0.5944448 0.8017961 -0.138642 0.983047 0.1199874 -0.2203238 0.9754265 7.57724e-4 -0.01665169 0.9950534 -0.09793639 -0.1279144 0.9884912 -0.080765 -0.2139188 0.9744712 -0.06815361 -0.3008199 0.9518025 -0.05982923 0.05611288 0.9979618 0.03038918 -0.2161969 0.9566314 0.1952318 -0.06065553 0.9740071 0.2182457 -0.22812 0.8208959 0.5235373 0.04017007 0.9610196 0.2735469 0.2876212 0.9344217 0.2100719 0.3013087 0.9279756 0.2192591 -0.1371153 0.9871231 0.08238542 -0.00614959 0.9995117 -0.03063863 -0.08303672 0.995741 -0.04006189 0.2226417 0.9711078 -0.0859099 -0.05594283 0.9984051 -0.007599055 -0.3309985 0.9320876 -0.1471492 -0.2094618 0.9767191 -0.04632031 -0.1740651 0.9830685 -0.05725073 -0.353496 0.935167 0.02243191 -0.4703433 0.8813528 -0.04466021 0.2020521 0.6669085 0.7172225 -0.04382884 0.7980716 0.6009665 -0.009322047 0.9551956 0.2958288 -0.3626195 0.3160144 0.8767223 -0.3019903 0.5239244 0.7964328 -0.3363296 0.8580178 0.3881853 -0.1447064 0.8654938 0.4795631 -0.3260718 0.8889625 0.3215947 0.07108855 0.9953407 0.06514173 0.5000699 0.863349 0.06751757 0.4573104 0.8280436 0.3243628 -0.5028999 0.864167 -0.01752394 -0.3864793 0.9161023 0.1067261 -0.3093218 0.8879693 0.3403388 -0.4406459 0.8184572 0.3687263 -0.09768462 0.9918718 -0.08153712 0.1407893 0.9853783 -0.09595882 0.5828617 0.7847905 -0.2106572 0.2251644 0.9711865 -0.07808995 -0.7975559 0.6022307 -0.03496772 -0.2358186 0.9667139 -0.09926664 -0.76088 0.6108379 0.2189494 0.1375053 0.9207882 0.3650225 0.06661903 0.9604774 0.2702687 0.02922588 0.9987842 -0.03970092 -0.002536773 0.999625 -0.02726995 -6.11785e-4 0.970214 0.2422487 -0.05197018 0.9967995 0.06074374 0.4125862 0.9108345 0.0123769 0.4209542 0.9069033 0.01800554 0.2312383 -0.9721212 -0.03884965 0.4282318 -0.903451 0.01984751 0.4607443 -0.8619658 -0.2114937 -0.5608859 -0.8203555 -0.1114625 -0.4032147 -0.9133107 -0.05728679 -0.392559 -0.8962713 -0.2063866 -0.5353812 -0.8321945 -0.1442883 0.3448992 -0.9384998 -0.01621186 -0.456362 -0.8894196 -0.0258156 -0.4597879 -0.8853167 0.06935083 0.003121197 -0.9936771 -0.1122325 0.2722803 -0.9604862 -0.05770397 -0.024024 -0.9957334 -0.08909428 -0.02638095 -0.9758047 -0.2170467 0.1047165 -0.994478 0.006941556 -0.1789987 -0.9819597 -0.06095033 -0.18163 -0.9831207 0.022008 0.4081614 0.9120331 -0.04000151 0.6760819 0.7241687 0.135989 0.6720614 0.7288945 0.1305615 -0.3574165 0.9311763 0.07186323 0.1008415 0.9723436 0.2106632 0.07995301 0.99637 0.02923041 -0.05249035 0.9971413 -0.05435144 0.103461 0.9791297 0.1749309 0.3747435 0.9184843 0.1263089 0.2660022 -0.9593201 -0.0945934 0.1377695 -0.9832372 -0.1194332 0.1222717 -0.9859655 -0.1136742 -0.1946086 -0.9784405 -0.0691502 0.05703395 -0.9972179 -0.04799574 0.05612272 -0.9982961 0.01597642 0.2460314 -0.9663591 -0.07495886 -0.1823859 -0.9797105 -0.08308261 -0.2227598 -0.9725282 -0.0675804 0.2826594 0.9583771 0.04021239 0.6110959 0.7888975 -0.06482726 0.7445078 0.6646901 -0.06241142 0.8672454 0.4914457 -0.07979065 -0.5704641 0.7850635 -0.2413424 -0.5814905 0.8135346 -0.005515277 0.4191321 0.8669109 -0.2698032 0.6622549 0.6534012 -0.3667226 -0.424214 0.8804229 -0.2118917 -0.4040261 0.9144573 -0.02303981 -0.6865847 0.7220333 -0.0852608 -0.2100183 0.9605833 -0.1821315 -0.138482 0.9834503 -0.1168262 0.4612923 0.8872214 0.006906628 0.5650101 0.8200594 0.09091943 0.1528413 -0.9759781 -0.1552621 0.1628208 -0.9609367 0.2238084 -0.2534798 -0.9672012 -0.01642853 -0.2530845 -0.960848 0.1127807 0.3398379 -0.9375583 -0.07412719 0.4422934 -0.8941912 -0.06927257 -0.2931003 -0.9553977 -0.03616213 -0.3437057 -0.9388853 0.01899665 -0.5814365 -0.8135649 0.006612181 0.05036658 -0.9969875 0.05898427 0.03976529 -0.9769752 0.2096147 -0.1415675 -0.9805241 0.1361293 -0.09552359 -0.9848394 0.1447982 -0.08795398 -0.9605483 0.2638393 -0.01824212 -0.9848866 0.1722375 0.03039169 -0.9945809 -0.09942549 0.2032464 -0.9781732 -0.04322314 -0.1370157 -0.9905263 -0.009194374 0.2681071 0.9524806 -0.1445668 -0.5414326 0.8306366 0.129975 -0.5101939 0.8585821 -0.05038899 -0.3081687 0.924408 -0.2247263 0.1578302 0.8972033 0.4124513 -0.4101163 0.8942909 0.1790212 -0.5291161 0.703019 0.4751847 -0.01571291 0.9849067 0.1723718 0.1316947 0.9904143 -0.04166531 0.06444704 0.9964144 0.05481678 -0.03149724 0.9979198 0.05625039 -0.03190767 0.8939915 0.4469466 -0.1633496 0.8078921 0.5662396 -0.2158668 0.9666427 0.1378529 0.2678705 -0.8383222 0.4748277 0.2039511 -0.7694647 0.6052504 -0.1180436 -0.9017488 0.4158303 -0.05939942 -0.8087981 0.5850791 -0.114454 -0.8300056 0.5458855 0.04603815 -0.866186 0.4975966 0.04306781 -0.8350933 0.5484199 0.06024348 -0.9274809 0.3689849 0.03485876 -0.8178607 0.5743595 0.9939423 -0.05689615 0.0940296 0.934197 -0.01591408 0.3564026 -0.951739 -0.1464682 0.2697035 -0.9308888 -0.3563711 0.08028513 -0.9973737 -0.003154456 0.07235884 -0.9779015 0.01902669 0.2081988 0.5171712 -0.822506 0.236681 0.8199846 -0.4858931 0.3025444 -0.6274544 -0.7467857 0.2204817 -0.8620848 -0.4522466 0.228655 0.98996 -0.06845074 -0.1236675 0.9719884 -0.07167387 0.2238336 -0.9710964 -0.2106133 0.1123114 -0.9589062 -0.2760641 -0.06548076 0.6465721 -0.75756 0.08970856 0.8902695 -0.4296048 0.1511954 -0.7959692 -0.5895805 -0.1372148 -0.8716635 -0.4802466 0.09780561 0.9933385 0.02561038 0.1123511 0.9893738 -0.08445316 0.1183524 0.983821 0.1739164 0.04300415 -0.9589623 -0.2833059 0.01137059 -0.9706754 -0.2375977 -0.03656214 0.7712651 -0.6363 -0.01650822 0.7137883 -0.691627 0.1102645 -0.4951552 -0.8686791 0.01476007 -0.7631775 -0.6434177 -0.05978226 0.9377285 -0.2765341 -0.210224 -0.9592644 -0.2546216 -0.1223912 -0.9296091 -0.3079766 -0.2024291 0.709034 -0.6898296 -0.1463077 0.8940601 -0.4368394 -0.09913676 -0.5754388 -0.7841433 -0.2323566 0.8916227 -0.4228751 -0.1618207 0.9123239 -0.3282384 -0.2447952 0.918862 -0.3308799 -0.2149677 -0.8246481 -0.5164434 -0.2307419 -0.9799556 -0.07712554 0.1836811 0.8896141 -0.4552494 -0.03653508 0.4933435 -0.8422324 0.2173867 0.5193544 -0.8257045 -0.2201888 0.8849596 -0.4238433 -0.1928819 -0.6346583 -0.768024 -0.08572036 0.3655605 -0.7999683 0.4758324 0.5513393 -0.8263993 0.114409 -0.01778626 -0.8748201 0.4841214 -0.3145785 -0.8663372 0.3879437 0.8263647 0.5571683 0.08176183 0.5742834 0.7689547 0.2809043 -0.623252 0.7765378 0.09244555 0.9549623 0.2656694 0.1321631 0.8791133 0.2446944 0.4090043 -0.9104506 0.4090751 0.06113255 -0.8905487 0.3895997 0.2348092 0.8907781 0.4528976 0.03739273 0.9864805 0.04972809 -0.1561517 -0.7248647 0.6613831 0.1927266 -0.7268186 0.6719182 -0.1423403 0.904703 0.3428076 0.2529737 0.9118301 0.3312338 0.2425903 -0.9431374 0.2116887 0.2562809 -0.9758406 0.202995 -0.08079707 -0.8970751 0.4226866 0.1288117 0.802945 0.5870035 0.1034719 0.8754482 0.482034 -0.03512269 -0.8930908 0.4494785 0.01891714 -0.8915622 0.4461739 0.07775431 0.955026 0.2950696 0.02931284 0.9578804 0.2864326 0.02053302 -0.9861299 0.1313241 0.1014983 -0.8993607 0.4371353 0.007944941 0.838502 0.452965 -0.3028813 0.7711017 0.5758693 -0.2716189 -0.6821189 0.5932047 -0.4275768 -0.6916632 0.5763188 -0.4352686 -0.694885 0.685566 -0.217104 0.9410767 0.1846367 -0.2833445 -0.9561752 -0.250539 -0.1515232 -0.8902168 0.2379159 -0.3884715 0.244463 0.6601909 -0.7102013 0.5680941 0.7771342 -0.2707982 -0.6590392 0.5194551 0.543906 -0.6446316 0.7579191 -0.1000445 -0.5230939 0.3401569 0.7814514 -0.4140345 0.405487 0.8149576 0.5823374 0.2819433 0.76249 0.4511979 0.3849533 0.8051282 -0.7017549 0.2279142 0.6749779 -0.9605374 0.02761071 0.276777 0.4771347 -0.8422465 0.2509255 0.5625517 -0.7558531 0.3349952 -0.5004737 -0.8656964 0.009791791 0.8496194 -0.2025609 -0.4869458 0.08800005 -0.9127619 -0.3989008 0.6683555 -0.7358195 0.1089527 0.01397335 -0.9507915 -0.3095161 -0.3826096 -0.8979331 -0.2175457 -0.6640996 -0.5953657 -0.4522296 0.0760591 -0.9091444 -0.4094772 0.4941812 0.02698826 0.8689399 0.4644271 -0.5319953 0.7080173 0.7763711 -0.4650478 0.4254155 0.9014832 0.0203548 0.4323353 -0.8278391 -0.513271 0.226352 -0.4478713 -0.6208746 0.6433709 -0.6177381 -0.1739495 0.7669037 -0.8882191 -0.3988817 0.2279482 0.2196598 0.9023568 -0.3708125 0.290793 0.9307115 -0.2218464 -0.03026705 0.9715945 -0.2347086 -0.1273205 0.9765279 0.173732 -0.4488116 0.8935678 -0.01023292 0.4335494 0.8512593 0.2956223 0.6261186 0.7796552 0.01065605 -0.7572565 0.6529833 0.01325732 0.7218329 0.6896935 -0.05727255 0.5553735 0.8271534 -0.08589231 -0.9208675 0.3589908 0.1520816 -0.9038149 0.3884037 0.1796146 0.2339944 0.954843 -0.1830893 -0.07345622 0.9826421 -0.170349 -0.7264928 0.6869487 0.01759767 -0.4347603 0.8997404 -0.03808957 -0.4453865 0.89429 -0.04331624 0.9990419 -0.04019075 -0.01732397 0.9603785 -0.2552654 -0.11186 -0.7392486 -0.6723247 -0.03861343 -0.7144876 -0.699054 -0.02882844 -0.6588702 -0.7300058 0.1816087 -0.1933538 -0.97684 0.09163975 0.600279 -0.7962908 -0.0747404 0.3754622 -0.922864 -0.08573424 0.3309559 -0.9382958 -0.1003459 -0.162506 -0.9833074 -0.08184349 0.3627068 -0.9250138 0.1131073 0.03563541 -0.9990676 0.02437329 0.3472208 -0.9364728 -0.04956376 -0.07587903 -0.9905305 -0.1144199 0.01348918 -0.996299 0.08489048 0.3835122 -0.9230973 -0.02845919 0.747925 -0.6622782 -0.04467511 -0.1681944 -0.9839125 -0.06022459 -0.3546326 -0.9331832 0.05835127 0.9287376 0.3706802 0.006532013 0.9733834 0.2290868 -0.006633043 0.9858263 -0.1454877 0.08354634 -0.9515633 -0.2703418 0.1464332 0.5072365 0.6382606 0.5790809 0.812565 0.514804 0.2733407 -0.7092971 0.5993328 0.3710767 -0.941603 0.3150491 0.1188611 0.1099735 -0.5810574 0.8063983 0.09927189 -0.4377407 0.8936041 -0.1606043 -0.4301722 0.8883457 0.3703311 -0.5220143 0.7683464 0.3411397 -0.1259359 0.9315385 -0.3145071 -0.1536377 0.9367395 -0.2106283 -0.5651184 0.7976698 -0.2305032 -0.3220087 0.9182476 0.2507464 0.1454937 0.9570569 0.2724394 0.3469221 0.8974531 0.3377435 0.1577902 0.927918 0.2692337 0.3347584 0.9030228 -0.2494038 -0.1754773 0.9523684 -0.3710754 0.1346859 0.9187833 0.7792929 0.6262646 -0.02225589 0.9482265 0.316443 0.02702695 -0.9683939 0.1061192 0.2257256 -0.9881716 0.1031817 0.1134488 -0.2770795 0.9589641 -0.06012547 -0.1374607 0.9311257 0.3378009 0.2205824 -0.6837599 0.6955687 0.5660866 -0.6842409 0.4597396 -0.2559961 -0.9247901 0.2814773 -0.05030262 -0.9715833 0.2312914 0.325501 -0.49785 0.8038623 -0.393522 -0.4694143 0.7904371 -0.1989512 -0.6756249 0.7098939 0.4019684 0.02070748 0.9154194 0.3768735 0.06394493 0.9240549 -0.05322605 0.6729929 0.7377314 -0.3695819 0.5369484 0.7583506 0.1983199 -0.8204277 0.5362533 0.3489333 -0.874351 0.337277 0.1700056 -0.7487022 0.6407365 0.1479263 -0.7613247 0.6312706 0.1464357 -0.7264403 0.6714472 -0.01040005 -0.8038892 0.5946882 0.01212102 -0.8496767 0.5271648 -0.239484 -0.7313541 0.6385676 -0.07423448 -0.7092894 0.7009977 -0.1708555 -0.8106175 0.5600963 -0.5225554 0.8509334 -0.05336928 -0.1587495 0.658766 0.7354087 -0.02841347 0.615477 0.7876425 0.08840531 0.9534846 0.2881872 0.09312826 0.9858406 0.1394473 0.001792907 0.9476786 0.3192214 0.3331366 0.6274434 0.7038003 0.2212003 0.4270931 0.8767337 0.08326756 0.9771012 0.1958056 -0.05153155 0.9976015 0.04621595 -0.1590241 0.9835278 -0.08593249 0.001025319 0.9991787 0.04051065 -0.2453293 0.9466276 0.2090687 0.07099956 0.9801602 0.1850545 -0.3628283 0.9316294 0.02055126 -0.112944 0.9284684 0.3538223 -0.07782298 0.9953429 0.05688768 0.3487313 0.9335381 0.08302426 0.3396417 0.9364802 0.08745485 -0.2424391 0.9637385 0.1114972 -0.2397922 0.9680822 0.07291442 -0.05358821 0.9881805 -0.1436232 -0.2034406 0.9729656 -0.1093155 -0.3707216 0.8932083 -0.2544491 -0.4022747 0.9094783 0.1049969 -0.3891504 0.914062 -0.1142484 0.2353134 0.4442562 0.8644444 0.2614243 0.5611963 0.7853128 -0.08532887 0.9411177 0.3271338 -0.05026495 0.7909411 0.6098243 -0.4286347 0.2787572 0.8593992 -0.3319379 0.5016901 0.7988268 0.903388 0.2335579 -0.3596399 0.7300408 0.65795 -0.1847766 0.9575002 0.2776591 0.07809585 0.8448078 0.1341297 0.5179858 0.8279065 0.4735456 0.300542 0.5585131 0.8106563 0.1757827 0.4713242 0.8819243 -0.007952272 0.332352 0.943135 -0.006212413 0.7023456 0.6942455 0.1572705 0.9072302 -0.1437283 0.3953169 0.707121 -0.2652093 0.6554724 0.9119683 -0.3717628 0.1735119 -0.03421533 -0.2744935 0.9609801 0.2036776 0.8688209 0.4512935 -0.002868056 0.008853614 0.9999567 0.1618675 0.2114411 0.963894 0.08569937 -0.01765638 0.9961646 0.5839811 0.07837617 0.8079748 0.551043 -0.7945144 -0.2551447 0.03248089 -0.9403857 -0.3385555 0.6961192 0.5608049 -0.4482366 0.7488172 0.6407099 -0.1695985 0.9176645 0.3539932 -0.1805016 0.7100228 0.6748416 -0.2011381 0.7019709 0.695122 0.1550557 0.9876452 0.0658397 0.1422047 0.9362623 0.1636751 -0.3108431 0.9926486 -0.0119965 0.1204366 0.8988888 0.07105493 0.4323773 0.9600593 0.2195977 0.1733871 0.261582 0.9104877 -0.3202924 0.9764167 0.1341129 0.1691873 -0.2938078 0.9517093 -0.08903145 0.2771199 0.3094204 0.9096503 0.6498308 0.6207693 0.4385948 -0.04499989 0.6253593 0.7790384 0.7541683 0.6195188 -0.2177769 -0.2498197 0.9313958 -0.2647493 0.5144074 0.8420959 -0.1620483 -0.2064327 0.9718803 -0.1132884 0.7913565 0.5878416 -0.1679204 0.7177126 0.6769861 -0.1630293 0.6995332 0.6177189 0.3592724 0.5567367 0.8113809 0.1780604 0.1369944 0.835843 0.5316006 0.4049366 0.2588608 0.8769364 0.7315356 -0.3461748 0.5873828 0.8919981 0.06196105 0.4477725 0.7539336 -0.1226391 0.645402 0.9861034 0.162101 -0.03637915 0.9017839 0.1245894 0.4138397 -0.02443003 -0.3089489 0.9507648 0.006308317 0.4839494 0.8750733 0.5473898 0.1605094 0.8213411 0.5791201 -0.3791133 0.7217293 0.319943 0.2405089 0.9164017 0.7146621 -0.2259991 0.6619536 0.5191307 -0.3585651 0.7758445 0.05233031 0.1814844 0.9820005 0.1657596 0.9308197 0.3257278 0.154382 0.9324464 0.3266649 -0.1460911 0.8503714 -0.5054957 0.850402 0.442152 -0.2851632 0.9770525 0.1133936 -0.1803064 0.8535681 0.401888 -0.331523 0.8496024 0.336932 -0.4057744 0.9984278 -0.05498677 0.01088362 0.9889318 -0.08287411 -0.1230678 0.9914352 -0.07152235 0.1092736 0.8158802 0.4278307 -0.3889737 0.07165527 -0.416833 0.9061543 -0.1792296 -0.3881345 0.9040068 0.6223894 -0.05993115 0.7804101 0.5045003 -0.1777403 0.8449189 0.7322607 0.5421416 -0.4121612 0.9581944 0.1468744 -0.2455434 0.9601855 0.2699392 0.07194864 0.9766227 0.1325206 0.1692529 0.879567 0.2517719 0.4036992 0.8436876 0.2185537 0.4903321 0.6616062 0.3597581 0.6579145 0.5163593 0.4125072 0.7504738 0.04616284 0.3740346 0.9262652 0.4463302 0.8565859 -0.2589406 0.08717221 0.9745172 -0.2066815 0.6686863 0.03507179 0.7427172 0.6857342 0.5915015 0.4241397 0.6787074 0.1603799 0.7166831 0.1593866 0.7311033 0.6633883 0.3825145 0.7393811 -0.5540743 0.3370697 0.2612009 0.9045209 -0.1383147 0.9102861 -0.3901904 0.2684229 0.3295261 0.9051859 0.1668508 0.9627784 -0.2126467 0.5976693 -0.7961784 -0.09429478 0.75654 -0.6538888 0.008763968 0.8032719 -0.5842996 -0.1155351 0.2910618 0.8892272 -0.3529279 0.5933209 0.7721807 -0.2273919 0.7833693 -0.6214211 -0.01298487 0.6200093 -0.7570072 0.2062248 0.2496626 -0.8720942 0.420857 -0.1308677 0.6234814 0.7708078 -0.8981735 0.2346129 0.3718079 -0.7267479 0.6751737 0.1264044 -0.9101803 0.118656 -0.3968535 -0.9083279 0.1112555 -0.4031908 -0.9058405 0.1440417 -0.3983778 -0.9521099 0.2118536 -0.2204651 -0.1509815 0.8064956 0.5716376 -0.9147681 0.4010897 0.04823487 -0.3774376 -0.6489681 0.6605917 -0.9526601 -0.2727956 0.1342441 -0.9698696 -0.2376507 0.05362051 -0.7375027 -0.1775849 0.6515777 -0.8673372 -0.1446827 0.4762282 -0.1638222 -0.4120353 0.8963199 -0.3038113 0.7427811 0.5966365 -0.3925092 -0.8199465 -0.4166826 0.05980074 -0.9915786 -0.1148729 -0.1438048 0.9738255 0.1760232 -0.9911686 -0.1303447 0.02439182 -0.8876282 -0.4362946 -0.1475233 -0.7121467 -0.7016814 0.02214169 -0.9832776 -0.1534161 0.09812581 -0.9562968 -0.2871283 -0.05526089 -0.5451744 0.785869 -0.2918815 -0.8656592 -0.4934457 -0.08453184 -0.9847732 -0.03480386 -0.1703252 -0.7558659 0.1130112 0.6448994 -0.5482028 0.6058981 0.5765078 -0.7430161 0.5302469 0.4083693 -0.9183361 0.3874331 0.0809589 -0.9677974 -0.1727672 0.1830841 -0.7435478 0.5552151 -0.3726565 -0.9870024 0.04871457 -0.1531446 -0.8268883 0.499068 0.2592046 -0.7878369 0.6157555 0.01257723 -0.4674088 0.8368119 -0.2850878 0.1783026 0.9471445 -0.266694 -0.7817862 0.5287701 -0.3304733 -0.5936326 0.7473181 0.2985231 -0.8804438 0.2155977 -0.4222988 -0.7178565 0.6928279 -0.06834852 -0.9627656 0.2680846 -0.03483092 -0.8157636 -0.1189051 -0.5660313 -0.5806792 0.6759983 -0.4536938 -0.8762749 0.4341951 -0.2088467 -0.6308694 0.7671388 -0.1161983 -0.891355 0.4510208 0.04545706 -0.8683597 0.483888 0.1086457 -0.9787015 0.1793221 -0.099936 -0.5578001 -0.08666032 0.8254388 -0.7178435 -0.08401596 0.6911166 -0.4428427 -0.8893552 -0.1137447 -0.8259012 -0.5588161 0.07491207 -0.8986262 -0.368884 0.2374778 -0.9273318 0.2991026 0.2249299 -0.9451075 -0.1670491 0.2808319 -0.3232406 0.9060112 -0.2732386 -0.9745299 -0.04406195 0.2198863 -0.9137119 -0.1797419 0.3644497 -0.5881105 -0.3192195 0.7431184 -0.3064885 0.6718962 0.6742554 -0.08098924 -0.4026236 0.9117757 -0.4958943 -0.3424655 0.7980015 -0.4990901 0.6889619 0.5255859 -0.2497032 0.9644633 -0.08636552 -0.9612248 -0.06875282 0.2670583 -0.2712048 -0.238335 0.9325473 -0.6469042 -0.2143402 0.7318288 -0.3987262 -0.7542378 0.5216732 -0.1419709 0.1524289 0.9780642 0.03709125 -0.4550192 0.8897088 -0.5564445 -0.1627351 0.8147925 -0.5725876 -0.4143613 0.7074237 -0.4134712 -0.7450205 0.523437 -0.0627405 -0.9920513 -0.1090776 -0.2605549 -0.4875612 0.8333038 0.04191958 -0.6852647 0.7270867 -0.8252625 0.2889231 -0.4852477 -0.2484885 0.8379359 -0.4859187 -0.8672166 0.3827894 -0.3184458 -0.9243798 0.1946334 -0.3280851 -0.8853352 0.4649249 -0.005140066 -0.8896439 0.456428 -0.01440328 -0.9868035 0.05008703 -0.1539818 -0.4220782 0.8853555 0.1949245 -0.9725681 -0.2128861 0.09375911 -0.930025 -0.3161138 -0.1874182 -0.9035996 0.4273945 0.02901613 -0.7379333 -0.1812204 0.6500874 -0.878506 -0.4745974 -0.05463165 -0.5132327 0.7527937 0.412182 -0.1053193 -0.5652872 0.8181433 -0.3256453 -0.3723847 0.8690712 -0.7722795 0.568263 -0.2840102 -0.8144829 0.2331856 -0.5312647 -0.9527647 0.1694659 -0.2520332 -0.9902211 -0.1207984 0.06978553 -0.7634264 0.1681296 0.6236286 -0.7436345 0.3316478 0.5805321 -0.5806638 0.4748097 0.6613513 -0.4913823 0.32889 0.8064583 -0.3585771 0.5128279 0.7800192 -0.1591944 0.3824521 0.910158 -0.7943497 0.5056059 -0.3367065 -0.7036197 0.6234683 -0.3408909 -0.5903441 0.7436115 -0.3139044 -0.4997777 0.8048873 -0.3199667 -0.8453627 -0.5030936 0.1796077 -0.5251458 0.8047496 -0.2767674 -0.5828238 0.7044189 -0.4051055 -0.6332532 0.7678235 0.09714674 -0.621086 -0.3465692 0.7029524 -0.5087563 0.8300034 -0.2286077 -0.6390079 -0.6189805 -0.4566532 -0.4165038 0.8613612 0.2908293 -0.4229391 0.2496312 0.8710952 0.121048 -0.1811707 0.9759737 -0.5167267 -0.06332981 0.853805 -0.7288886 -0.6839487 0.0305888 -0.9271085 -0.3739281 -0.02544766 -0.2859376 -0.9457084 -0.1545162 0.1656814 -0.9492782 0.2672466 -0.2499042 -0.9240954 0.2891293 -0.3672062 -0.9016345 0.228506 -0.0791133 -0.9968583 0.003840446 -0.5216957 -0.7637169 0.3802237 -0.327182 -0.9195111 0.2178334 0.1632071 0.2432238 0.9561411 0.1991301 0.2098555 0.9572398 0.3290058 0.1305091 0.9352661 0.5501777 0.1594012 0.8196926 -0.07291454 0.2741653 0.9589145 -0.1439837 0.1296387 0.9810518 -0.4987981 0.218624 0.8386918 0.1955385 -0.3075255 0.9312319 0.6140862 -0.3414629 0.7115485 -0.2162325 0.2096489 0.9535675 -0.4175039 0.2950533 0.8594383 -0.07450413 0.4016693 0.9127491 -0.1424738 0.4285207 0.8922283 -0.2920105 0.2353115 0.9270159 -0.4324815 0.2520796 0.865688 -0.04104989 0.8126481 0.5813074 -0.177228 0.8043119 0.5671619 0.06890934 0.9822353 0.1745429 -0.09978276 0.4996599 0.8604554 -0.1543717 0.5988044 0.785877 -0.3618549 0.5399865 0.7599183 -0.4748384 0.7020933 0.530654 0.330103 0.2758487 0.90274 0.3222705 0.1397047 0.9362822 0.5995337 0.01157897 0.8002659 0.3367523 0.2321966 0.9125146 0.1414133 0.2134094 0.9666741 0.2801233 0.1087142 0.9537883 0.6685221 0.3162119 0.6731182 0.6931934 0.1301021 0.708912 0.06498545 0.1466673 0.9870491 0.01556986 0.2282066 0.9734882 0.0939399 0.1400575 0.985677 0.4300082 0.3214876 0.8436462 0.4610881 0.2364088 0.8552829 0.3035591 0.2655634 0.9150563 0.5193822 0.1498107 0.8413078 0.7203917 0.03632277 0.6926158 0.4377753 0.5182762 0.7346718 0.6949454 0.1979741 0.6912721 0.7054721 0.1524037 0.6921578 0.8558059 0.2028627 0.4758602 0.08471477 -0.9508758 0.2977564 0.8612508 -0.09469181 0.49928 0.8662381 -0.004666268 0.4996097 0.9228982 0.05895572 0.3805039 0.9227489 0.1686728 0.3465316 0.6659891 0.210907 0.7155255 0.630965 0.220232 0.743896 0.8206915 0.1802044 0.5422104 0.8475422 0.1315083 0.5141768 0.9559744 0.05147349 0.2889005 0.5840708 0.4983705 0.6406936 0.6829919 0.2135239 0.6985196 -0.2467706 0.3250666 0.9129272 -0.4918857 0.3395025 0.8017398 -0.7513114 0.1694177 0.6378315 -0.8711557 0.2121982 0.4427863 -0.6542888 0.5741691 0.4921748 -0.367999 0.3591133 0.8576797 -0.6037285 0.3882801 0.6962403 -0.7668735 0.1578221 0.622091 -0.4037007 0.3356587 0.8510929 -0.3651065 0.8759402 0.315319 -0.7971083 0.08860301 0.5973005 -0.4426607 0.846736 0.2951098 -0.3577168 0.2748046 0.8924803 -0.7006627 0.1646438 0.6942365 -0.8037795 0.1697846 0.5701858 -0.887558 -0.06166166 0.456551 -0.05370169 0.07453554 0.9957714 -0.3227159 -0.01415181 0.9463901 -0.3130377 -0.002253472 0.9497381 -0.2960556 -0.02531266 0.9548352 -0.05477356 0.1071763 0.9927302 -0.04611784 0.09006136 0.9948679 -0.103068 0.04851329 0.9934906 -0.1434741 0.1172956 0.9826785 0.005383253 0.08679991 0.9962113 -0.1813042 -0.1514292 0.9716986 -0.227431 0.1366066 0.9641649 -0.3521699 -0.1203191 0.9281701 -0.7777321 0.0464316 0.6268789 -0.249881 0.1096485 0.9620482 -0.457099 -0.04855883 0.8880893 -0.6467254 -0.1703884 0.7434474 -0.7786777 -0.1039714 0.6187497 -0.3546419 -0.02464556 0.9346774 -0.7423165 0.30685 0.5956587 -0.7358129 0.356777 0.5755776 -0.7731838 0.4933412 0.3984991 -0.8004471 0.0737344 0.5948511 -0.8017511 0.07061415 0.593472 -0.8681207 0.1745567 0.4646465 -0.964966 -0.05899512 0.2556565 -0.9089614 -0.05225068 0.4135928 -0.9478328 -0.3014546 0.1036252 -0.2103442 0.7971518 0.5659544 -0.2507244 0.8467034 0.4692873 0.5516476 0.8331469 -0.03938376 -0.9955029 -0.001465559 0.09471976 -0.8635689 0.4974662 0.08231812 -0.8581879 0.4840946 0.1707811 -0.129165 0.1216146 0.9841373 -0.09549349 0.1492956 0.9841706 -0.1056748 0.01114267 0.9943383 -0.2581172 -0.07301115 0.9633508 -0.2349128 0.8657845 0.4418519 0.2822527 0.9456958 0.1612239 -0.9524075 -0.1837926 0.2431879 -0.967132 -0.2336879 0.1002288 -0.8912276 0.07350474 0.4475609 -0.9747798 -0.2080425 -0.08076357 -0.6849782 0.1438391 0.7142235 -0.8675508 -0.1222382 0.4820927 0.3021923 0.4644094 0.8324684 0.4325564 0.5506022 0.7139554 0.6647824 0.4980565 0.55678 0.003153622 0.679502 0.7336669 0.1956668 0.7565167 0.6240168 0.2487038 0.7701218 0.5874172 -0.003589451 0.6617586 0.7497085 -0.1212385 0.8890092 0.4415471 0.1042905 0.8611816 0.4974835 -0.6879252 0.1242777 0.7150623 -0.7789137 0.0804916 0.6219443 -0.790142 -0.6085618 0.07299524 -0.8387033 -0.3480111 0.4188856 -0.7471532 0.342792 0.5694345 -0.7184084 0.1768594 0.6727631 -0.1670827 -0.9848058 -0.04733788 -0.7449294 -0.257501 0.6154457 -0.8264042 -0.2197231 0.518438 -0.8935205 -0.1904051 0.4066537 -0.6029686 -0.3291217 0.7267102 -0.5970153 -0.09892725 0.7961069 -0.6034258 -0.06653106 0.7946389 -0.6219477 -0.1491905 0.7687155 -0.6557957 -0.1985458 0.7283624 -0.3021185 0.1306159 0.9442796 -0.1745024 0.1406931 0.9745535 0.7614057 0.0911144 0.6418408 0.6850002 0.1635094 0.7099574 0.7883931 0.2948448 0.53991 0.8831634 -0.190721 0.4285418 0.9144181 0.03747177 0.4030327 0.9036136 0.01719176 0.4280036 -0.1077544 0.7754703 0.6221213 0.06452304 0.8964123 0.4384996 0.0791096 0.7226161 0.686708 0.159564 0.8002861 0.5779979 0.09979671 0.7942417 0.5993505 0.8434396 0.10898 0.5260542 0.8883413 0.143668 0.4361298 0.9355779 0.09582757 0.3398692 0.3022698 -0.8872581 0.3484337 0.8519328 -0.4381499 0.2867667 0.7014937 -0.6764283 -0.2243912 0.7452374 0.1970047 0.6370325 0.9510871 0.05508238 0.3039727 0.9296997 0.2826749 0.2361217 0.7509942 0.1383822 0.6456456 0.877085 0.1064167 0.4683989 0.8918295 0.3121312 0.327436 0.9589398 0.1915709 0.2091293 0.9598748 0.2764417 0.04712074 -0.9026246 -0.0475111 0.4277986 -0.9541068 -0.09546136 0.2838444 -0.9251781 -0.1748265 0.33687 -0.366324 0.8506686 0.3770543 0.1213177 0.91886 0.3754711 -0.2233664 0.9298508 0.2923783 -0.04546678 0.9813946 -0.1865409 0.2669969 0.8142844 0.515416 -0.03253221 0.9940846 0.1036221 -0.09352499 0.9327787 0.3481048 0.2316061 0.886276 0.4010905 0.1818081 0.8976411 0.40148 0.1848585 0.8998576 0.3950742 0.1990278 0.9053872 0.3750494 -0.1560242 0.5930968 0.7898688 0.4459156 0.8678105 0.2192359 0.6425513 0.7549344 0.1311563 0.7284206 0.682826 0.05614584 0.582913 0.800247 -0.1407734 -0.3119484 -0.1630646 0.9360012 -0.4654446 -0.2778615 0.8403299 -0.349317 -0.309749 0.8843264 0.4939768 0.08603334 0.8652082 -0.6401848 -0.756441 -0.1340169 -0.8387528 -0.353248 0.4143788 -0.6138898 -0.7621396 0.2056277 0.9780833 0.04679 0.2028887 0.9684139 -0.02659815 -0.247926 0.9550855 0.04751479 0.2924965 0.9585389 0.0501554 0.2805133 0.9598541 0.04394078 0.2770372 0.9038223 -0.01437163 0.4276668 0.9892731 -0.04798948 -0.1379698 0.9919053 -0.1233901 -0.02997893 0.9957552 -0.08642035 -0.03167271 0.9602885 -0.2541089 0.1152157 -0.9723773 -0.184567 0.1428898 -0.9856304 -0.0711807 0.1531864 0.7617518 0.6169624 -0.1977166 0.7210782 -0.1345305 0.6796674 0.9761313 0.07904845 -0.2022846 0.7069879 -0.4291729 0.5621199 0.9821011 0.1155978 0.1487101 0.7144768 -0.4098266 0.5670672 0.2819699 -0.4697574 0.836553 0.6261578 -0.4900223 0.606469 0.1572568 -0.8824564 0.4433294 0.842351 -0.3031377 0.4455921 0.826965 -0.4323961 0.3593919 -0.8075426 0.470339 0.3558878 -0.8500564 0.4337313 -0.2988001 -0.9494574 0.1428826 -0.2794912 0.8146843 0.559719 -0.1516717 0.8274039 0.5345696 -0.1721577 0.9048926 0.3811429 -0.1894717 -0.1167379 0.5672071 0.8152597 -0.8483679 0.4752972 0.2331621 -0.7869359 0.5939416 -0.1672284 -0.7865558 0.5453635 -0.2896701 -0.7907403 0.5319137 -0.3029815 0.5454233 0.8272114 -0.1350365 0.613273 0.7700412 -0.1758775 0.1755619 0.9670555 0.1843417 0.459123 0.8722059 -0.1687104 0.9192821 0.1000731 0.3806648 0.9708814 0.1245354 0.2046469 0.9131191 -0.4028465 0.06267637 0.5890952 0.2882188 0.7549151 0.5831776 0.6685051 0.4615246 0.5595642 0.722524 0.4060136 0.3580083 0.347975 0.8664547 0.6105133 0.2431565 0.7537563 0.687587 0.1604847 0.7081446 0.1952946 0.2471754 0.9490861 0.07359725 0.5593976 0.8256257 0.3875472 0.8599234 0.3321734 -0.06366163 -0.4608333 0.8852005 -0.4952971 -0.1391261 0.8575108 -0.05547678 0.1863857 0.9809092 -0.8714988 -0.4880862 -0.04756039 -0.5989108 0.2760024 0.7517504 -0.8189538 -0.3992212 -0.4122345 -0.7034179 0.3410931 0.6235855 -0.7620495 0.5526461 0.337436 -0.9355995 0.3512598 0.03564095 -0.02216434 0.4399044 0.8977711 -0.6245553 0.4289212 0.6526541 0.1060739 0.4589428 0.882111 -0.05926275 0.3641997 0.9294335 -0.4532463 0.238475 0.8588931 0.5887874 0.7643808 0.2627764 0.5160968 0.8466003 0.1300463 0.4375599 0.8970091 -0.06257861 0.4981638 0.8194537 -0.283423 -0.5343303 0.7620962 -0.365651 -0.4043167 0.7677853 -0.497025 -0.9935032 -0.1082029 0.03526455 -0.8986893 0.1077989 -0.4251316 0.04378414 -0.8235406 0.5655652 0.05931872 0.9905915 -0.1233284 0.6185163 0.6026987 0.5041746 0.5343446 0.7878324 -0.3062617 0.680591 0.1944316 0.7063938 0.8231135 0.4813896 0.3012447 -0.05673521 0.9982595 0.01609766 0.7252108 0.6704466 -0.1567505 0.3201916 0.9473029 0.009722709 -0.06149667 0.8535376 0.5173894 0.7111126 0.1237756 0.6920972 0.2961452 -0.8147861 -0.4984194 0.9583593 0.2445366 -0.1474766 0.2209628 0.2588608 0.9403014 0.6794524 0.2705265 0.6820263 0.7443255 0.6632686 0.07781004 -0.1124626 0.9812859 0.1563017 0.9690808 0.1903324 -0.1570228 0.9403951 0.134314 -0.3124371 0.9822595 -0.004687786 0.1874689 0.9924332 -0.01029115 0.1223541 0.9350349 0.2236723 -0.2751011 0.9939784 0.03016954 0.1053412 0.9916087 -0.1219252 0.04297065 0.91154 0.157397 -0.3798962 0.2475484 0.9173175 -0.311847 0.9593377 0.2422979 -0.1447864 0.6782956 0.3297328 0.6566517 0.01622247 0.3949756 0.9185484 0.6296007 0.6944066 -0.3484285 0.6733292 0.2029017 0.7109562 0.9449113 -0.2959306 0.1398852 0.2743999 0.7311211 0.6246333 0.6041033 0.716646 0.3485367 0.9346899 0.2050092 -0.2903895 0.9802147 0.1906671 -0.053155 0.1479809 0.791109 0.593505 0.553085 0.7826843 -0.2854863 -0.3567113 0.8902636 -0.2831748 0.5085844 0.7771663 -0.3706138 0.9610812 0.2487013 0.1202936 0.003489375 0.9999938 -6.69122e-4 0.7920546 0.5860462 -0.170878 0.8588309 0.512199 0.007858574 -0.0321123 0.1062127 0.9938248 0.8842978 -0.4205702 0.2028256 0.9951981 0.01368343 0.09692066 0.9649501 -0.03211361 0.2604613 0.9902247 -0.03405898 0.1352592 0.2210716 0.9397696 -0.2606924 0.2068791 0.9157054 -0.3445066 0.2263979 -0.3842298 0.8950483 0.2247013 0.9389313 0.2606095 -0.3874319 0.1148045 0.914722 0.0684964 0.9964358 0.04923349 0.1024513 0.2153575 0.9711462 0.7711743 -0.05019026 0.6346425 0.485228 -0.3574743 0.7979761 -0.01627385 0.272163 0.9621136 0.8504546 -0.3218791 0.416078 0.8739677 -0.2712241 0.4032593 0.5603942 -0.7799855 -0.2785338 0.9008048 0.3169376 -0.2968186 0.3507515 0.9076437 0.2305567 0.9752672 0.0387265 0.2176098 0.9825202 -0.1045092 -0.1540517 0.9894627 -0.1438024 0.01687145 0.9865073 -0.1383426 0.08754926 0.8527147 0.2310891 0.4684823 -0.1975177 -0.05941492 0.9784972 0.1201267 -0.4622656 0.8785671 0.7199546 -0.4063244 0.562642 0.3856158 0.866372 -0.3173327 0.8977247 0.2511861 -0.3619336 0.9775073 -0.2098106 -0.02142536 0.8938513 0.3964881 -0.2093493 0.9946392 0.092633 0.04595959 0.6998525 0.2231258 0.6785435 0.05829274 0.5458241 0.8358696 0.03134369 0.5387315 0.8418943 0.2512184 0.9357663 -0.2474486 0.2990644 0.949384 -0.09607625 0.6070601 -0.7338956 -0.3047543 0.4621838 0.8670067 -0.1862406 0.6787911 0.04623448 0.7328746 0.4135346 0.02748054 0.9100736 0.4000587 0.6589189 0.6370078 0.04101228 0.8758127 0.4809058 0.2885993 0.8319851 -0.4738261 0.203078 -0.08016508 0.9758755 0.2336987 -0.248606 0.9399894 0.425117 0.8745328 -0.2333838 0.2012119 0.1512029 0.9678076 0.6171561 -0.7844075 -0.06183379 0.354954 -0.9343181 0.03251928 0.7240498 -0.673875 -0.1471203 0.7930541 -0.6055225 -0.06639266 0.3283323 -0.8023736 0.4983922 0.5907449 -0.7561193 0.2816097 -0.9932644 -0.06589347 0.09530919 -0.9989876 0.0340628 -0.02938616 -0.7177995 0.5755708 -0.3917681 -0.1188143 0.6183432 0.776875 -0.6056451 0.7934927 0.05969566 -0.8364901 0.4956762 0.2336441 -0.2011888 0.1063553 0.9737616 -0.8486909 -0.09070813 0.5210526 -0.917819 -0.1154888 0.37983 -0.4661783 0.7280092 0.5026733 -0.2379794 -0.9707275 0.03246527 -0.6329269 -0.18198 0.7525203 -0.9440551 -0.09201329 -0.3166913 -0.5976403 -0.6648718 -0.4480754 -0.1019837 -0.9686288 -0.2266226 -0.5445808 -0.7860019 -0.2926311 -0.9225488 0.1532768 -0.3541328 -0.991727 -0.1275256 0.01465755 -0.9697664 -0.1312541 -0.2057321 -0.9657741 -0.1310744 0.2238306 -0.931472 -0.3631877 -0.02132344 -0.9803382 -0.1625347 -0.1118908 -0.9694311 -0.08971726 -0.2283733 -0.9940148 0.0674113 -0.08596724 -0.8055763 0.5275755 -0.2696499 -0.9892907 -0.08946186 0.1153275 -0.9888849 -0.09035766 0.1180772 -0.9583527 0.001621127 0.285583 0.1003761 0.9949496 9.76494e-5 -0.8349224 0.4855425 0.2591391 -0.706395 0.6481611 0.2844178 0.05105233 0.9662357 -0.2525517 -0.03110414 0.7294991 -0.6832742 -0.9866627 -0.03974169 0.1578524 -0.06208932 0.9946211 -0.08290898 -0.8577271 0.4620904 -0.2253372 -0.6394221 0.7620881 -0.1017903 -0.9482539 0.1447167 0.282616 -0.76211 0.009552121 0.6473773 -0.3165695 -0.9480704 0.0307613 -0.520852 -0.7578743 0.3928612 -0.7874134 -0.6152498 -0.03805142 -0.9350593 -0.2761931 0.2222198 -0.9779863 -0.1619028 0.1316448 -0.6373205 -0.6728296 0.3756634 -0.9453335 -0.2444267 0.2158707 -0.3652133 0.9012691 -0.2330953 -0.9928781 -0.0440005 -0.1107118 -0.2776473 0.9307287 -0.2380259 -0.9607563 -0.144379 0.2368589 -0.7731956 -0.1850302 0.6065743 0.4046583 -0.3198756 0.8566979 -0.17407 -0.3893023 0.9045128 -0.4844335 0.8261017 0.2878894 0.2056671 0.09852212 0.9736501 0.07983279 0.07016497 0.9943358 -0.1093339 0.1287873 0.9856268 -0.9824417 -0.02340358 -0.1850963 -0.7706895 0.0508517 0.6351786 -0.3426928 0.2292584 0.9110447 -0.2848781 0.1333894 0.9492375 -0.8330873 0.02117151 0.5527364 -0.8350112 -0.22327 0.5028985 -0.1678268 -0.5332404 0.8291494 0.3871704 -0.903287 -0.184856 -0.07529151 -0.569251 0.8187091 -0.9603758 0.1480954 -0.2361064 -0.3183065 0.7979785 -0.5117729 -0.9785642 0.007642507 0.2058005 -0.2592272 0.9513936 0.1662877 -0.3072727 0.9445914 0.115458 -0.9684554 -0.2475094 -0.02886915 -0.9578757 -0.278642 0.06951951 -0.009119391 -0.3983868 0.9171722 -0.9718875 -0.1995682 0.1249288 -0.4072536 0.03017997 0.9128164 -0.4917684 -0.4751527 0.7296532 -0.8761382 0.2636879 -0.4035475 -0.9162533 0.06808537 -0.3947712 -0.9942323 5.08649e-4 -0.1072468 -0.909336 -0.04216533 0.4139207 -0.7664137 0.2532444 0.5903198 -0.8320235 0.186932 0.5222963 -0.4779461 0.4299581 0.7659657 -0.1338215 0.3870413 0.9122998 -0.1095035 0.3721725 0.9216815 -0.7240331 0.5917934 -0.3543398 -0.603757 0.7262364 -0.3287224 -0.3166161 0.9303185 -0.1850994 -0.5324906 0.841937 -0.0871551 -0.5476427 0.7844023 -0.2912059 -0.6851525 0.7132189 0.1479352 -0.6040083 0.2596512 0.7534955 -0.7376824 0.5359996 0.4105232 -0.675179 0.7162163 0.1765432 -0.5944293 -0.7040774 -0.3884958 -0.5988743 0.7005568 -0.3880333 -0.5958161 0.728742 -0.3375476 -0.1723449 -0.4903834 0.854296 -0.3423822 0.8564063 0.3864489 -0.3614364 0.6790311 -0.6389682 0.06286644 -0.5290074 0.8462855 -0.3941908 0.8930357 -0.2170277 -0.7993736 -0.6007353 -0.01090556 -0.6662024 -0.7384115 -0.1045128 -0.7018065 -0.7070994 0.08647567 -0.7581773 -0.6519289 0.01248353 -0.9707449 -0.1904627 -0.1462133 -0.3391622 0.5936766 0.7297377 0.1854313 -0.9413875 0.281789 -0.221185 -0.9394848 0.2616211 -0.4696818 -0.8575731 -0.2096843 0.1736568 0.25133 0.9521957 0.2597346 0.2198174 0.9403288 0.4481109 0.206991 0.8696847 0.5124028 0.1174742 0.8506723 0.03616964 0.2461336 0.9685608 -0.112233 0.1140714 0.9871128 0.1366838 -0.4111354 0.9012687 0.7140246 0.0564686 0.6978397 -0.04068231 0.09439408 0.9947034 -0.2783613 0.1467854 0.949194 -0.3079997 0.168523 0.936342 -0.4042217 -0.168946 0.8989228 -0.06715762 0.4345677 0.8981319 -0.1771837 0.2518345 0.9514124 -0.3062696 0.1915766 0.9324685 -0.4555603 0.198284 0.8678411 -0.252748 0.9657131 -0.05930203 -0.06995147 0.8725285 0.4835297 -0.1228624 0.4800209 0.8686109 -0.340412 0.6275054 0.7002547 -0.5371558 0.5394164 0.6484547 0.3367493 0.2878676 0.8965111 0.3385218 0.2734138 0.9003599 0.6612178 0.2826155 0.6949241 0.6229047 0.3575561 0.6958042 0.3742702 0.2570214 0.8909893 0.2250787 0.313722 0.9224523 0.6052716 0.3731855 0.7031208 0.6339615 0.1947684 0.7484372 0.6735566 0.1960206 0.7126693 0.7755806 0.1674917 0.6086225 0.1439048 0.1865622 0.9718466 0.04047596 0.2300374 0.9723397 0.5293505 0.2305133 0.8164874 0.3513683 0.2408404 0.9047299 0.3191703 0.2001954 0.926311 0.650797 0.2503778 0.7167806 0.5061969 0.3646067 0.7815542 0.6951907 0.3105726 0.6482704 0.5668064 0.3449963 0.7481365 0.7098431 0.1387094 0.6905668 0.6571398 0.5199043 0.5457718 0.857535 0.1730328 0.4844516 0.7556203 -0.1963656 0.6248829 0.8178731 0.2839072 0.5004802 0.8356038 0.1126084 0.5376668 0.8741342 0.1286433 0.4683378 0.9394558 0.08645856 0.3315838 0.6669601 0.2056152 0.7161611 0.4752512 0.7328854 0.4868422 0.4749977 0.6384079 0.6056506 0.8440545 0.1456764 0.5160914 0.9136415 0.1842403 0.362374 0.6713249 0.3831911 0.634419 0.8031943 0.3376851 0.4907626 0.652131 0.3193446 0.687564 -0.2780719 0.43169 0.8580908 -0.4859964 0.2420309 0.839779 -0.7734485 0.2895849 0.5638421 -0.3574261 0.1695636 0.9184198 -0.7461426 0.09430998 0.6590728 -0.8231682 -0.2256769 0.5210222 -0.6640707 0.51107 0.5457267 -0.7334764 0.3931983 0.5544435 -0.715839 0.633671 0.2933183 -0.4429922 0.3573528 0.822227 -0.4064888 0.2214469 0.886413 -0.7003176 0.1636744 0.6948137 -0.8488111 0.04766237 0.5265435 -0.9005531 0.06349891 0.4300839 0.1920232 0.1807147 0.9646084 0.1253272 0.1343365 0.9829786 -0.07297742 0.1470903 0.9864273 -0.249265 -0.01939713 0.9682411 0.05466085 0.153174 0.9866864 -0.05186831 0.08722811 0.9948372 -0.06338638 0.1320028 0.9892207 -0.4440591 -0.1063942 0.8896583 -0.04261881 -0.02090787 0.9988727 -0.1676896 0.1407284 0.9757437 -0.2093815 0.06245791 0.9758374 -0.3218419 -0.1345468 0.9371846 -0.25559 0.1120587 0.9602691 -0.4285609 -0.07125228 0.900699 -0.6509699 -0.1034889 0.7520162 -0.7737181 -0.277079 0.569726 -0.3308997 0.1255846 0.9352722 -0.7639765 0.0778827 0.6405267 -0.8964294 -0.1260614 0.4248799 -0.4212598 -0.2169523 0.8806087 -0.803973 0.2838961 0.5225232 -0.8164748 0.4185768 0.3976966 -0.843906 -0.007591545 0.5364375 -0.9925295 -0.09815037 0.07246947 -0.9772902 -0.1641798 0.1339735 -0.8738163 -0.003711283 0.4862422 -0.8991815 0.1651913 0.405197 -0.6375818 -0.3319428 -0.6952003 -0.4074005 0.6744201 0.6157779 -0.7762884 0.5350906 0.3332483 0.5675298 0.8231447 -0.01851612 -0.8059316 0.2110992 0.5530927 -0.8964597 0.4396897 0.05507493 -0.9569103 0.2086505 -0.2019599 -0.1561031 0.1159882 0.980907 -0.1291748 0.1447588 0.9809989 -0.147253 0.04571205 0.988042 0.02478122 -0.5031871 0.8638222 0.1502222 0.8766193 0.4571346 0.1644443 0.9426987 0.2903054 -0.9731733 -0.1759175 0.1482794 -0.9812276 -0.1874152 0.04547476 -0.8334387 0.06187051 0.5491374 -0.9848235 -0.03212821 0.1705594 -0.9555032 -0.1396135 0.2598497 -0.5638923 -0.03309947 0.8251849 -0.7723892 -0.03642964 0.6341041 -0.8901497 -0.05908721 0.4518212 0.06955373 0.6112979 0.7883384 0.3310409 0.4247502 0.8426145 0.4245281 0.555153 0.715249 0.5527077 0.6007059 0.577639 8.02441e-4 0.6877337 0.7259627 0.1754478 0.7680513 0.6158859 0.1690459 0.8279745 0.5346792 -0.1016458 0.7279292 0.6780762 -0.09675192 0.8751051 0.4741626 -0.5656948 0.4456728 0.6938049 -0.7293283 -0.2271537 0.6453538 -0.8293138 -0.2124865 0.5168058 -0.9166064 -0.1091201 0.3846108 -0.4621308 -0.1877034 0.8667194 -0.4387373 -0.07181698 0.8957411 -0.6477926 -0.1350803 0.7497454 -0.651146 -0.2140918 0.7281303 -0.7510501 -0.2415585 0.61447 -0.4399688 0.06550467 0.8956208 -0.30181 0.1270426 0.9448656 0.7695392 0.1310085 0.625017 0.664083 0.4303985 0.6113518 0.813669 0.2015425 0.5452739 0.914644 0.03558719 0.4026911 -0.4071689 0.8152581 0.4117862 0.03108114 0.9172251 0.3971552 0.08102816 0.808733 0.5825681 0.2517348 0.7207125 0.6459127 0.07674306 0.8256738 0.5589037 0.809711 0.2252532 0.5418757 0.8948022 0.07314819 0.4404299 0.8768732 0.3186112 0.3599727 0.5192268 -0.8467518 0.1158236 0.3887521 0.7714636 0.503702 0.822283 0.1718692 0.5425052 0.9916319 -0.06458812 0.1117797 0.5798133 0.3693804 0.7262057 0.8360299 0.4233052 0.3490942 0.9014456 0.4328919 7.27293e-4 -0.9643726 -0.087713 0.2495833 -0.8801158 -0.1803408 0.4391738 -0.9548515 -0.07813113 0.2866257 -0.9014263 -0.1875997 0.3901755 -0.4584572 0.8384006 0.2947909 0.2352734 0.8086704 0.5391647 0.1357846 0.6102459 0.7804887 -0.5984449 0.7955785 0.09443897 -0.2644027 0.9431346 0.201466 0.05482667 0.995507 -0.07720029 -0.1417576 0.971944 0.1876956 0.3256856 0.9441455 0.0501818 -0.03277152 0.9116703 0.4096137 -0.2046018 0.9576247 0.2027143 0.1783436 0.9129985 0.3669161 0.2885231 0.6720893 0.6819461 0.1662408 0.3759171 0.9116196 -0.07626128 0.8091171 0.5826781 0.2991756 0.9257114 0.2314141 0.560307 0.8178542 0.1310367 0.6608967 0.7446463 0.09336775 0.7223593 0.6687772 -0.1758815 -0.08996468 -0.445549 0.8907259 -0.4585001 -0.4694185 0.7546019 0.2701385 0.1655918 0.9484748 -0.8155484 -0.5686156 0.107505 -0.7073411 -0.6935191 -0.1367481 -0.2958053 -0.8212641 0.4878776 0.9933063 -0.01532399 0.114489 0.9021537 0.09527748 0.4207621 0.956585 0.03880804 0.2888582 0.9444266 0.005566298 0.3286754 0.9995529 -0.02982282 0.002200186 0.9339293 -0.2282048 0.2751341 -0.9121457 -0.1616276 0.3766521 -0.9896372 -0.1124938 0.08923828 -0.9542531 -0.03107875 0.2973803 -0.9917601 -0.06572735 0.1099624 0.9076026 0.3439016 -0.2408097 0.7921602 0.3618535 0.4914715 0.8110952 -0.4164347 0.4107394 0.9706954 0.1666373 0.1731543 0.9634784 0.2101848 0.1659269 0.7821748 -0.4000783 0.4776402 0.7468888 -0.458931 0.4811854 0.7021666 -0.4981558 0.5087268 0.186942 -0.5540381 0.8112303 -0.01841729 -0.8334196 0.5523338 0.7866761 -0.377562 0.4884545 0.7553224 -0.4898223 0.4353874 -0.9118247 0.2166023 0.3487971 -0.9347155 0.2080312 -0.2881491 0.8021944 0.576777 -0.1543131 0.7969401 0.546102 -0.2581841 0.827488 0.4927985 -0.2690972 -0.4086719 0.8009511 0.4375668 -0.3369586 0.9120507 -0.2337145 -0.8355748 0.4361252 -0.3340801 0.5546324 0.8016467 -0.2230371 0.5147692 0.8164412 -0.2616038 -0.3591489 0.9332625 0.005772113 0.1159825 0.9622489 -0.2462218 0.267493 0.9186906 -0.2906118 0.9600951 0.1061439 0.2587488 0.9188012 0.09508597 0.3830968 0.9451979 0.1044155 0.3093516 0.7366 0.2046326 0.6446286 0.5218206 0.7200275 0.4574537 0.8280249 0.3610926 0.428937 0.3516237 0.3767386 0.8569883 0.6101024 0.2424969 0.7543013 0.6716967 0.534674 0.5127839 0.4036933 0.5842585 0.7040411 0.5554431 0.6937352 0.4584917 0.004095375 -0.4955812 0.868552 0.1154251 -0.469382 0.8754187 0.01475846 -0.6626995 0.74874 -0.2250857 -0.7711776 0.5955011 -0.3369839 -0.06480205 0.9392777 -0.8381897 -0.526618 -0.1418159 -0.8669149 -0.497989 0.02158164 -0.7637918 -0.5504388 -0.3371043 -0.9824302 -0.1865074 -0.006788372 -0.9236003 -0.3775599 0.06641739 -0.9699889 -0.2380058 -0.04974693 -0.7907755 -0.5260062 0.3130364 -0.5900538 -0.07762753 0.8036234 -0.8044102 0.2024576 0.5585116 -0.9521463 -0.2885358 0.1008195 0.04604405 0.3520341 0.934854 -0.2012825 0.01098865 0.9794717 -0.3543394 -0.1983124 0.9138467 -0.6296198 -0.5273228 0.5705345 0.06748801 0.9337276 0.3515651 0.5088233 0.8396429 0.1899967 0.3740764 0.8621361 -0.3417432 0.4615734 0.7976379 -0.3882318 -0.2359476 0.931634 -0.2763816 -0.7104341 -0.4419875 -0.5476592 -0.7968494 -0.4414897 -0.4124537 -0.6617249 -0.7136828 -0.2297324 -0.9638076 -0.2535341 -0.08243501</float_array>
          <technique_common>
            <accessor source="#Person_Standing_Simple-mesh-normals-array" count="7063" stride="3">
              <param name="X" type="float"/>
              <param name="Y" type="float"/>
              <param name="Z" type="float"/>
            </accessor>
          </technique_common>
        </source>
        <vertices id="Person_Standing_Simple-mesh-vertices">
          <input semantic="POSITION" source="#Person_Standing_Simple-mesh-positions"/>
        </vertices>
        <triangles material="Tan-material" count="4735">
          <input semantic="VERTEX" source="#Person_Standing_Simple-mesh-vertices" offset="0"/>
          <input semantic="NORMAL" source="#Person_Standing_Simple-mesh-normals" offset="1"/>
          <p>0 0 1 0 2 0 3 1 0 1 2 1 4 2 0 2 3 2 5 3 4 3 6 3 7 4 8 4 9 4 10 5 2 5 1 5 8 6 5 6 6 6 11 7 10 7 12 7 13 8 11 8 12 8 14 9 15 9 13 9 10 10 11 10 16 10 17 11 2 11 16 11 18 12 19 12 17 12 19 13 18 13 20 13 21 14 17 14 16 14 20 15 6 15 19 15 22 16 23 16 21 16 16 17 22 17 21 17 24 18 25 18 26 18 27 19 15 19 28 19 29 20 30 20 31 20 31 21 32 21 33 21 34 22 35 22 33 22 31 23 36 23 29 23 37 24 29 24 36 24 36 25 31 25 33 25 38 26 35 26 34 26 39 27 40 27 41 27 42 28 43 28 44 28 44 29 40 29 45 29 46 30 47 30 48 30 43 31 41 31 40 31 43 32 40 32 44 32 47 33 49 33 50 33 51 34 52 34 45 34 53 35 39 35 50 35 39 36 53 36 54 36 55 37 56 37 49 37 53 38 56 38 57 38 52 39 58 39 59 39 58 40 60 40 61 40 62 41 63 41 64 41 55 42 62 42 65 42 66 43 47 43 67 43 60 44 68 44 69 44 65 45 64 45 70 45 71 46 57 46 72 46 68 47 73 47 74 47 65 48 70 48 75 48 76 49 68 49 77 49 73 50 78 50 79 50 80 51 65 51 75 51 80 52 81 52 65 52 82 53 83 53 72 53 84 54 82 54 85 54 86 55 87 55 78 55 80 56 88 56 89 56 81 57 80 57 90 57 91 58 90 58 92 58 93 59 94 59 87 59 90 60 89 60 92 60 95 61 96 61 97 61 98 62 96 62 99 62 100 63 101 63 102 63 103 64 102 64 104 64 105 65 100 65 103 65 106 66 107 66 108 66 109 67 110 67 111 67 112 68 109 68 113 68 113 69 109 69 114 69 104 70 107 70 103 70 104 71 115 71 116 71 102 72 117 72 118 72 116 73 119 73 120 73 102 74 118 74 115 74 117 75 121 75 118 75 116 76 122 76 119 76 115 77 118 77 122 77 118 78 121 78 122 78 121 79 123 79 124 79 122 80 124 80 125 80 121 81 126 81 123 81 127 82 128 82 129 82 127 83 129 83 130 83 131 84 132 84 133 84 134 85 135 85 132 85 136 86 137 86 138 86 139 87 140 87 141 87 126 88 121 88 142 88 8 89 143 89 9 89 144 90 9 90 143 90 111 91 114 91 109 91 107 92 145 92 146 92 107 93 106 93 145 93 147 94 100 94 105 94 101 95 100 95 148 95 149 96 150 96 151 96 152 97 133 97 153 97 101 98 148 98 154 98 155 99 134 99 156 99 157 100 117 100 102 100 158 101 159 101 160 101 155 102 161 102 134 102 162 103 152 103 163 103 24 104 164 104 165 104 166 105 24 105 167 105 168 106 141 106 140 106 165 107 164 107 169 107 170 108 171 108 139 108 147 109 148 109 100 109 172 110 173 110 174 110 171 111 165 111 140 111 175 112 140 112 176 112 177 113 178 113 175 113 179 114 180 114 181 114 182 115 183 115 184 115 182 116 185 116 181 116 103 117 146 117 105 117 111 118 183 118 186 118 131 119 152 119 162 119 124 120 127 120 187 120 0 121 188 121 1 121 189 122 1 122 190 122 191 123 192 123 193 123 193 124 190 124 194 124 190 125 1 125 188 125 195 126 194 126 188 126 196 127 197 127 191 127 191 128 198 128 199 128 188 129 200 129 201 129 200 130 197 130 201 130 202 131 203 131 201 131 204 132 199 132 205 132 206 133 196 133 207 133 208 134 206 134 207 134 202 135 208 135 209 135 204 136 205 136 210 136 211 137 212 137 213 137 212 138 202 138 214 138 215 139 207 139 196 139 210 140 216 140 204 140 217 141 209 141 207 141 215 142 218 142 217 142 213 143 219 143 220 143 221 144 222 144 218 144 223 145 222 145 221 145 224 146 221 146 218 146 219 147 223 147 224 147 216 148 210 148 224 148 212 149 223 149 219 149 214 150 209 150 223 150 143 151 225 151 144 151 226 152 154 152 148 152 197 153 196 153 206 153 227 154 228 154 113 154 229 155 106 155 108 155 187 156 130 156 230 156 231 157 232 157 125 157 233 158 120 158 119 158 234 159 108 159 120 159 119 160 235 160 236 160 231 161 230 161 237 161 238 162 231 162 239 162 240 163 241 163 242 163 241 164 243 164 244 164 245 165 240 165 246 165 243 166 247 166 248 166 249 167 248 167 247 167 250 168 251 168 252 168 253 169 254 169 255 169 256 170 257 170 258 170 259 171 258 171 260 171 261 172 262 172 263 172 252 173 264 173 263 173 265 174 266 174 267 174 268 175 269 175 270 175 271 176 268 176 272 176 271 177 273 177 268 177 270 178 269 178 274 178 275 179 276 179 277 179 278 180 279 180 280 180 280 181 281 181 267 181 266 182 271 182 272 182 278 183 282 183 283 183 284 184 278 184 270 184 285 185 277 185 276 185 269 186 286 186 287 186 288 187 289 187 290 187 291 188 292 188 271 188 293 189 294 189 295 189 273 190 286 190 269 190 296 191 288 191 290 191 289 192 297 192 298 192 278 193 299 193 282 193 282 194 275 194 277 194 300 195 290 195 287 195 281 196 285 196 267 196 283 197 281 197 279 197 283 198 285 198 281 198 301 199 302 199 303 199 304 200 305 200 306 200 307 201 308 201 309 201 310 202 311 202 312 202 313 203 314 203 315 203 316 204 317 204 307 204 316 205 318 205 317 205 307 206 319 206 304 206 306 207 308 207 307 207 318 208 320 208 321 208 322 209 323 209 311 209 305 210 313 210 315 210 304 211 319 211 324 211 308 212 325 212 309 212 316 213 323 213 326 213 309 214 325 214 323 214 327 215 305 215 324 215 313 216 305 216 327 216 303 217 325 217 308 217 311 218 323 218 325 218 328 219 329 219 330 219 321 220 331 220 332 220 330 221 329 221 331 221 333 222 327 222 329 222 334 223 327 223 333 223 335 224 336 224 333 224 310 225 337 225 336 225 326 226 328 226 330 226 333 227 328 227 326 227 317 228 332 228 319 228 338 229 339 229 340 229 341 230 312 230 342 230 343 231 344 231 345 231 346 232 347 232 348 232 349 233 350 233 346 233 351 234 352 234 345 234 341 235 338 235 353 235 348 236 354 236 353 236 346 237 353 237 355 237 356 238 349 238 352 238 340 239 355 239 353 239 343 240 345 240 352 240 357 241 358 241 359 241 360 242 354 242 361 242 359 243 362 243 363 243 364 244 365 244 366 244 367 245 362 245 365 245 364 246 356 246 367 246 366 247 361 247 368 247 367 248 363 248 362 248 369 249 370 249 371 249 372 250 373 250 370 250 374 251 371 251 375 251 376 252 377 252 378 252 379 253 380 253 381 253 382 254 383 254 384 254 385 255 378 255 377 255 369 256 374 256 386 256 386 257 376 257 372 257 387 258 373 258 388 258 389 259 387 259 388 259 378 260 388 260 372 260 390 261 344 261 391 261 392 262 370 262 373 262 393 263 391 263 378 263 394 264 385 264 384 264 395 265 390 265 380 265 382 266 374 266 383 266 374 267 379 267 394 267 375 268 395 268 379 268 396 269 377 269 376 269 397 270 398 270 399 270 400 271 401 271 402 271 398 272 402 272 403 272 404 273 405 273 397 273 406 274 402 274 407 274 408 275 409 275 405 275 410 276 411 276 412 276 398 277 407 277 402 277 401 278 403 278 402 278 404 279 413 279 408 279 400 280 414 280 401 280 397 281 415 281 404 281 416 282 411 282 408 282 417 283 400 283 418 283 412 284 400 284 406 284 410 285 412 285 406 285 407 286 419 286 410 286 419 287 405 287 409 287 419 288 398 288 405 288 419 289 407 289 398 289 420 290 418 290 412 290 412 291 418 291 400 291 416 292 420 292 411 292 273 293 421 293 286 293 280 294 279 294 281 294 294 295 291 295 266 295 294 296 266 296 265 296 302 297 312 297 311 297 315 298 422 298 305 298 349 299 423 299 350 299 423 300 424 300 350 300 425 301 341 301 354 301 343 302 352 302 355 302 368 303 350 303 424 303 374 304 382 304 386 304 391 305 389 305 388 305 293 306 295 306 296 306 295 307 276 307 297 307 421 308 300 308 287 308 274 309 298 309 284 309 287 310 290 310 274 310 278 311 284 311 299 311 297 312 276 312 275 312 329 313 324 313 331 313 318 314 316 314 320 314 426 315 360 315 362 315 310 316 426 316 359 316 345 317 357 317 427 317 424 318 423 318 364 318 351 319 427 319 356 319 424 320 366 320 368 320 381 321 393 321 385 321 428 322 429 322 336 322 430 323 431 323 395 323 432 324 390 324 395 324 392 325 433 325 434 325 292 326 435 326 273 326 428 327 436 327 437 327 432 328 438 328 436 328 428 329 437 329 439 329 291 330 294 330 440 330 441 331 437 331 436 331 442 332 443 332 342 332 444 333 445 333 446 333 447 334 448 334 442 334 442 335 449 335 444 335 444 336 450 336 443 336 449 337 451 337 452 337 448 338 435 338 451 338 451 339 435 339 452 339 453 340 296 340 300 340 314 341 454 341 300 341 344 342 432 342 357 342 336 343 429 343 334 343 310 344 312 344 425 344 244 345 248 345 455 345 456 346 455 346 248 346 255 347 457 347 251 347 261 348 263 348 458 348 257 349 459 349 460 349 257 350 461 350 462 350 246 351 242 351 463 351 258 352 462 352 464 352 458 353 263 353 264 353 242 354 465 354 466 354 467 355 264 355 251 355 465 356 244 356 468 356 459 357 246 357 469 357 244 358 455 358 470 358 254 359 471 359 457 359 472 360 473 360 455 360 462 361 474 361 475 361 476 362 458 362 467 362 476 363 467 363 477 363 478 364 460 364 469 364 479 365 458 365 476 365 468 366 470 366 480 366 481 367 482 367 473 367 470 368 473 368 482 368 483 369 458 369 479 369 484 370 463 370 466 370 485 371 476 371 477 371 486 372 466 372 468 372 487 373 478 373 469 373 461 374 478 374 474 374 488 375 469 375 463 375 471 376 489 376 490 376 480 377 482 377 491 377 457 378 490 378 492 378 493 379 479 379 485 379 484 380 486 380 494 380 494 381 480 381 495 381 480 382 491 382 495 382 496 383 488 383 484 383 497 384 478 384 487 384 478 385 497 385 498 385 499 386 485 386 500 386 501 387 498 387 502 387 503 388 485 388 492 388 489 389 504 389 490 389 505 390 499 390 500 390 496 391 494 391 506 391 490 392 504 392 507 392 497 393 487 393 496 393 506 394 495 394 508 394 496 395 506 395 509 395 505 396 500 396 510 396 511 397 497 397 512 397 497 398 511 398 498 398 513 399 514 399 515 399 516 400 503 400 507 400 450 401 342 401 443 401 315 402 448 402 301 402 315 403 314 403 421 403 387 404 389 404 517 404 450 405 517 405 339 405 312 406 302 406 342 406 518 407 433 407 519 407 436 408 438 408 441 408 520 409 521 409 511 409 413 410 415 410 522 410 399 411 403 411 523 411 524 412 408 412 525 412 524 413 526 413 418 413 527 414 413 414 522 414 525 415 413 415 527 415 528 416 399 416 523 416 414 417 529 417 523 417 530 418 524 418 525 418 417 419 526 419 529 419 524 420 530 420 526 420 531 421 528 421 523 421 532 422 533 422 534 422 532 423 535 423 533 423 536 424 537 424 538 424 428 425 454 425 429 425 437 426 441 426 539 426 337 427 540 427 358 427 541 428 449 428 542 428 543 429 544 429 431 429 545 430 526 430 530 430 546 431 530 431 525 431 547 432 525 432 527 432 544 433 434 433 446 433 531 434 548 434 549 434 550 435 514 435 513 435 186 436 105 436 146 436 55 437 57 437 56 437 57 438 55 438 81 438 85 439 91 439 84 439 91 440 92 440 551 440 552 441 84 441 551 441 83 442 82 442 553 442 83 443 77 443 71 443 554 444 50 444 39 444 41 445 99 445 554 445 555 446 556 446 557 446 558 447 113 447 145 447 186 448 559 448 105 448 180 449 179 449 560 449 81 450 85 450 72 450 552 451 553 451 82 451 71 452 77 452 561 452 29 453 562 453 30 453 18 454 563 454 164 454 254 455 253 455 556 455 444 456 509 456 445 456 502 457 521 457 514 457 249 458 564 458 261 458 456 459 261 459 483 459 472 460 483 460 481 460 491 461 565 461 566 461 339 462 517 462 343 462 338 463 342 463 450 463 342 464 302 464 447 464 431 465 430 465 543 465 454 466 428 466 439 466 293 467 440 467 294 467 438 468 432 468 431 468 358 469 436 469 428 469 567 470 528 470 531 470 542 471 452 471 568 471 569 472 570 472 571 472 568 473 440 473 547 473 544 474 571 474 536 474 572 475 571 475 570 475 572 476 510 476 516 476 573 477 516 477 574 477 548 478 575 478 576 478 549 479 576 479 520 479 548 480 531 480 577 480 571 481 572 481 537 481 572 482 573 482 578 482 533 483 573 483 534 483 577 484 574 484 548 484 519 485 517 485 444 485 536 486 431 486 544 486 438 487 431 487 536 487 538 488 535 488 441 488 535 489 532 489 441 489 532 490 539 490 441 490 440 491 293 491 453 491 439 492 539 492 440 492 481 493 479 493 493 493 565 494 493 494 505 494 566 495 505 495 579 495 542 496 520 496 541 496 518 497 519 497 446 497 550 498 580 498 475 498 555 499 580 499 471 499 501 500 502 500 550 500 464 501 475 501 580 501 260 502 464 502 555 502 581 503 549 503 542 503 532 504 545 504 530 504 532 505 534 505 545 505 534 506 577 506 523 506 531 507 549 507 567 507 575 508 515 508 514 508 576 509 514 509 521 509 498 510 511 510 521 510 569 511 566 511 570 511 512 512 449 512 541 512 574 513 515 513 575 513 582 514 445 514 509 514 503 515 516 515 510 515 583 516 584 516 585 516 585 517 586 517 583 517 587 518 586 518 588 518 589 519 590 519 591 519 588 520 586 520 592 520 593 521 594 521 595 521 596 522 597 522 598 522 599 523 592 523 600 523 601 524 591 524 590 524 593 525 602 525 603 525 604 526 605 526 606 526 602 527 593 527 600 527 143 528 8 528 6 528 607 529 608 529 609 529 610 530 611 530 612 530 613 531 614 531 615 531 616 532 617 532 607 532 618 533 619 533 620 533 621 534 622 534 623 534 619 535 624 535 620 535 625 536 14 536 12 536 563 537 626 537 627 537 30 538 32 538 31 538 34 539 628 539 629 539 630 540 629 540 37 540 164 541 26 541 18 541 631 542 562 542 29 542 136 543 138 543 154 543 154 544 138 544 632 544 210 545 220 545 219 545 633 546 628 546 34 546 37 547 629 547 28 547 634 548 635 548 98 548 30 549 562 549 636 549 14 550 13 550 12 550 136 551 226 551 637 551 638 552 179 552 639 552 137 553 25 553 640 553 185 554 641 554 639 554 638 555 639 555 642 555 560 556 638 556 98 556 643 557 636 557 562 557 644 558 226 558 645 558 645 559 226 559 148 559 646 560 627 560 647 560 625 561 562 561 14 561 562 562 631 562 14 562 631 563 15 563 14 563 648 564 649 564 142 564 101 565 650 565 157 565 651 566 635 566 634 566 652 567 560 567 635 567 643 568 653 568 144 568 635 569 651 569 644 569 7 570 9 570 192 570 223 571 212 571 214 571 7 572 192 572 191 572 164 573 24 573 26 573 9 574 144 574 653 574 221 575 224 575 223 575 654 576 199 576 655 576 191 577 199 577 196 577 656 578 189 578 657 578 198 579 194 579 658 579 651 580 659 580 644 580 43 581 636 581 634 581 43 582 32 582 636 582 636 583 643 583 651 583 39 584 54 584 51 584 54 585 561 585 58 585 73 586 553 586 78 586 660 587 93 587 86 587 92 588 93 588 660 588 553 589 552 589 86 589 553 590 73 590 76 590 68 591 60 591 561 591 39 592 661 592 40 592 137 593 637 593 225 593 25 594 137 594 20 594 18 595 26 595 20 595 662 596 162 596 663 596 156 597 162 597 662 597 664 598 166 598 170 598 665 599 650 599 101 599 166 600 664 600 640 600 138 601 640 601 666 601 667 602 668 602 669 602 670 603 632 603 138 603 671 604 672 604 138 604 667 605 673 605 674 605 632 606 670 606 675 606 676 607 677 607 668 607 678 608 679 608 680 608 681 609 676 609 678 609 675 610 682 610 683 610 684 611 685 611 672 611 686 612 687 612 682 612 687 613 688 613 674 613 689 614 690 614 685 614 691 615 692 615 693 615 694 616 695 616 690 616 696 617 697 617 695 617 698 618 684 618 699 618 166 619 167 619 171 619 157 620 650 620 174 620 169 621 176 621 165 621 646 622 177 622 176 622 700 623 701 623 159 623 649 624 700 624 158 624 665 625 172 625 174 625 682 626 674 626 673 626 672 627 702 627 670 627 695 628 686 628 670 628 680 629 674 629 688 629 678 630 680 630 681 630 703 631 704 631 705 631 693 632 704 632 706 632 689 633 707 633 696 633 705 634 707 634 689 634 670 635 702 635 685 635 698 636 681 636 691 636 703 637 684 637 704 637 681 638 698 638 699 638 675 639 683 639 708 639 709 640 710 640 673 640 671 641 138 641 666 641 668 642 711 642 669 642 149 643 712 643 711 643 710 644 713 644 708 644 707 645 693 645 692 645 154 646 675 646 708 646 149 647 666 647 664 647 632 648 714 648 154 648 713 649 715 649 172 649 693 650 705 650 704 650 680 651 688 651 691 651 709 652 669 652 712 652 712 653 172 653 715 653 173 654 172 654 712 654 699 655 676 655 681 655 676 656 699 656 677 656 711 657 666 657 149 657 150 658 149 658 664 658 161 659 170 659 139 659 135 660 139 660 141 660 133 661 132 661 141 661 153 662 133 662 168 662 155 663 716 663 649 663 717 664 609 664 608 664 718 665 719 665 720 665 721 666 718 666 722 666 723 667 724 667 725 667 720 668 719 668 726 668 727 669 728 669 729 669 730 670 717 670 731 670 732 671 733 671 734 671 735 672 736 672 737 672 738 673 739 673 740 673 741 674 742 674 743 674 744 675 745 675 746 675 747 676 748 676 749 676 747 677 750 677 751 677 723 678 622 678 752 678 753 679 619 679 754 679 755 680 756 680 757 680 758 681 759 681 760 681 761 682 729 682 762 682 739 683 763 683 731 683 764 684 765 684 766 684 744 685 746 685 767 685 766 686 768 686 728 686 769 687 750 687 747 687 586 688 770 688 583 688 771 689 772 689 606 689 773 690 771 690 606 690 773 691 603 691 602 691 585 692 774 692 592 692 725 693 724 693 775 693 776 694 777 694 778 694 779 695 780 695 781 695 782 696 781 696 783 696 784 697 785 697 786 697 784 698 787 698 785 698 787 699 788 699 789 699 789 700 790 700 787 700 783 701 791 701 782 701 792 702 793 702 794 702 780 703 779 703 793 703 795 704 796 704 772 704 772 705 796 705 604 705 797 706 798 706 604 706 799 707 778 707 777 707 800 708 801 708 802 708 803 709 775 709 798 709 604 710 775 710 724 710 804 711 722 711 805 711 803 712 806 712 807 712 721 713 808 713 809 713 726 714 801 714 776 714 603 715 606 715 605 715 603 716 605 716 810 716 720 717 811 717 812 717 813 718 814 718 815 718 816 719 815 719 589 719 817 720 818 720 819 720 726 721 770 721 590 721 815 722 726 722 590 722 596 723 603 723 810 723 801 724 800 724 777 724 782 725 778 725 799 725 726 726 776 726 770 726 593 727 603 727 596 727 593 728 598 728 820 728 600 729 595 729 821 729 822 730 758 730 760 730 810 731 724 731 723 731 724 732 810 732 605 732 810 733 817 733 596 733 791 734 584 734 782 734 823 735 824 735 808 735 824 736 799 736 809 736 825 737 585 737 584 737 794 738 793 738 824 738 826 739 827 739 828 739 829 740 784 740 830 740 791 741 831 741 825 741 793 742 779 742 799 742 832 743 769 743 747 743 831 744 795 744 771 744 784 745 829 745 833 745 833 746 788 746 784 746 719 747 802 747 801 747 834 748 835 748 836 748 837 749 838 749 741 749 835 750 834 750 839 750 837 751 832 751 747 751 584 752 778 752 782 752 604 753 798 753 775 753 840 754 787 754 790 754 623 755 786 755 785 755 841 756 721 756 804 756 808 757 721 757 841 757 840 758 842 758 843 758 808 759 841 759 844 759 823 760 844 760 794 760 844 761 823 761 808 761 841 762 804 762 843 762 623 763 845 763 846 763 775 764 803 764 725 764 790 765 789 765 847 765 848 766 849 766 609 766 850 767 849 767 848 767 849 768 851 768 607 768 615 769 852 769 853 769 849 770 850 770 854 770 610 771 850 771 762 771 611 772 610 772 855 772 856 773 857 773 611 773 858 774 854 774 859 774 848 775 860 775 624 775 861 776 862 776 863 776 760 777 864 777 822 777 759 778 757 778 862 778 865 779 861 779 866 779 867 780 729 780 761 780 867 781 868 781 729 781 727 782 729 782 868 782 850 783 610 783 859 783 847 784 792 784 790 784 803 785 807 785 725 785 606 786 772 786 604 786 600 787 592 787 602 787 773 788 602 788 592 788 774 789 771 789 773 789 786 790 807 790 806 790 869 791 830 791 786 791 738 792 740 792 736 792 736 793 870 793 871 793 872 794 735 794 873 794 873 795 737 795 734 795 874 796 875 796 872 796 765 797 738 797 735 797 875 798 768 798 766 798 739 799 738 799 765 799 763 800 739 800 764 800 868 801 866 801 764 801 868 802 867 802 619 802 619 803 867 803 624 803 860 804 620 804 624 804 620 805 860 805 755 805 863 806 862 806 757 806 860 807 756 807 755 807 848 808 730 808 756 808 730 809 731 809 756 809 763 810 863 810 756 810 717 811 730 811 848 811 609 812 717 812 848 812 876 813 614 813 613 813 852 814 607 814 851 814 877 815 878 815 879 815 878 816 744 816 879 816 880 817 746 817 745 817 881 818 837 818 882 818 883 819 837 819 741 819 828 820 827 820 882 820 880 821 839 821 743 821 827 822 826 822 836 822 884 823 885 823 836 823 881 824 836 824 885 824 870 825 886 825 744 825 852 826 615 826 616 826 608 827 607 827 617 827 717 828 608 828 617 828 614 829 876 829 617 829 614 830 617 830 616 830 879 831 875 831 874 831 732 832 887 832 874 832 736 833 740 833 886 833 888 834 734 834 737 834 767 835 768 835 875 835 827 836 881 836 882 836 769 837 832 837 885 837 837 838 881 838 885 838 889 839 876 839 857 839 803 840 889 840 806 840 796 841 739 841 731 841 796 842 795 842 884 842 869 843 857 843 856 843 768 844 767 844 728 844 746 845 789 845 890 845 890 846 729 846 728 846 620 847 757 847 758 847 618 848 620 848 822 848 754 849 618 849 822 849 865 850 754 850 864 850 862 851 861 851 865 851 891 852 892 852 893 852 612 853 613 853 615 853 894 854 895 854 896 854 858 855 612 855 897 855 897 856 898 856 858 856 748 857 751 857 899 857 892 858 749 858 748 858 900 859 899 859 901 859 854 860 858 860 898 860 898 861 902 861 854 861 903 862 899 862 894 862 851 863 854 863 902 863 891 864 904 864 892 864 900 865 895 865 894 865 751 866 905 866 901 866 906 867 907 867 904 867 906 868 904 868 891 868 607 869 852 869 616 869 905 870 908 870 895 870 907 871 895 871 908 871 909 872 910 872 907 872 750 873 911 873 905 873 912 874 783 874 911 874 869 875 806 875 889 875 876 876 889 876 803 876 798 877 797 877 803 877 731 878 717 878 797 878 855 879 829 879 856 879 855 880 762 880 890 880 913 881 847 881 914 881 767 882 746 882 890 882 750 883 769 883 912 883 781 884 911 884 783 884 792 885 910 885 909 885 910 886 913 886 749 886 910 887 792 887 847 887 845 888 840 888 846 888 812 889 622 889 621 889 811 890 752 890 622 890 752 891 811 891 813 891 597 892 596 892 817 892 888 893 871 893 878 893 828 894 882 894 883 894 883 895 743 895 828 895 915 896 916 896 828 896 834 897 826 897 916 897 903 898 891 898 893 898 891 899 903 899 917 899 917 900 906 900 891 900 900 901 894 901 899 901 200 902 4 902 5 902 200 903 0 903 4 903 918 904 919 904 920 904 918 905 921 905 919 905 922 906 923 906 924 906 925 907 926 907 921 907 22 908 13 908 927 908 928 909 929 909 930 909 931 910 932 910 933 910 932 911 931 911 934 911 935 912 931 912 936 912 937 913 936 913 931 913 929 914 937 914 931 914 938 915 939 915 935 915 939 916 940 916 941 916 938 917 940 917 939 917 942 918 943 918 944 918 945 919 946 919 947 919 948 920 27 920 28 920 949 921 950 921 951 921 952 922 953 922 949 922 28 923 629 923 948 923 953 924 954 924 955 924 956 925 957 925 958 925 955 926 954 926 957 926 959 927 960 927 961 927 959 928 962 928 963 928 44 929 961 929 964 929 45 930 962 930 44 930 964 931 42 931 44 931 965 932 966 932 967 932 966 933 968 933 969 933 959 934 961 934 962 934 46 935 968 935 966 935 965 936 970 936 971 936 970 937 965 937 972 937 45 938 52 938 973 938 974 939 975 939 972 939 976 940 977 940 89 940 978 941 973 941 52 941 979 942 978 942 980 942 75 943 976 943 88 943 978 944 52 944 59 944 75 945 70 945 981 945 982 946 975 946 974 946 64 947 63 947 983 947 978 948 59 948 984 948 981 949 983 949 985 949 986 950 981 950 985 950 984 951 61 951 69 951 981 952 986 952 987 952 988 953 982 953 989 953 990 954 69 954 74 954 991 955 74 955 79 955 987 956 976 956 75 956 992 957 993 957 988 957 994 958 79 958 995 958 977 959 976 959 987 959 996 960 987 960 997 960 998 961 996 961 999 961 1000 962 977 962 996 962 995 963 94 963 1001 963 1002 964 995 964 1001 964 1003 965 969 965 95 965 967 966 969 966 1004 966 1005 967 1006 967 1007 967 1008 968 1009 968 1005 968 1010 969 182 969 184 969 1011 970 1012 970 110 970 110 971 112 971 1011 971 112 972 228 972 1011 972 1008 973 1013 973 1014 973 1015 974 1013 974 1008 974 184 975 183 975 111 975 1005 976 1009 976 1016 976 1006 977 1005 977 1017 977 1009 978 1018 978 1016 978 1017 979 1016 979 1018 979 1019 980 1018 980 1020 980 1020 981 1021 981 1022 981 1023 982 1020 982 129 982 1024 983 1025 983 1026 983 1027 984 1024 984 1028 984 1029 985 1030 985 1031 985 945 986 947 986 1032 986 1033 987 1034 987 1035 987 1023 988 1039 988 1040 988 929 989 928 989 1041 989 935 990 939 990 925 990 1042 991 1012 991 1011 991 1043 992 1044 992 1045 992 1046 993 1047 993 1044 993 1048 994 1049 994 1050 994 1025 995 163 995 153 995 1051 996 1027 996 1052 996 1053 997 1054 997 1055 997 1038 998 1040 998 1039 998 1056 999 701 999 663 999 1027 1000 1055 1000 1024 1000 1057 1001 663 1001 163 1001 1048 1002 1053 1002 1051 1002 944 1003 1058 1003 1059 1003 1058 1004 944 1004 1060 1004 946 1005 945 1005 1061 1005 1062 1006 1035 1006 1063 1006 159 1007 701 1007 1063 1007 1043 1008 1064 1008 1044 1008 1065 1009 1066 1009 1037 1009 1067 1010 1033 1010 1068 1010 947 1011 1059 1011 1069 1011 178 1012 1061 1012 168 1012 701 1013 1056 1013 1062 1013 1069 1014 1032 1014 947 1014 1070 1015 1071 1015 128 1015 1072 1016 946 1016 178 1016 941 1017 940 1017 1073 1017 184 1018 1074 1018 1075 1018 1064 1019 1015 1019 1007 1019 1074 1020 1012 1020 1015 1020 178 1021 177 1021 1072 1021 1057 1022 1025 1022 1024 1022 1056 1023 1057 1023 1054 1023 129 1024 1022 1024 130 1024 1076 1025 1077 1025 933 1025 1076 1026 1078 1026 1079 1026 1080 1027 1081 1027 1082 1027 1078 1028 921 1028 1079 1028 1080 1029 919 1029 921 1029 1083 1030 1078 1030 1076 1030 1084 1031 1081 1031 1080 1031 1085 1032 1084 1032 1080 1032 1086 1033 1087 1033 1084 1033 1087 1034 1088 1034 1084 1034 1085 1035 1089 1035 1090 1035 1090 1036 1086 1036 1085 1036 1091 1037 1092 1037 1093 1037 1091 1038 1093 1038 1088 1038 1094 1039 1088 1039 1087 1039 1095 1040 1087 1040 1086 1040 1088 1041 1094 1041 1091 1041 1095 1042 1086 1042 1096 1042 1097 1043 1098 1043 1099 1043 1090 1044 1096 1044 1086 1044 1100 1045 1087 1045 1095 1045 1087 1046 1100 1046 1094 1046 1092 1047 1091 1047 1101 1047 1102 1048 1098 1048 1097 1048 1099 1049 1103 1049 1097 1049 1091 1050 1094 1050 1104 1050 1096 1051 1090 1051 1105 1051 1106 1052 1104 1052 1107 1052 1103 1053 1106 1053 1108 1053 1108 1054 1097 1054 1103 1054 1107 1055 1094 1055 1100 1055 1109 1056 1045 1056 1044 1056 1110 1057 1047 1057 1066 1057 933 1058 1077 1058 930 1058 1111 1059 1112 1059 1011 1059 1022 1060 1113 1060 230 1060 1114 1061 1115 1061 1018 1061 1116 1062 1114 1062 1009 1062 1117 1063 1022 1063 1021 1063 1118 1064 1021 1064 1115 1064 228 1065 1119 1065 1120 1065 1111 1066 1011 1066 228 1066 1121 1067 1122 1067 1123 1067 1124 1068 1125 1068 1126 1068 1127 1069 1128 1069 1122 1069 1129 1070 1130 1070 1128 1070 1131 1071 1132 1071 1133 1071 1132 1072 1134 1072 1135 1072 1136 1073 1137 1073 1138 1073 1139 1074 1140 1074 1129 1074 1136 1075 1124 1075 1141 1075 1142 1076 1123 1076 1137 1076 1143 1077 1144 1077 1145 1077 1146 1078 1147 1078 1148 1078 1149 1079 1150 1079 1151 1079 1152 1080 1151 1080 1153 1080 1154 1081 1155 1081 1156 1081 1157 1082 1150 1082 1149 1082 1158 1083 1159 1083 1160 1083 1161 1084 1152 1084 1146 1084 1162 1085 1149 1085 1161 1085 1152 1086 1153 1086 1147 1086 1163 1087 1164 1087 1162 1087 1165 1088 1164 1088 1166 1088 1159 1089 1158 1089 1167 1089 1168 1090 1153 1090 1169 1090 1154 1091 1156 1091 1150 1091 1170 1092 1171 1092 1172 1092 1173 1093 1174 1093 1175 1093 1176 1094 1147 1094 1153 1094 1177 1095 1172 1095 1171 1095 1173 1096 1175 1096 1178 1096 1172 1097 1159 1097 1148 1097 1179 1098 1166 1098 1174 1098 1158 1099 1160 1099 1164 1099 1154 1100 1173 1100 1180 1100 1146 1101 1167 1101 1181 1101 1182 1102 1181 1102 1163 1102 1163 1103 1167 1103 1158 1103 1183 1104 1152 1104 1161 1104 1184 1105 1185 1105 1186 1105 1187 1106 1188 1106 1189 1106 1190 1107 1191 1107 1192 1107 1193 1108 1194 1108 1195 1108 1196 1109 1155 1109 1197 1109 1195 1110 1188 1110 1187 1110 1198 1111 1199 1111 1187 1111 1187 1112 1200 1112 1201 1112 1202 1113 1203 1113 1204 1113 1205 1114 1204 1114 1206 1114 1207 1115 1208 1115 1209 1115 1196 1116 1197 1116 1210 1116 1189 1117 1195 1117 1211 1117 1186 1118 1212 1118 1200 1118 1192 1119 1199 1119 1198 1119 1189 1120 1213 1120 1200 1120 1194 1121 1211 1121 1195 1121 1190 1122 1210 1122 1197 1122 1200 1123 1213 1123 1184 1123 1213 1124 1211 1124 1209 1124 1206 1125 1191 1125 1214 1125 1215 1126 1216 1126 1204 1126 1216 1127 1191 1127 1206 1127 1217 1128 1214 1128 1191 1128 1217 1129 1190 1129 1218 1129 1208 1130 1207 1130 1217 1130 1219 1131 1208 1131 1220 1131 1194 1132 1193 1132 1206 1132 1194 1133 1214 1133 1217 1133 1215 1134 1203 1134 1221 1134 1199 1135 1215 1135 1221 1135 1193 1136 1205 1136 1206 1136 1222 1137 1223 1137 1224 1137 1222 1138 1225 1138 1226 1138 1227 1139 1228 1139 1229 1139 1230 1140 1231 1140 1232 1140 1233 1141 1234 1141 1227 1141 1229 1142 1228 1142 1235 1142 1236 1143 1232 1143 1237 1143 1238 1144 1239 1144 1235 1144 1237 1145 1229 1145 1222 1145 1240 1146 1241 1146 1242 1146 1243 1147 1244 1147 1242 1147 1245 1148 1246 1148 1247 1148 1246 1149 1244 1149 1248 1149 1249 1150 1245 1150 1247 1150 1241 1151 1238 1151 1243 1151 1250 1152 1234 1152 1251 1152 1238 1153 1248 1153 1243 1153 1252 1154 1253 1154 1254 1154 1255 1155 1256 1155 1257 1155 1258 1156 1255 1156 1259 1156 1260 1157 1257 1157 1256 1157 1261 1158 1262 1158 1263 1158 1264 1159 1265 1159 1266 1159 1262 1160 1261 1160 1267 1160 1258 1161 1263 1161 1268 1161 1269 1162 1270 1162 1252 1162 1255 1163 1258 1163 1268 1163 1258 1164 1269 1164 1261 1164 1271 1165 1272 1165 1226 1165 1270 1166 1259 1166 1253 1166 1271 1167 1267 1167 1261 1167 1266 1168 1267 1168 1273 1168 1274 1169 1275 1169 1271 1169 1276 1170 1260 1170 1275 1170 1277 1171 1273 1171 1278 1171 1256 1172 1279 1172 1273 1172 1260 1173 1277 1173 1278 1173 1263 1174 1262 1174 1265 1174 1280 1175 1281 1175 1282 1175 1283 1176 1284 1176 1285 1176 1286 1177 1287 1177 1288 1177 1289 1178 1290 1178 1281 1178 1291 1179 1289 1179 1287 1179 1292 1180 1283 1180 1293 1180 1294 1181 1289 1181 1295 1181 1285 1182 1288 1182 1287 1182 1289 1183 1294 1183 1287 1183 1289 1184 1291 1184 1290 1184 1296 1185 1284 1185 1297 1185 1282 1186 1290 1186 1291 1186 1286 1187 1288 1187 1296 1187 1298 1188 1281 1188 1280 1188 1295 1189 1281 1189 1299 1189 1300 1190 1294 1190 1295 1190 1293 1191 1300 1191 1292 1191 1300 1192 1301 1192 1294 1192 1293 1193 1285 1193 1301 1193 1287 1194 1294 1194 1301 1194 1299 1195 1298 1195 1302 1195 1292 1196 1302 1196 1303 1196 1156 1197 1155 1197 1169 1197 1152 1198 1183 1198 1151 1198 1149 1199 1183 1199 1161 1199 1148 1200 1147 1200 1172 1200 1196 1201 1304 1201 1155 1201 1184 1202 1209 1202 1185 1202 1192 1203 1198 1203 1210 1203 1188 1204 1195 1204 1189 1204 1210 1205 1212 1205 1196 1205 1249 1206 1305 1206 1250 1206 1226 1207 1272 1207 1269 1207 1265 1208 1264 1208 1268 1208 1306 1209 1177 1209 1171 1209 1175 1210 1174 1210 1177 1210 1166 1211 1159 1211 1177 1211 1307 1212 1179 1212 1157 1212 1307 1213 1165 1213 1179 1213 1160 1214 1159 1214 1166 1214 1216 1215 1192 1215 1191 1215 1195 1216 1205 1216 1193 1216 1244 1217 1231 1217 1230 1217 1308 1218 1230 1218 1219 1218 1225 1219 1239 1219 1241 1219 1309 1220 1247 1220 1238 1220 1244 1221 1246 1221 1231 1221 1260 1222 1256 1222 1277 1222 1220 1223 1310 1223 1311 1223 1276 1224 1312 1224 1257 1224 1253 1225 1257 1225 1312 1225 1169 1226 1313 1226 1168 1226 1314 1227 1178 1227 1315 1227 1314 1228 1316 1228 1317 1228 1318 1229 1319 1229 1320 1229 1321 1230 1322 1230 1323 1230 1321 1231 1324 1231 1325 1231 1320 1232 1326 1232 1327 1232 1325 1233 1313 1233 1322 1233 1208 1234 1219 1234 1209 1234 1226 1235 1225 1235 1240 1235 1145 1236 1328 1236 1135 1236 1329 1237 1129 1237 1127 1237 1133 1238 1135 1238 1328 1238 1141 1239 1126 1239 1330 1239 1331 1240 1332 1240 1121 1240 1333 1241 1139 1241 1329 1241 1334 1242 1137 1242 1335 1242 1336 1243 1337 1243 1145 1243 1338 1244 1121 1244 1142 1244 1339 1245 1133 1245 1340 1245 1337 1246 1341 1246 1145 1246 1342 1247 1329 1247 1127 1247 1330 1248 1343 1248 1344 1248 1342 1249 1127 1249 1331 1249 1345 1250 1142 1250 1334 1250 1141 1251 1344 1251 1346 1251 1347 1252 1334 1252 1346 1252 1348 1253 1331 1253 1338 1253 1341 1254 1349 1254 1328 1254 1333 1255 1350 1255 1351 1255 1350 1256 1333 1256 1342 1256 1340 1257 1328 1257 1349 1257 1352 1258 1342 1258 1348 1258 1353 1259 1340 1259 1354 1259 1345 1260 1355 1260 1338 1260 1344 1261 1343 1261 1356 1261 1357 1262 1358 1262 1349 1262 1354 1263 1349 1263 1358 1263 1359 1264 1357 1264 1360 1264 1347 1265 1361 1265 1345 1265 1362 1266 1350 1266 1352 1266 1362 1267 1363 1267 1350 1267 1364 1268 1344 1268 1365 1268 1366 1269 1367 1269 1347 1269 1368 1270 1357 1270 1369 1270 1365 1271 1356 1271 1370 1271 1368 1272 1371 1272 1357 1272 1372 1273 1352 1273 1348 1273 1368 1274 1369 1274 1373 1274 1374 1275 1348 1275 1361 1275 1371 1276 1375 1276 1358 1276 1362 1277 1376 1277 1363 1277 1354 1278 1358 1278 1375 1278 1365 1279 1370 1279 1377 1279 1366 1280 1365 1280 1378 1280 1379 1281 1374 1281 1361 1281 1380 1282 1361 1282 1366 1282 1381 1283 1374 1283 1379 1283 1382 1284 1376 1284 1381 1284 1383 1285 1380 1285 1366 1285 1384 1286 1385 1286 1375 1286 1252 1287 1386 1287 1387 1287 1209 1288 1388 1288 1389 1288 1387 1289 1222 1289 1390 1289 1386 1290 1254 1290 1318 1290 1390 1291 1222 1291 1226 1291 1282 1292 1291 1292 1391 1292 1392 1293 1296 1293 1297 1293 1393 1294 1303 1294 1302 1294 1391 1295 1291 1295 1286 1295 1394 1296 1283 1296 1393 1296 1280 1297 1395 1297 1298 1297 1298 1298 1395 1298 1396 1298 1397 1299 1297 1299 1394 1299 1392 1300 1398 1300 1286 1300 1280 1301 1282 1301 1399 1301 1396 1302 1400 1302 1393 1302 1401 1303 1402 1303 1392 1303 1400 1304 1401 1304 1397 1304 1391 1305 1398 1305 1403 1305 1404 1306 1405 1306 1406 1306 1407 1307 1408 1307 1409 1307 1410 1308 1405 1308 1411 1308 1410 1309 1411 1309 1412 1309 1412 1310 1411 1310 1413 1310 1219 1311 1388 1311 1209 1311 1178 1312 1311 1312 1310 1312 1414 1313 1406 1313 1314 1313 1308 1314 1219 1314 1415 1314 1416 1315 1226 1315 1417 1315 1418 1316 1419 1316 1416 1316 1316 1317 1418 1317 1317 1317 1317 1318 1308 1318 1415 1318 1321 1319 1327 1319 1326 1319 1414 1320 1420 1320 1400 1320 1421 1321 1409 1321 1408 1321 1319 1322 1422 1322 1423 1322 1319 1323 1312 1323 1422 1323 1370 1324 1424 1324 1425 1324 1112 1325 1426 1325 1013 1325 1015 1326 1064 1326 1074 1326 975 1327 982 1327 985 1327 997 1328 985 1328 982 1328 999 1329 1427 1329 1428 1329 1428 1330 1427 1330 1429 1330 1429 1331 1427 1331 992 1331 1430 1332 1431 1332 1432 1332 965 1333 959 1333 963 1333 1433 1334 1339 1334 1434 1334 1381 1335 1326 1335 1320 1335 1011 1336 1013 1336 1042 1336 1043 1337 1075 1337 1064 1337 959 1338 967 1338 1004 1338 965 1339 967 1339 959 1339 988 1340 993 1340 997 1340 1431 1341 1430 1341 1435 1341 980 1342 1435 1342 989 1342 1436 1343 950 1343 949 1343 1433 1344 1434 1344 1437 1344 1140 1345 1139 1345 1438 1345 1439 1346 1438 1346 1333 1346 1440 1347 1441 1347 1363 1347 1327 1348 1224 1348 1223 1348 1442 1349 1443 1349 1274 1349 1304 1350 1322 1350 1313 1350 1168 1351 1325 1351 1444 1351 1170 1352 1315 1352 1171 1352 1314 1353 1317 1353 1311 1353 1402 1354 1403 1354 1398 1354 1423 1355 1445 1355 1319 1355 1421 1356 1408 1356 1444 1356 1408 1357 1401 1357 1446 1357 1447 1358 1448 1358 1445 1358 1447 1359 1449 1359 1448 1359 1384 1360 1449 1360 1450 1360 1451 1361 1452 1361 1453 1361 1409 1362 1451 1362 1407 1362 1454 1363 1403 1363 1453 1363 1423 1364 1413 1364 1411 1364 1447 1365 1411 1365 1405 1365 1450 1366 1404 1366 1454 1366 1453 1367 1452 1367 1454 1367 1312 1368 1443 1368 1422 1368 1321 1369 1389 1369 1327 1369 1387 1370 1320 1370 1327 1370 1422 1371 1442 1371 1413 1371 1419 1372 1412 1372 1413 1372 1412 1373 1419 1373 1316 1373 1306 1374 1171 1374 1315 1374 1170 1375 1446 1375 1420 1375 1455 1376 1438 1376 1144 1376 1336 1377 1144 1377 1438 1377 1456 1378 1336 1378 1439 1378 1457 1379 1456 1379 1351 1379 1359 1380 1457 1380 1458 1380 1373 1381 1359 1381 1441 1381 1448 1382 1373 1382 1440 1382 1320 1383 1386 1383 1318 1383 1370 1384 1459 1384 1424 1384 1460 1385 1353 1385 1459 1385 1460 1386 1356 1386 1343 1386 1460 1387 1339 1387 1353 1387 1459 1388 1370 1388 1460 1388 1330 1389 1434 1389 1460 1389 1414 1390 1396 1390 1406 1390 1396 1391 1395 1391 1404 1391 1404 1392 1395 1392 1399 1392 1404 1393 1399 1393 1391 1393 1403 1394 1402 1394 1407 1394 1461 1395 1385 1395 1452 1395 1384 1396 1452 1396 1385 1396 1377 1397 1461 1397 1451 1397 1425 1398 1424 1398 1385 1398 1424 1399 1375 1399 1385 1399 1449 1400 1368 1400 1448 1400 1445 1401 1440 1401 1376 1401 1324 1402 1383 1402 1421 1402 1383 1403 1451 1403 1409 1403 1324 1404 1326 1404 1380 1404 1319 1405 1382 1405 1381 1405 1420 1406 1414 1406 1314 1406 1462 1407 1463 1407 1464 1407 1465 1408 1466 1408 1467 1408 1468 1409 1469 1409 1470 1409 1471 1410 1472 1410 1473 1410 1469 1411 1474 1411 1475 1411 1476 1412 1477 1412 1469 1412 1472 1413 1478 1413 1474 1413 1479 1414 1480 1414 1481 1414 1466 1415 1465 1415 1479 1415 1482 1416 1483 1416 1484 1416 930 1417 929 1417 933 1417 1485 1418 1486 1418 1487 1418 1488 1419 1489 1419 1490 1419 1073 1420 1491 1420 647 1420 1491 1421 940 1421 1492 1421 629 1422 628 1422 955 1422 956 1423 958 1423 948 1423 1047 1424 1030 1424 1493 1424 1110 1425 1030 1425 1047 1425 924 1426 1494 1426 922 1426 1091 1427 1104 1427 1495 1427 1105 1428 1102 1428 1097 1428 958 1429 951 1429 27 1429 95 1430 641 1430 1003 1430 969 1431 1003 1431 1004 1431 1496 1432 1497 1432 1498 1432 1496 1433 1498 1433 1494 1433 1499 1434 1109 1434 1493 1434 1500 1435 641 1435 185 1435 1501 1436 1502 1436 1499 1436 1501 1437 937 1437 1041 1437 1004 1438 1500 1438 1503 1438 1004 1439 1503 1439 1504 1439 950 1440 1505 1440 1506 1440 1507 1441 1109 1441 1502 1441 1492 1442 1508 1442 1491 1442 1508 1443 646 1443 647 1443 1503 1444 1500 1444 1010 1444 924 1445 1496 1445 1494 1445 951 1446 1498 1446 1497 1446 1035 1447 1039 1447 160 1447 1036 1448 1038 1448 1509 1448 1070 1449 160 1449 1039 1449 1510 1450 1505 1450 960 1450 1045 1451 1507 1451 1503 1451 1506 1452 1510 1452 1041 1452 922 1453 1498 1453 1506 1453 1502 1454 1510 1454 1504 1454 1510 1455 1501 1455 1041 1455 1101 1456 1103 1456 1511 1456 1076 1457 923 1457 1077 1457 1107 1458 1108 1458 1106 1458 1511 1459 1083 1459 1512 1459 928 1460 1077 1460 922 1460 1089 1461 1083 1461 1098 1461 1502 1462 1501 1462 1510 1462 1505 1463 1436 1463 1513 1463 1505 1464 1513 1464 961 1464 964 1465 1513 1465 633 1465 44 1466 962 1466 961 1466 963 1467 962 1467 973 1467 979 1468 973 1468 978 1468 1432 1469 994 1469 1002 1469 1002 1470 1001 1470 1514 1470 964 1471 961 1471 1513 1471 1514 1472 1001 1472 998 1472 1000 1473 1001 1473 94 1473 991 1474 1431 1474 990 1474 984 1475 980 1475 978 1475 1499 1476 937 1476 1501 1476 1029 1477 936 1477 937 1477 936 1478 943 1478 942 1478 1065 1479 1515 1479 1066 1479 1031 1480 1516 1480 1517 1480 1060 1481 943 1481 1031 1481 1518 1482 1517 1482 1049 1482 1519 1483 1520 1483 1521 1483 1522 1484 1523 1484 1515 1484 1524 1485 1110 1485 1525 1485 1526 1486 1527 1486 1030 1486 1030 1487 1527 1487 1528 1487 1529 1488 1530 1488 1520 1488 1531 1489 1532 1489 1521 1489 1521 1490 1520 1490 1530 1490 1533 1491 1526 1491 1525 1491 1534 1492 1535 1492 1525 1492 1527 1493 1536 1493 1537 1493 1535 1494 1538 1494 1533 1494 1531 1495 1539 1495 1538 1495 1540 1496 1541 1496 1542 1496 1543 1497 1544 1497 1539 1497 1545 1498 1543 1498 1539 1498 1544 1499 1540 1499 1546 1499 1547 1500 1539 1500 1544 1500 1537 1501 1528 1501 1527 1501 1527 1502 1548 1502 1536 1502 1069 1503 1058 1503 1060 1503 1067 1504 1509 1504 1034 1504 1067 1505 1068 1505 1515 1505 1532 1506 1531 1506 1535 1506 1526 1507 1548 1507 1527 1507 1549 1508 1550 1508 1551 1508 1533 1509 1525 1509 1535 1509 1539 1510 1531 1510 1549 1510 1538 1511 1535 1511 1531 1511 1550 1512 1549 1512 1530 1512 1552 1513 1553 1513 1554 1513 1541 1514 1543 1514 1555 1514 1536 1515 1548 1515 1526 1515 1551 1516 1550 1516 1553 1516 1546 1517 1542 1517 1526 1517 1551 1518 1545 1518 1539 1518 1553 1519 1552 1519 1551 1519 1556 1520 1554 1520 1537 1520 1557 1521 1520 1521 1558 1521 1559 1522 1553 1522 1550 1522 1523 1523 1534 1523 1525 1523 1532 1524 1560 1524 1561 1524 1516 1525 1030 1525 1528 1525 1558 1526 1562 1526 1050 1526 1560 1527 1534 1527 1523 1527 1066 1528 1515 1528 1523 1528 1517 1529 1516 1529 1050 1529 1068 1530 1563 1530 1522 1530 1530 1531 1564 1531 1521 1531 1561 1532 1519 1532 1521 1532 1562 1533 1519 1533 1561 1533 1563 1534 1068 1534 1562 1534 1033 1535 1565 1535 1562 1535 1565 1536 1033 1536 1053 1536 1550 1537 1529 1537 1559 1537 1557 1538 1559 1538 1529 1538 1558 1539 1516 1539 1557 1539 1050 1540 1516 1540 1558 1540 1051 1541 1518 1541 1049 1541 1032 1542 1518 1542 1051 1542 945 1543 1032 1543 1052 1543 1026 1544 1061 1544 945 1544 153 1545 168 1545 1061 1545 1053 1546 1035 1546 1062 1546 1062 1547 1056 1547 1054 1547 1566 1548 1567 1548 1568 1548 1569 1549 1568 1549 1570 1549 1570 1550 1568 1550 1571 1550 1572 1551 1567 1551 1566 1551 1568 1552 1567 1552 1571 1552 1573 1553 1574 1553 1575 1553 1576 1554 1577 1554 1578 1554 1579 1555 1580 1555 1581 1555 1582 1556 1583 1556 1580 1556 1584 1557 1585 1557 1586 1557 1587 1558 1588 1558 1589 1558 1590 1559 1591 1559 1592 1559 1593 1560 1594 1560 1595 1560 1596 1561 1597 1561 1598 1561 1599 1562 1594 1562 1593 1562 1600 1563 1601 1563 1596 1563 1489 1564 1602 1564 1490 1564 1603 1565 1604 1565 1605 1565 1603 1566 1575 1566 1574 1566 1596 1567 1601 1567 1606 1567 1463 1568 1481 1568 1607 1568 1482 1569 1608 1569 1609 1569 1482 1570 1609 1570 1610 1570 1611 1571 1612 1571 1610 1571 1613 1572 1607 1572 1473 1572 1614 1573 1615 1573 1616 1573 1616 1574 1617 1574 1614 1574 1462 1575 1618 1575 1619 1575 1594 1576 1620 1576 1621 1576 1622 1577 1594 1577 1623 1577 1624 1578 1625 1578 1616 1578 1626 1579 1624 1579 1627 1579 1627 1580 1628 1580 1629 1580 1623 1581 1630 1581 1622 1581 1631 1582 1630 1582 1632 1582 1633 1583 1634 1583 1635 1583 1636 1584 1637 1584 1638 1584 1620 1585 1635 1585 1634 1585 1484 1586 1639 1586 1608 1586 1484 1587 1640 1587 1641 1587 1618 1588 1462 1588 1642 1588 1643 1589 1638 1589 1571 1589 1640 1590 1644 1590 1645 1590 1484 1591 1483 1591 1646 1591 1647 1592 1569 1592 1648 1592 1570 1593 1571 1593 1638 1593 1483 1594 1482 1594 1612 1594 1649 1595 1483 1595 1612 1595 1650 1596 1651 1596 1572 1596 1651 1597 1467 1597 1466 1597 1649 1598 1612 1598 1468 1598 1652 1599 1653 1599 1651 1599 1618 1600 1643 1600 1654 1600 1468 1601 1612 1601 1469 1601 1483 1602 1649 1602 1646 1602 1638 1603 1642 1603 1636 1603 1636 1604 1642 1604 1634 1604 1623 1605 1621 1605 1642 1605 1464 1606 1613 1606 1655 1606 1633 1607 1656 1607 1636 1607 1657 1608 1658 1608 1614 1608 1614 1609 1617 1609 1657 1609 1659 1610 1660 1610 1661 1610 1642 1611 1621 1611 1634 1611 1609 1612 1662 1612 1632 1612 1663 1613 1664 1613 1624 1613 1624 1614 1626 1614 1663 1614 1654 1615 1571 1615 1567 1615 1592 1616 1665 1616 1666 1616 1667 1617 1668 1617 1669 1617 1666 1618 1665 1618 1596 1618 1665 1619 1597 1619 1596 1619 1658 1620 1649 1620 1670 1620 1662 1621 1609 1621 1608 1621 1671 1622 1672 1622 1627 1622 1672 1623 1673 1623 1628 1623 1673 1624 1633 1624 1628 1624 1674 1625 1570 1625 1637 1625 1648 1626 1675 1626 1647 1626 1615 1627 1676 1627 1671 1627 1677 1628 1678 1628 1673 1628 1637 1629 1656 1629 1678 1629 1674 1630 1678 1630 1677 1630 1675 1631 1676 1631 1615 1631 1679 1632 1647 1632 1675 1632 1657 1633 1645 1633 1644 1633 1680 1634 1629 1634 1628 1634 1681 1635 1682 1635 1683 1635 1684 1636 1685 1636 1686 1636 1687 1637 1688 1637 1689 1637 1682 1638 1681 1638 1485 1638 1690 1639 1691 1639 1692 1639 1693 1640 1487 1640 1486 1640 1694 1641 1685 1641 1695 1641 1486 1642 1689 1642 1693 1642 1696 1643 1697 1643 1683 1643 1698 1644 1699 1644 1700 1644 1699 1645 1698 1645 1488 1645 1488 1646 1701 1646 1699 1646 1701 1647 1488 1647 1490 1647 1702 1648 1573 1648 1703 1648 1573 1649 1701 1649 1703 1649 1486 1650 1485 1650 1681 1650 1628 1651 1635 1651 1680 1651 1610 1652 1612 1652 1482 1652 1610 1653 1704 1653 1473 1653 1610 1654 1609 1654 1704 1654 1616 1655 1705 1655 1706 1655 1589 1656 1586 1656 1585 1656 1707 1657 1708 1657 1585 1657 1709 1658 1586 1658 1710 1658 1709 1659 1583 1659 1582 1659 1710 1660 1711 1660 1712 1660 1586 1661 1589 1661 1604 1661 1603 1662 1713 1662 1711 1662 1588 1663 1605 1663 1604 1663 1701 1664 1575 1664 1605 1664 1605 1665 1714 1665 1699 1665 1701 1666 1490 1666 1602 1666 1696 1667 1703 1667 1602 1667 1696 1668 1715 1668 1697 1668 1715 1669 1716 1669 1717 1669 1716 1670 1718 1670 1700 1670 1717 1671 1719 1671 1697 1671 1719 1672 1578 1672 1683 1672 1719 1673 1700 1673 1714 1673 1720 1674 1690 1674 1721 1674 1721 1675 1722 1675 1723 1675 1687 1676 1724 1676 1725 1676 1726 1677 1579 1677 1581 1677 1726 1678 1727 1678 1579 1678 1726 1679 1728 1679 1727 1679 1728 1680 1729 1680 1730 1680 1597 1681 1665 1681 1591 1681 1731 1682 1732 1682 1733 1682 1734 1683 1666 1683 1735 1683 1665 1684 1592 1684 1591 1684 1592 1685 1666 1685 1736 1685 1733 1686 1591 1686 1590 1686 1737 1687 1668 1687 1661 1687 1660 1688 1735 1688 1737 1688 1737 1689 1729 1689 1669 1689 1732 1690 1597 1690 1591 1690 1586 1691 1709 1691 1584 1691 1707 1692 1585 1692 1584 1692 1728 1693 1730 1693 1708 1693 1738 1694 1684 1694 1739 1694 1577 1695 1641 1695 1740 1695 1738 1696 1740 1697 1722 1698 1712 1699 1711 1699 1726 1699 1730 1700 1588 1700 1587 1700 1730 1701 1587 1701 1585 1701 1741 1702 1707 1702 1584 1702 1711 1703 1713 1703 1742 1703 1591 1704 1733 1704 1732 1704 1734 1705 1735 1705 1660 1705 1666 1706 1743 1706 1744 1706 1720 1707 1723 1707 1745 1707 1576 1708 1588 1708 1639 1708 1639 1709 1730 1709 1729 1709 1662 1710 1729 1710 1606 1710 1691 1711 1720 1711 1705 1711 1691 1712 1625 1712 1664 1712 1574 1713 1742 1713 1713 1713 1746 1714 1629 1714 1732 1714 1574 1715 1573 1715 1746 1715 1716 1716 1747 1716 1748 1716 1715 1717 1749 1717 1747 1717 1489 1718 1750 1718 1749 1718 1488 1719 1751 1719 1750 1719 1488 1720 1698 1720 1718 1720 1752 1721 1753 1721 1754 1721 1600 1722 1755 1722 1756 1722 1487 1723 1685 1723 1684 1723 1757 1724 1752 1724 1754 1724 1755 1725 1600 1725 1758 1725 1758 1726 1598 1726 1759 1726 1756 1727 1755 1727 1760 1727 1761 1728 1762 1728 1763 1728 1763 1729 1757 1729 1760 1729 1754 1730 1764 1730 1598 1730 1756 1731 1757 1731 1765 1731 1766 1732 1764 1732 1753 1732 1760 1733 1757 1733 1756 1733 1738 1734 1739 1734 1725 1734 1754 1735 1599 1735 1593 1735 1754 1736 1598 1736 1767 1736 1765 1737 1595 1737 1601 1737 1595 1738 1622 1738 1631 1738 1645 1739 1745 1739 1723 1739 1645 1740 1641 1740 1640 1740 1632 1741 1662 1741 1631 1741 1625 1742 1691 1742 1705 1742 1691 1743 1664 1743 1692 1743 1692 1744 1664 1744 1746 1744 1768 1745 1680 1745 1597 1745 1746 1746 1732 1746 1742 1746 1631 1747 1606 1747 1601 1747 1599 1748 1620 1748 1594 1748 1599 1749 1767 1749 1635 1749 1598 1750 1597 1750 1767 1750 1680 1751 1635 1751 1767 1751 1677 1752 1672 1752 1675 1752 1679 1753 1769 1753 1770 1753 1769 1754 1670 1754 1771 1754 1652 1755 1771 1755 1670 1755 1670 1756 1653 1756 1652 1756 1653 1757 1670 1757 1772 1757 1653 1758 1772 1758 1773 1758 1774 1759 1775 1759 1772 1759 1741 1760 1579 1760 1727 1760 1659 1761 1776 1761 1777 1761 1776 1762 1661 1762 1668 1762 1778 1763 1766 1763 1761 1763 1762 1764 1761 1764 1766 1764 1766 1765 1753 1765 1762 1765 1762 1766 1753 1766 1763 1766 1755 1767 1763 1767 1760 1767 1079 1768 921 1768 1779 1768 919 1769 1080 1769 920 1769 67 1770 46 1770 971 1770 968 1771 95 1771 969 1771 6 1772 4 1772 3 1772 189 1773 10 1773 1 1773 10 1774 189 1774 12 1774 13 1775 22 1775 11 1775 12 1776 189 1776 656 1776 19 1777 6 1777 3 1777 20 1778 225 1778 6 1778 225 1779 143 1779 6 1779 16 1780 11 1780 22 1780 563 1781 17 1781 21 1781 563 1782 18 1782 17 1782 1073 1783 626 1783 21 1783 28 1784 15 1784 37 1784 37 1785 15 1785 631 1785 630 1786 36 1786 38 1786 630 1787 38 1787 34 1787 1513 1788 628 1788 633 1788 634 1789 41 1789 43 1789 33 1790 32 1790 34 1790 36 1791 630 1791 37 1791 35 1792 38 1792 36 1792 35 1793 36 1793 33 1793 42 1794 633 1794 32 1794 48 1795 554 1795 96 1795 48 1796 50 1796 554 1796 554 1797 99 1797 96 1797 50 1798 48 1798 47 1798 40 1799 661 1799 45 1799 661 1800 51 1800 45 1800 56 1801 50 1801 49 1801 62 1802 49 1802 47 1802 56 1803 53 1803 50 1803 55 1804 49 1804 62 1804 47 1805 66 1805 62 1805 51 1806 58 1806 52 1806 53 1807 561 1807 54 1807 561 1808 53 1808 57 1808 62 1809 66 1809 63 1809 59 1810 58 1810 61 1810 65 1811 62 1811 64 1811 1780 1812 63 1812 66 1812 71 1813 561 1813 57 1813 1780 1814 66 1814 67 1814 61 1815 60 1815 69 1815 81 1816 55 1816 65 1816 68 1817 561 1817 77 1817 47 1818 46 1818 67 1818 83 1819 71 1819 72 1819 69 1820 68 1820 74 1820 46 1821 48 1821 968 1821 74 1822 73 1822 79 1822 88 1823 80 1823 75 1823 96 1824 968 1824 48 1824 85 1825 82 1825 72 1825 79 1826 78 1826 87 1826 90 1827 80 1827 89 1827 91 1828 81 1828 90 1828 92 1829 89 1829 1000 1829 86 1830 552 1830 660 1830 86 1831 93 1831 87 1831 103 1832 100 1832 102 1832 120 1833 108 1833 104 1833 182 1834 181 1834 183 1834 110 1835 109 1835 112 1835 104 1836 108 1836 107 1836 120 1837 104 1837 116 1837 104 1838 102 1838 115 1838 116 1839 115 1839 122 1839 119 1840 122 1840 235 1840 235 1841 122 1841 125 1841 122 1842 121 1842 124 1842 127 1843 126 1843 128 1843 187 1844 127 1844 130 1844 152 1845 131 1845 133 1845 131 1846 134 1846 132 1846 151 1847 150 1847 161 1847 138 1848 137 1848 640 1848 174 1849 173 1849 648 1849 648 1850 173 1850 649 1850 147 1851 645 1851 148 1851 121 1852 117 1852 1781 1852 142 1853 121 1853 1781 1853 2 1854 10 1854 16 1854 19 1855 3 1855 17 1855 3 1856 2 1856 17 1856 112 1857 113 1857 228 1857 114 1858 146 1858 113 1858 183 1859 559 1859 186 1859 560 1860 645 1860 147 1860 712 1861 149 1861 151 1861 163 1862 152 1862 153 1862 134 1863 161 1863 135 1863 716 1864 155 1864 156 1864 101 1865 157 1865 102 1865 158 1866 700 1866 159 1866 117 1867 157 1867 1781 1867 158 1868 126 1868 142 1868 173 1869 155 1869 649 1869 701 1870 662 1870 663 1870 1782 1871 151 1871 155 1871 156 1872 134 1872 131 1872 663 1873 162 1873 163 1873 155 1874 151 1874 161 1874 167 1875 24 1875 165 1875 175 1876 168 1876 140 1876 559 1877 183 1877 180 1877 178 1878 168 1878 175 1878 176 1879 140 1879 165 1879 139 1880 171 1880 140 1880 176 1881 177 1881 175 1881 160 1882 126 1882 158 1882 563 1883 21 1883 626 1883 181 1884 180 1884 183 1884 114 1885 186 1885 146 1885 114 1886 111 1886 186 1886 103 1887 107 1887 146 1887 124 1888 123 1888 127 1888 156 1889 131 1889 162 1889 123 1890 126 1890 127 1890 125 1891 124 1891 187 1891 193 1892 192 1892 656 1892 657 1893 189 1893 190 1893 197 1894 7 1894 191 1894 198 1895 191 1895 193 1895 197 1896 200 1896 5 1896 194 1897 190 1897 188 1897 203 1898 195 1898 188 1898 201 1899 197 1899 206 1899 203 1900 188 1900 201 1900 658 1901 194 1901 195 1901 202 1902 211 1902 203 1902 206 1903 208 1903 201 1903 211 1904 195 1904 203 1904 208 1905 202 1905 201 1905 658 1906 195 1906 213 1906 211 1907 213 1907 195 1907 220 1908 658 1908 213 1908 205 1909 658 1909 220 1909 655 1910 199 1910 204 1910 215 1911 196 1911 654 1911 212 1912 211 1912 202 1912 209 1913 208 1913 207 1913 214 1914 202 1914 209 1914 205 1915 220 1915 210 1915 204 1916 216 1916 655 1916 213 1917 212 1917 219 1917 218 1918 216 1918 224 1918 209 1919 217 1919 222 1919 218 1920 222 1920 217 1920 7 1921 5 1921 8 1921 7 1922 197 1922 5 1922 558 1923 227 1923 113 1923 187 1924 231 1924 125 1924 235 1925 125 1925 232 1925 233 1926 234 1926 120 1926 1783 1927 235 1927 232 1927 236 1928 235 1928 1783 1928 1784 1929 119 1929 236 1929 231 1930 187 1930 230 1930 1785 1931 1783 1931 232 1931 231 1932 238 1932 232 1932 234 1933 229 1933 108 1933 239 1934 231 1934 237 1934 1786 1935 238 1935 239 1935 246 1936 240 1936 242 1936 242 1937 241 1937 465 1937 465 1938 241 1938 244 1938 459 1939 245 1939 246 1939 244 1940 243 1940 248 1940 250 1941 253 1941 255 1941 564 1942 262 1942 261 1942 459 1943 256 1943 245 1943 249 1944 456 1944 248 1944 250 1945 255 1945 251 1945 257 1946 256 1946 459 1946 259 1947 256 1947 258 1947 557 1948 259 1948 260 1948 252 1949 251 1949 264 1949 262 1950 252 1950 263 1950 1787 1951 268 1951 270 1951 421 1952 287 1952 286 1952 284 1953 270 1953 274 1953 273 1954 269 1954 268 1954 272 1955 280 1955 267 1955 270 1956 278 1956 280 1956 267 1957 266 1957 272 1957 290 1958 289 1958 274 1958 279 1959 278 1959 283 1959 282 1960 299 1960 297 1960 265 1961 285 1961 276 1961 299 1962 298 1962 297 1962 266 1963 291 1963 271 1963 274 1964 269 1964 287 1964 271 1965 292 1965 273 1965 300 1966 296 1966 290 1966 276 1967 294 1967 265 1967 274 1968 289 1968 298 1968 295 1969 294 1969 276 1969 283 1970 282 1970 277 1970 282 1971 297 1971 275 1971 285 1972 283 1972 277 1972 272 1973 1787 1973 280 1973 305 1974 422 1974 306 1974 1788 1975 307 1975 309 1975 329 1976 327 1976 324 1976 334 1977 314 1977 313 1977 326 1978 1789 1978 316 1978 1788 1979 316 1979 307 1979 307 1980 317 1980 319 1980 306 1981 422 1981 308 1981 304 1982 306 1982 307 1982 1790 1983 318 1983 321 1983 332 1984 331 1984 319 1984 321 1985 320 1985 330 1985 331 1986 324 1986 319 1986 335 1987 322 1987 311 1987 316 1988 309 1988 323 1988 422 1989 301 1989 308 1989 326 1990 323 1990 322 1990 315 1991 301 1991 422 1991 301 1992 303 1992 308 1992 1790 1993 321 1993 332 1993 321 1994 330 1994 331 1994 328 1995 333 1995 329 1995 336 1996 334 1996 333 1996 322 1997 335 1997 333 1997 335 1998 310 1998 336 1998 1789 1999 326 1999 330 1999 322 2000 333 2000 326 2000 1790 2001 332 2001 317 2001 1790 2002 317 2002 318 2002 320 2003 1789 2003 330 2003 349 2004 346 2004 355 2004 360 2005 426 2005 354 2005 348 2006 347 2006 361 2006 346 2007 350 2007 347 2007 341 2008 342 2008 338 2008 427 2009 359 2009 363 2009 366 2010 365 2010 361 2010 365 2011 360 2011 361 2011 354 2012 426 2012 425 2012 356 2013 423 2013 349 2013 349 2014 355 2014 352 2014 354 2015 341 2015 353 2015 351 2016 356 2016 352 2016 348 2017 353 2017 346 2017 310 2018 425 2018 426 2018 338 2019 340 2019 353 2019 427 2020 357 2020 359 2020 364 2021 367 2021 365 2021 358 2022 540 2022 359 2022 366 2023 424 2023 364 2023 356 2024 427 2024 363 2024 347 2025 368 2025 361 2025 367 2026 356 2026 363 2026 392 2027 387 2027 433 2027 376 2028 378 2028 372 2028 374 2029 369 2029 371 2029 369 2030 372 2030 370 2030 396 2031 382 2031 384 2031 384 2032 385 2032 377 2032 375 2033 371 2033 430 2033 379 2034 395 2034 380 2034 372 2035 369 2035 386 2035 379 2036 381 2036 394 2036 372 2037 388 2037 373 2037 393 2038 390 2038 391 2038 387 2039 392 2039 373 2039 392 2040 371 2040 370 2040 385 2041 393 2041 378 2041 383 2042 394 2042 384 2042 381 2043 385 2043 394 2043 375 2044 430 2044 395 2044 383 2045 374 2045 394 2045 386 2046 396 2046 376 2046 400 2047 417 2047 414 2047 404 2048 408 2048 405 2048 406 2049 400 2049 402 2049 399 2050 398 2050 403 2050 408 2051 411 2051 409 2051 397 2052 405 2052 398 2052 420 2053 524 2053 418 2053 404 2054 415 2054 413 2054 420 2055 416 2055 408 2055 401 2056 414 2056 403 2056 397 2057 399 2057 415 2057 407 2058 410 2058 406 2058 410 2059 409 2059 411 2059 409 2060 410 2060 419 2060 411 2061 420 2061 412 2061 1787 2062 272 2062 268 2062 1787 2063 270 2063 280 2063 267 2064 285 2064 265 2064 303 2065 302 2065 311 2065 304 2066 324 2066 305 2066 316 2067 1788 2067 309 2067 303 2068 311 2068 325 2068 425 2069 312 2069 341 2069 340 2070 339 2070 343 2070 361 2071 354 2071 348 2071 340 2072 343 2072 355 2072 350 2073 368 2073 347 2073 378 2074 391 2074 388 2074 391 2075 344 2075 389 2075 382 2076 396 2076 386 2076 289 2077 288 2077 295 2077 296 2078 295 2078 288 2078 289 2079 295 2079 297 2079 299 2080 284 2080 298 2080 334 2081 313 2081 327 2081 320 2082 316 2082 1789 2082 359 2083 426 2083 362 2083 540 2084 310 2084 359 2084 351 2085 345 2085 427 2085 364 2086 423 2086 356 2086 365 2087 362 2087 360 2087 396 2088 384 2088 377 2088 381 2089 380 2089 393 2089 380 2090 390 2090 393 2090 374 2091 375 2091 379 2091 337 2092 428 2092 336 2092 447 2093 301 2093 448 2093 431 2094 432 2094 395 2094 301 2095 447 2095 302 2095 434 2096 430 2096 371 2096 371 2097 392 2097 434 2097 439 2098 437 2098 539 2098 568 2099 291 2099 440 2099 447 2100 442 2100 342 2100 449 2101 442 2101 451 2101 542 2102 449 2102 452 2102 442 2103 448 2103 451 2103 454 2104 453 2104 300 2104 453 2105 293 2105 296 2105 421 2106 314 2106 300 2106 310 2107 335 2107 311 2107 454 2108 314 2108 334 2108 429 2109 454 2109 334 2109 345 2110 344 2110 357 2110 432 2111 358 2111 357 2111 255 2112 254 2112 457 2112 470 2113 455 2113 473 2113 483 2114 261 2114 458 2114 461 2115 257 2115 460 2115 258 2116 257 2116 462 2116 469 2117 246 2117 463 2117 260 2118 258 2118 464 2118 467 2119 458 2119 264 2119 463 2120 242 2120 466 2120 466 2121 465 2121 468 2121 460 2122 459 2122 469 2122 468 2123 244 2123 470 2123 456 2124 472 2124 455 2124 477 2125 467 2125 251 2125 251 2126 457 2126 477 2126 478 2127 461 2127 460 2127 462 2128 461 2128 474 2128 464 2129 462 2129 475 2129 472 2130 481 2130 473 2130 480 2131 470 2131 482 2131 486 2132 484 2132 466 2132 488 2133 487 2133 469 2133 486 2134 468 2134 480 2134 485 2135 479 2135 476 2135 484 2136 488 2136 463 2136 492 2137 485 2137 477 2137 494 2138 486 2138 480 2138 457 2139 471 2139 490 2139 481 2140 491 2140 482 2140 477 2141 457 2141 492 2141 496 2142 487 2142 488 2142 474 2143 478 2143 501 2143 499 2144 493 2144 485 2144 475 2145 474 2145 501 2145 505 2146 493 2146 499 2146 501 2147 478 2147 498 2147 503 2148 500 2148 485 2148 496 2149 484 2149 494 2149 506 2150 494 2150 495 2150 507 2151 503 2151 492 2151 492 2152 490 2152 507 2152 491 2153 508 2153 495 2153 512 2154 496 2154 509 2154 512 2155 497 2155 496 2155 510 2156 500 2156 503 2156 582 2157 509 2157 506 2157 582 2158 506 2158 508 2158 502 2159 498 2159 521 2159 569 2160 582 2160 508 2160 579 2161 505 2161 510 2161 515 2162 516 2162 507 2162 291 2163 568 2163 452 2163 519 2164 433 2164 387 2164 421 2165 273 2165 435 2165 421 2166 435 2166 315 2166 519 2167 387 2167 517 2167 343 2168 517 2168 389 2168 343 2169 389 2169 344 2169 403 2170 414 2170 523 2170 524 2171 420 2171 408 2171 522 2172 415 2172 399 2172 526 2173 417 2173 418 2173 525 2174 408 2174 413 2174 528 2175 522 2175 399 2175 414 2176 417 2176 529 2176 567 2177 522 2177 528 2177 567 2178 527 2178 522 2178 533 2179 535 2179 578 2179 542 2180 549 2180 520 2180 578 2181 535 2181 537 2181 537 2182 535 2182 538 2182 526 2183 545 2183 529 2183 310 2184 540 2184 337 2184 344 2185 390 2185 432 2185 428 2186 337 2186 358 2186 446 2187 519 2187 444 2187 443 2188 442 2188 444 2188 547 2189 546 2189 525 2189 581 2190 547 2190 527 2190 527 2191 567 2191 581 2191 544 2192 446 2192 571 2192 504 2193 550 2193 513 2193 106 2194 558 2194 145 2194 180 2195 147 2195 559 2195 72 2196 57 2196 81 2196 84 2197 91 2197 551 2197 551 2198 92 2198 660 2198 84 2199 552 2199 82 2199 76 2200 83 2200 553 2200 41 2201 554 2201 39 2201 99 2202 634 2202 98 2202 260 2203 555 2203 557 2203 445 2204 582 2204 569 2204 145 2205 113 2205 146 2205 559 2206 147 2206 105 2206 147 2207 180 2207 560 2207 81 2208 91 2208 85 2208 660 2209 552 2209 551 2209 83 2210 76 2210 77 2210 99 2211 41 2211 634 2211 555 2212 254 2212 556 2212 449 2213 509 2213 444 2213 456 2214 249 2214 261 2214 472 2215 456 2215 483 2215 491 2216 481 2216 565 2216 508 2217 491 2217 566 2217 569 2218 508 2218 566 2218 446 2219 445 2219 569 2219 338 2220 450 2220 339 2220 358 2221 432 2221 436 2221 453 2222 454 2222 439 2222 448 2223 315 2223 435 2223 452 2224 435 2224 292 2224 452 2225 292 2225 291 2225 430 2226 434 2226 543 2226 518 2227 434 2227 433 2227 549 2228 581 2228 567 2228 446 2229 569 2229 571 2229 581 2230 568 2230 547 2230 579 2231 572 2231 570 2231 510 2232 572 2232 579 2232 573 2233 572 2233 516 2233 548 2234 574 2234 575 2234 549 2235 548 2235 576 2235 536 2236 571 2236 537 2236 573 2237 533 2237 578 2237 537 2238 572 2238 578 2238 577 2239 573 2239 574 2239 534 2240 573 2240 577 2240 543 2241 434 2241 544 2241 444 2242 517 2242 450 2242 538 2243 438 2243 536 2243 438 2244 538 2244 441 2244 439 2245 440 2245 453 2245 547 2246 440 2246 546 2246 481 2247 483 2247 479 2247 565 2248 481 2248 493 2248 566 2249 565 2249 505 2249 446 2250 434 2250 518 2250 489 2251 550 2251 504 2251 501 2252 550 2252 475 2252 471 2253 580 2253 489 2253 550 2254 489 2254 580 2254 555 2255 464 2255 580 2255 254 2256 555 2256 471 2256 550 2257 502 2257 514 2257 568 2258 581 2258 542 2258 530 2259 546 2259 539 2259 539 2260 532 2260 530 2260 545 2261 534 2261 529 2261 529 2262 534 2262 523 2262 577 2263 531 2263 523 2263 576 2264 575 2264 514 2264 516 2265 515 2265 574 2265 520 2266 576 2266 521 2266 504 2267 513 2267 515 2267 507 2268 504 2268 515 2268 570 2269 566 2269 579 2269 511 2270 512 2270 541 2270 541 2271 520 2271 511 2271 512 2272 509 2272 449 2272 440 2273 539 2273 546 2273 726 2274 719 2274 801 2274 583 2275 778 2275 584 2275 587 2276 1791 2276 770 2276 593 2277 596 2277 598 2277 599 2278 588 2278 592 2278 600 2279 593 2279 595 2279 586 2280 587 2280 770 2280 820 2281 594 2281 593 2281 821 2282 599 2282 600 2282 1791 2283 601 2283 770 2283 818 2284 816 2284 589 2284 770 2285 601 2285 590 2285 776 2286 583 2286 770 2286 193 2287 656 2287 657 2287 656 2288 192 2288 653 2288 859 2289 610 2289 612 2289 754 2290 865 2290 753 2290 653 2291 625 2291 1792 2291 27 2292 13 2292 15 2292 626 2293 1073 2293 647 2293 627 2294 626 2294 647 2294 563 2295 627 2295 164 2295 34 2296 32 2296 633 2296 630 2297 34 2297 629 2297 37 2298 631 2298 29 2298 226 2299 136 2299 154 2299 1792 2300 656 2300 653 2300 215 2301 217 2301 207 2301 223 2302 209 2302 222 2302 224 2303 210 2303 219 2303 642 2304 95 2304 97 2304 97 2305 96 2305 98 2305 1792 2306 625 2306 12 2306 137 2307 136 2307 637 2307 644 2308 637 2308 226 2308 639 2309 641 2309 642 2309 644 2310 659 2310 637 2310 225 2311 659 2311 144 2311 97 2312 638 2312 642 2312 98 2313 638 2313 97 2313 560 2314 98 2314 635 2314 643 2315 562 2315 625 2315 181 2316 185 2316 639 2316 652 2317 644 2317 645 2317 169 2318 164 2318 627 2318 24 2319 166 2319 25 2319 646 2320 169 2320 627 2320 638 2321 560 2321 179 2321 656 2322 1792 2322 12 2322 142 2323 649 2323 158 2323 648 2324 142 2324 1781 2324 636 2325 651 2325 634 2325 639 2326 179 2326 181 2326 651 2327 643 2327 144 2327 645 2328 560 2328 652 2328 625 2329 653 2329 643 2329 652 2330 635 2330 644 2330 659 2331 651 2331 144 2331 218 2332 215 2332 655 2332 215 2333 654 2333 655 2333 218 2334 655 2334 216 2334 654 2335 196 2335 199 2335 192 2336 9 2336 653 2336 198 2337 193 2337 194 2337 199 2338 198 2338 658 2338 199 2339 658 2339 205 2339 96 2340 95 2340 968 2340 30 2341 636 2341 32 2341 661 2342 39 2342 51 2342 51 2343 54 2343 58 2343 58 2344 561 2344 60 2344 78 2345 553 2345 86 2345 43 2346 42 2346 32 2346 93 2347 92 2347 94 2347 92 2348 1000 2348 94 2348 76 2349 73 2349 68 2349 225 2350 637 2350 659 2350 20 2351 137 2351 225 2351 25 2352 20 2352 26 2352 712 2353 151 2353 1782 2353 716 2354 156 2354 662 2354 665 2355 101 2355 154 2355 666 2356 640 2356 664 2356 25 2357 166 2357 640 2357 664 2358 170 2358 150 2358 675 2359 154 2359 714 2359 708 2360 713 2360 665 2360 714 2361 632 2361 675 2361 684 2362 671 2362 699 2362 666 2363 699 2363 671 2363 672 2364 670 2364 138 2364 678 2365 676 2365 668 2365 679 2366 667 2366 674 2366 668 2367 667 2367 678 2367 677 2368 699 2368 666 2368 682 2369 673 2369 683 2369 670 2370 686 2370 675 2370 698 2371 706 2371 684 2371 689 2372 694 2372 690 2372 696 2373 707 2373 688 2373 707 2374 692 2374 688 2374 694 2375 696 2375 695 2375 688 2376 697 2376 696 2376 671 2377 684 2377 672 2377 702 2378 672 2378 685 2378 170 2379 166 2379 171 2379 171 2380 167 2380 165 2380 169 2381 646 2381 176 2381 1781 2382 174 2382 648 2382 157 2383 174 2383 1781 2383 650 2384 665 2384 174 2384 681 2385 680 2385 691 2385 675 2386 686 2386 682 2386 689 2387 685 2387 703 2387 682 2388 687 2388 674 2388 679 2389 674 2389 680 2389 698 2390 693 2390 706 2390 694 2391 689 2391 696 2391 703 2392 705 2392 689 2392 707 2393 705 2393 693 2393 690 2394 670 2394 685 2394 697 2395 687 2395 695 2395 690 2396 695 2396 670 2396 684 2397 703 2397 685 2397 686 2398 695 2398 687 2398 687 2399 697 2399 688 2399 692 2400 691 2400 688 2400 693 2401 698 2401 691 2401 706 2402 704 2402 684 2402 668 2403 677 2403 711 2403 673 2404 710 2404 683 2404 667 2405 709 2405 673 2405 713 2406 710 2406 715 2406 683 2407 710 2407 708 2407 709 2408 715 2408 710 2408 711 2409 712 2409 669 2409 665 2410 154 2410 708 2410 665 2411 713 2411 172 2411 679 2412 678 2412 667 2412 669 2413 709 2413 667 2413 715 2414 709 2414 712 2414 1782 2415 173 2415 712 2415 173 2416 1782 2416 155 2416 666 2417 711 2417 677 2417 170 2418 161 2418 150 2418 135 2419 161 2419 139 2419 132 2420 135 2420 141 2420 168 2421 133 2421 141 2421 649 2422 716 2422 700 2422 662 2423 700 2423 716 2423 700 2424 662 2424 701 2424 761 2425 762 2425 848 2425 722 2426 718 2426 720 2426 804 2427 721 2427 722 2427 718 2428 721 2428 802 2428 814 2429 720 2429 726 2429 719 2430 718 2430 802 2430 732 2431 877 2431 887 2431 732 2432 874 2432 733 2432 879 2433 744 2433 767 2433 915 2434 839 2434 834 2434 883 2435 741 2435 743 2435 839 2436 745 2436 835 2436 745 2437 839 2437 880 2437 745 2438 744 2438 835 2438 781 2439 908 2439 911 2439 913 2440 747 2440 749 2440 748 2441 747 2441 751 2441 781 2442 909 2442 908 2442 727 2443 764 2443 766 2443 727 2444 766 2444 728 2444 722 2445 720 2445 812 2445 585 2446 825 2446 774 2446 586 2447 585 2447 592 2447 623 2448 1793 2448 786 2448 807 2449 786 2449 1793 2449 583 2450 776 2450 778 2450 782 2451 779 2451 781 2451 830 2452 784 2452 786 2452 784 2453 788 2453 787 2453 783 2454 912 2454 791 2454 791 2455 912 2455 831 2455 720 2456 814 2456 811 2456 790 2457 792 2457 794 2457 808 2458 824 2458 809 2458 792 2459 780 2459 793 2459 809 2460 800 2460 802 2460 805 2461 722 2461 812 2461 605 2462 604 2462 724 2462 802 2463 721 2463 809 2463 777 2464 800 2464 809 2464 813 2465 811 2465 814 2465 815 2466 814 2466 726 2466 589 2467 815 2467 590 2467 777 2468 776 2468 801 2468 816 2469 813 2469 815 2469 622 2470 723 2470 1793 2470 1793 2471 623 2471 622 2471 809 2472 799 2472 777 2472 799 2473 824 2473 793 2473 779 2474 782 2474 799 2474 791 2475 825 2475 584 2475 823 2476 794 2476 824 2476 723 2477 725 2477 1793 2477 807 2478 1793 2478 725 2478 751 2479 750 2479 905 2479 916 2480 826 2480 828 2480 825 2481 831 2481 771 2481 838 2482 837 2482 747 2482 913 2483 838 2483 747 2483 810 2484 723 2484 752 2484 810 2485 752 2485 817 2485 771 2486 795 2486 772 2486 833 2487 890 2487 788 2487 789 2488 788 2488 890 2488 840 2489 785 2489 787 2489 842 2490 840 2490 790 2490 794 2491 842 2491 790 2491 846 2492 804 2492 805 2492 845 2493 623 2493 785 2493 794 2494 844 2494 842 2494 844 2495 843 2495 842 2495 785 2496 840 2496 845 2496 804 2497 846 2497 843 2497 844 2498 841 2498 843 2498 621 2499 623 2499 846 2499 805 2500 621 2500 846 2500 797 2501 617 2501 876 2501 762 2502 850 2502 848 2502 897 2503 615 2503 853 2503 851 2504 849 2504 854 2504 612 2505 611 2505 613 2505 855 2506 610 2506 762 2506 856 2507 611 2507 855 2507 859 2508 854 2508 850 2508 612 2509 858 2509 859 2509 897 2510 902 2510 898 2510 761 2511 848 2511 624 2511 866 2512 861 2512 863 2512 754 2513 619 2513 618 2513 759 2514 862 2514 760 2514 868 2515 865 2515 866 2515 865 2516 868 2516 753 2516 624 2517 867 2517 761 2517 603 2518 773 2518 606 2518 774 2519 773 2519 592 2519 774 2520 825 2520 771 2520 869 2521 786 2521 806 2521 735 2522 738 2522 736 2522 733 2523 872 2523 873 2523 888 2524 732 2524 734 2524 733 2525 873 2525 734 2525 733 2526 874 2526 872 2526 872 2527 765 2527 735 2527 766 2528 765 2528 872 2528 872 2529 875 2529 766 2529 764 2530 739 2530 765 2530 727 2531 868 2531 764 2531 763 2532 764 2532 866 2532 866 2533 863 2533 763 2533 753 2534 868 2534 619 2534 757 2535 620 2535 755 2535 756 2536 863 2536 757 2536 860 2537 848 2537 756 2537 731 2538 763 2538 756 2538 611 2539 857 2539 613 2539 857 2540 876 2540 613 2540 609 2541 849 2541 607 2541 877 2542 879 2542 887 2542 884 2543 744 2543 886 2543 835 2544 744 2544 884 2544 838 2545 913 2545 742 2545 769 2546 885 2546 884 2546 741 2547 838 2547 742 2547 743 2548 839 2548 915 2548 742 2549 880 2549 743 2549 834 2550 836 2550 826 2550 883 2551 882 2551 837 2551 881 2552 827 2552 836 2552 884 2553 836 2553 835 2553 913 2554 746 2554 742 2554 878 2555 871 2555 870 2555 873 2556 735 2556 737 2556 736 2557 871 2557 737 2557 878 2558 870 2558 744 2558 853 2559 902 2559 897 2559 797 2560 717 2560 617 2560 615 2561 614 2561 616 2561 887 2562 879 2562 874 2562 739 2563 886 2563 740 2563 870 2564 736 2564 886 2564 871 2565 888 2565 737 2565 879 2566 767 2566 875 2566 880 2567 742 2567 746 2567 832 2568 837 2568 885 2568 869 2569 889 2569 857 2569 797 2570 796 2570 731 2570 886 2571 796 2571 884 2571 884 2572 795 2572 769 2572 795 2573 912 2573 769 2573 830 2574 856 2574 829 2574 829 2575 890 2575 833 2575 746 2576 914 2576 789 2576 758 2577 757 2577 759 2577 822 2578 620 2578 758 2578 864 2579 754 2579 822 2579 760 2580 865 2580 864 2580 760 2581 862 2581 865 2581 894 2582 896 2582 906 2582 906 2583 896 2584 907 2585 899 2586 751 2586 901 2586 748 2587 893 2587 892 2587 897 2588 612 2588 615 2588 896 2589 895 2589 907 2589 893 2590 748 2590 899 2590 917 2591 903 2591 894 2591 902 2592 853 2592 851 2592 904 2593 749 2593 892 2593 904 2594 907 2594 749 2594 895 2595 901 2595 905 2595 895 2596 900 2596 901 2596 853 2597 852 2597 851 2597 909 2598 907 2598 908 2598 749 2599 907 2599 910 2599 905 2600 911 2600 908 2600 750 2601 912 2601 911 2601 797 2602 876 2602 803 2602 604 2603 796 2603 797 2603 886 2604 739 2604 796 2604 795 2605 831 2605 912 2605 856 2606 830 2606 869 2606 829 2607 855 2607 890 2607 762 2608 729 2608 890 2608 746 2609 913 2609 914 2609 847 2610 789 2610 914 2610 728 2611 767 2611 890 2611 780 2612 909 2612 781 2612 780 2613 792 2613 909 2613 913 2614 910 2614 847 2614 840 2615 843 2615 846 2615 805 2616 812 2616 621 2616 812 2617 811 2617 622 2617 816 2618 752 2618 813 2618 752 2619 816 2619 817 2619 817 2620 816 2620 818 2620 819 2621 597 2621 817 2621 877 2622 732 2622 888 2622 877 2623 888 2623 878 2623 743 2624 915 2624 828 2624 915 2625 834 2625 916 2625 893 2626 899 2626 903 2626 906 2627 917 2627 894 2627 200 2628 188 2628 0 2628 190 2629 193 2629 657 2629 934 2630 918 2630 920 2630 920 2631 932 2631 934 2631 920 2632 1082 2632 932 2632 1082 2633 933 2633 932 2633 923 2634 1779 2634 924 2634 925 2635 1496 2635 926 2635 925 2636 927 2636 1496 2636 927 2637 1497 2637 1496 2637 27 2638 951 2638 1497 2638 27 2639 1497 2639 13 2639 927 2640 13 2640 1497 2640 929 2641 931 2641 933 2641 927 2642 925 2642 23 2642 925 2643 939 2643 23 2643 938 2644 935 2644 936 2644 939 2645 941 2645 23 2645 927 2646 23 2646 22 2646 941 2647 1073 2647 21 2647 941 2648 21 2648 23 2648 958 2649 949 2649 951 2649 1436 2650 949 2650 953 2650 957 2651 949 2651 958 2651 956 2652 955 2652 957 2652 953 2653 955 2653 1513 2653 952 2654 949 2654 957 2654 957 2655 954 2655 952 2655 952 2656 954 2656 953 2656 966 2657 969 2657 967 2657 965 2658 971 2658 966 2658 971 2659 46 2659 966 2659 962 2660 45 2660 973 2660 975 2661 970 2661 972 2661 963 2662 974 2662 972 2662 974 2663 963 2663 979 2663 983 2664 971 2664 970 2664 985 2665 983 2665 970 2665 975 2666 985 2666 970 2666 971 2667 983 2667 1780 2667 88 2668 976 2668 89 2668 974 2669 979 2669 980 2669 980 2670 982 2670 974 2670 70 2671 64 2671 981 2671 983 2672 63 2672 1780 2672 984 2673 59 2673 61 2673 981 2674 64 2674 983 2674 989 2675 982 2675 980 2675 971 2676 1780 2676 67 2676 990 2677 984 2677 69 2677 997 2678 986 2678 985 2678 990 2679 1435 2679 980 2679 1430 2680 988 2680 989 2680 991 2681 990 2681 74 2681 990 2682 1431 2682 1435 2682 994 2683 991 2683 79 2683 981 2684 987 2684 75 2684 977 2685 987 2685 996 2685 997 2686 987 2686 986 2686 1430 2687 992 2687 988 2687 992 2688 1427 2688 993 2688 995 2689 79 2689 87 2689 1002 2690 994 2690 995 2690 999 2691 996 2691 997 2691 998 2692 1000 2692 996 2692 89 2693 977 2693 1000 2693 1002 2694 1514 2694 1429 2694 995 2695 87 2695 94 2695 185 2696 182 2696 1010 2696 1007 2697 1006 2697 1046 2697 1008 2698 1005 2698 1007 2698 1008 2699 1014 2699 1009 2699 1064 2700 1007 2700 1046 2700 1007 2701 1015 2701 1008 2701 1012 2702 184 2702 111 2702 1017 2703 1005 2703 1016 2703 1019 2704 1006 2704 1017 2704 1019 2705 1017 2705 1018 2705 1020 2706 1018 2706 1021 2706 1040 2707 1019 2707 1020 2707 1023 2708 1040 2708 1020 2708 1070 2709 1023 2709 1071 2709 1071 2710 1023 2710 129 2710 129 2711 1020 2711 1022 2711 126 2712 1070 2712 128 2712 1028 2713 1024 2713 1026 2713 1052 2714 1027 2714 1028 2714 1048 2715 1051 2715 1049 2715 1029 2716 1493 2716 1030 2716 1067 2717 1034 2717 1033 2717 1046 2718 1006 2718 1037 2718 1006 2719 1019 2719 1037 2719 1040 2720 1038 2720 1019 2720 1023 2721 1070 2721 1039 2721 934 2722 931 2722 935 2722 918 2723 935 2723 925 2723 934 2724 935 2724 918 2724 1012 2725 111 2725 110 2725 1503 2726 1043 2726 1045 2726 1015 2727 1042 2727 1013 2727 1037 2728 1066 2728 1046 2728 1562 2729 1048 2729 1050 2729 1026 2730 1025 2730 153 2730 1027 2731 1053 2731 1055 2731 160 2732 159 2732 1063 2732 1033 2733 1035 2733 1053 2733 1057 2734 1056 2734 663 2734 1565 2735 1053 2735 1048 2735 1051 2736 1053 2736 1027 2736 1025 2737 1057 2737 163 2737 1072 2738 947 2738 946 2738 1492 2739 944 2739 1059 2739 1492 2740 1059 2740 1508 2740 1069 2741 1518 2741 1032 2741 1010 2742 1075 2742 1043 2742 1044 2743 1064 2743 1046 2743 1066 2744 1047 2744 1046 2744 1508 2745 177 2745 646 2745 128 2746 1071 2746 129 2746 1063 2747 701 2747 1062 2747 947 2748 1072 2748 1059 2748 1070 2749 126 2749 160 2749 641 2750 95 2750 642 2750 1075 2751 1010 2751 184 2751 184 2752 1012 2752 1074 2752 178 2753 946 2753 1061 2753 1055 2754 1057 2754 1024 2754 177 2755 1059 2755 1072 2755 1779 2756 921 2756 926 2756 923 2757 1076 2757 1079 2757 1081 2758 1076 2758 933 2758 1078 2759 1794 2759 921 2759 1794 2760 1080 2760 921 2760 1082 2761 1081 2761 933 2761 1081 2762 1092 2762 1076 2762 1078 2763 1085 2763 1794 2763 1089 2764 1085 2764 1078 2764 1794 2765 1085 2765 1080 2765 1084 2766 1093 2766 1081 2766 1085 2767 1086 2767 1084 2767 1088 2768 1093 2768 1084 2768 1083 2769 1099 2769 1098 2769 1102 2770 1090 2770 1089 2770 1098 2771 1102 2771 1089 2771 1511 2772 1099 2772 1083 2772 1101 2773 1512 2773 1092 2773 1099 2774 1511 2774 1103 2774 1105 2775 1090 2775 1102 2775 1104 2776 1106 2776 1495 2776 1107 2777 1105 2777 1108 2777 1495 2778 1106 2778 1103 2778 1107 2779 1096 2779 1105 2779 1100 2780 1095 2780 1107 2780 937 2781 929 2781 1041 2781 1047 2782 1109 2782 1044 2782 1092 2783 1081 2783 1093 2783 1013 2784 1426 2784 1014 2784 1115 2785 1021 2785 1018 2785 130 2786 1022 2786 230 2786 1009 2787 1114 2787 1018 2787 1014 2788 1116 2788 1009 2788 1117 2789 1113 2789 1022 2789 1118 2790 1117 2790 1021 2790 1795 2791 1118 2791 1115 2791 1796 2792 1113 2792 1117 2792 230 2793 1113 2793 1797 2793 1797 2794 1798 2794 230 2794 1799 2795 1014 2795 1426 2795 1116 2796 1014 2796 1799 2796 1120 2797 1111 2797 228 2797 1800 2798 1798 2798 1797 2798 1121 2799 1332 2799 1122 2799 1332 2800 1127 2800 1122 2800 1137 2801 1123 2801 1138 2801 1127 2802 1129 2802 1128 2802 1129 2803 1140 2803 1130 2803 1133 2804 1132 2804 1135 2804 1455 2805 1144 2805 1143 2805 1143 2806 1145 2806 1134 2806 1433 2807 1131 2807 1133 2807 1335 2808 1137 2808 1136 2808 1335 2809 1136 2809 1141 2809 1141 2810 1124 2810 1126 2810 1134 2811 1145 2811 1135 2811 1142 2812 1121 2812 1123 2812 1183 2813 1149 2813 1151 2813 1169 2814 1153 2814 1151 2814 1307 2815 1157 2815 1149 2815 1169 2816 1151 2816 1150 2816 1182 2817 1162 2817 1161 2817 1181 2818 1161 2818 1146 2818 1146 2819 1152 2819 1147 2819 1173 2820 1157 2820 1174 2820 1182 2821 1163 2821 1162 2821 1162 2822 1307 2822 1149 2822 1148 2823 1159 2823 1167 2823 1165 2824 1166 2824 1179 2824 1168 2825 1176 2825 1153 2825 1176 2826 1444 2826 1147 2826 1157 2827 1154 2827 1150 2827 1156 2828 1169 2828 1150 2828 1180 2829 1173 2829 1178 2829 1157 2830 1179 2830 1174 2830 1177 2831 1159 2831 1172 2831 1165 2832 1162 2832 1164 2832 1163 2833 1158 2833 1164 2833 1164 2834 1160 2834 1166 2834 1178 2835 1175 2835 1306 2835 1167 2836 1163 2836 1181 2836 1210 2837 1201 2837 1212 2837 1304 2838 1196 2838 1186 2838 1210 2839 1198 2839 1201 2839 1200 2840 1187 2840 1189 2840 1218 2841 1197 2841 1155 2841 1221 2842 1195 2842 1187 2842 1202 2843 1195 2843 1221 2843 1187 2844 1199 2844 1221 2844 1201 2845 1200 2845 1212 2845 1198 2846 1187 2846 1201 2846 1205 2847 1202 2847 1204 2847 1215 2848 1199 2848 1216 2848 1216 2849 1199 2849 1192 2849 1211 2850 1207 2850 1209 2850 1194 2851 1207 2851 1211 2851 1196 2852 1212 2852 1186 2852 1213 2853 1189 2853 1211 2853 1210 2854 1190 2854 1192 2854 1186 2855 1200 2855 1184 2855 1184 2856 1213 2856 1209 2856 1203 2857 1215 2857 1204 2857 1204 2858 1216 2858 1206 2858 1190 2859 1217 2859 1191 2859 1220 2860 1217 2860 1218 2860 1220 2861 1208 2861 1217 2861 1415 2862 1219 2862 1220 2862 1214 2863 1194 2863 1206 2863 1207 2864 1194 2864 1217 2864 1203 2865 1202 2865 1221 2865 1388 2866 1236 2866 1389 2866 1219 2867 1230 2867 1388 2867 1233 2868 1251 2868 1234 2868 1305 2869 1228 2869 1227 2869 1227 2870 1234 2870 1305 2870 1236 2871 1224 2871 1389 2871 1241 2872 1243 2872 1242 2872 1245 2873 1251 2873 1246 2873 1246 2874 1251 2874 1231 2874 1235 2875 1239 2875 1225 2875 1232 2876 1388 2876 1230 2876 1222 2877 1235 2877 1225 2877 1238 2878 1228 2878 1309 2878 1224 2879 1236 2879 1237 2879 1232 2880 1233 2880 1237 2880 1237 2881 1227 2881 1229 2881 1228 2882 1238 2882 1235 2882 1233 2883 1227 2883 1237 2883 1224 2884 1237 2884 1222 2884 1417 2885 1240 2885 1242 2885 1232 2886 1231 2886 1251 2886 1247 2887 1246 2887 1248 2887 1417 2888 1242 2888 1308 2888 1238 2889 1247 2889 1248 2889 1251 2890 1245 2890 1250 2890 1243 2891 1248 2891 1244 2891 1263 2892 1258 2892 1261 2892 1259 2893 1255 2893 1257 2893 1270 2894 1258 2894 1259 2894 1279 2895 1264 2895 1266 2895 1266 2896 1262 2896 1267 2896 1256 2897 1255 2897 1268 2897 1260 2898 1276 2898 1257 2898 1252 2899 1390 2899 1269 2899 1258 2900 1270 2900 1269 2900 1416 2901 1271 2901 1226 2901 1252 2902 1270 2902 1253 2902 1253 2903 1259 2903 1257 2903 1272 2904 1271 2904 1261 2904 1275 2905 1278 2905 1271 2905 1279 2906 1266 2906 1273 2906 1278 2907 1273 2907 1267 2907 1416 2908 1274 2908 1271 2908 1271 2909 1278 2909 1267 2909 1274 2910 1276 2910 1275 2910 1256 2911 1264 2911 1279 2911 1277 2912 1256 2912 1273 2912 1275 2913 1260 2913 1278 2913 1268 2914 1263 2914 1265 2914 1295 2915 1289 2915 1281 2915 1286 2916 1291 2916 1287 2916 1285 2917 1284 2917 1288 2917 1293 2918 1283 2918 1285 2918 1292 2919 1300 2919 1299 2919 1297 2920 1284 2920 1283 2920 1282 2921 1281 2921 1290 2921 1296 2922 1288 2922 1284 2922 1292 2923 1303 2923 1283 2923 1299 2924 1300 2924 1295 2924 1293 2925 1301 2925 1300 2925 1287 2926 1301 2926 1285 2926 1292 2927 1299 2927 1302 2927 1298 2928 1299 2928 1281 2928 1172 2929 1147 2929 1170 2929 1182 2930 1161 2930 1181 2930 1146 2931 1148 2931 1167 2931 1444 2932 1170 2932 1147 2932 1251 2933 1233 2933 1232 2933 1309 2934 1228 2934 1305 2934 1249 2935 1309 2935 1305 2935 1236 2936 1388 2936 1232 2936 1222 2937 1229 2937 1235 2937 1305 2938 1234 2938 1250 2938 1261 2939 1269 2939 1272 2939 1264 2940 1256 2940 1268 2940 1390 2941 1226 2941 1269 2941 1306 2942 1175 2942 1177 2942 1174 2943 1166 2943 1177 2943 1180 2944 1155 2944 1154 2944 1173 2945 1154 2945 1157 2945 1307 2946 1162 2946 1165 2946 1218 2947 1190 2947 1197 2947 1195 2948 1202 2948 1205 2948 1242 2949 1244 2949 1230 2949 1308 2950 1242 2950 1230 2950 1240 2951 1225 2951 1241 2951 1309 2952 1249 2952 1247 2952 1241 2953 1239 2953 1238 2953 1245 2954 1249 2954 1250 2954 1265 2955 1262 2955 1266 2955 1415 2956 1220 2956 1311 2956 1323 2957 1322 2957 1186 2957 1308 2958 1317 2958 1417 2958 1186 2959 1185 2959 1323 2959 1254 2960 1253 2960 1312 2960 1416 2961 1419 2961 1274 2961 1316 2962 1419 2962 1418 2962 1323 2963 1389 2963 1321 2963 1324 2964 1321 2964 1326 2964 1325 2965 1324 2965 1421 2965 1321 2966 1325 2966 1322 2966 1801 2967 1180 2967 1178 2967 1801 2968 1155 2968 1180 2968 1801 2969 1218 2969 1155 2969 1417 2970 1226 2970 1240 2970 1310 2971 1218 2971 1801 2971 1310 2972 1220 2972 1218 2972 1331 2973 1127 2973 1332 2973 1339 2974 1433 2974 1133 2974 1329 2975 1139 2975 1129 2975 1340 2976 1133 2976 1328 2976 1346 2977 1334 2977 1335 2977 1335 2978 1141 2978 1346 2978 1144 2979 1336 2979 1145 2979 1338 2980 1331 2980 1121 2980 1334 2981 1142 2981 1137 2981 1145 2982 1341 2982 1328 2982 1342 2983 1333 2983 1329 2983 1345 2984 1338 2984 1142 2984 1141 2985 1330 2985 1344 2985 1456 2986 1337 2986 1336 2986 1347 2987 1345 2987 1334 2987 1353 2988 1339 2988 1340 2988 1337 2989 1456 2989 1341 2989 1348 2990 1342 2990 1331 2990 1439 2991 1333 2991 1351 2991 1456 2992 1360 2992 1341 2992 1338 2993 1355 2993 1348 2993 1341 2994 1360 2994 1349 2994 1352 2995 1350 2995 1342 2995 1351 2996 1350 2996 1458 2996 1354 2997 1340 2997 1349 2997 1346 2998 1364 2998 1347 2998 1364 2999 1346 2999 1344 2999 1457 3000 1360 3000 1456 3000 1360 3001 1357 3001 1349 3001 1459 3002 1353 3002 1354 3002 1458 3003 1350 3003 1363 3003 1457 3004 1359 3004 1360 3004 1369 3005 1357 3005 1359 3005 1345 3006 1361 3006 1355 3006 1365 3007 1344 3007 1356 3007 1373 3008 1369 3008 1359 3008 1364 3009 1366 3009 1347 3009 1366 3010 1364 3010 1365 3010 1361 3011 1348 3011 1355 3011 1357 3012 1371 3012 1358 3012 1347 3013 1367 3013 1361 3013 1372 3014 1362 3014 1352 3014 1424 3015 1459 3015 1354 3015 1374 3016 1372 3016 1348 3016 1372 3017 1376 3017 1362 3017 1424 3018 1354 3018 1375 3018 1378 3019 1365 3019 1377 3019 1367 3020 1366 3020 1361 3020 1380 3021 1379 3021 1361 3021 1374 3022 1381 3022 1372 3022 1381 3023 1376 3023 1372 3023 1461 3024 1425 3024 1385 3024 1448 3025 1368 3025 1373 3025 1383 3026 1378 3026 1377 3026 1371 3027 1384 3027 1375 3027 1386 3028 1252 3028 1254 3028 1322 3029 1304 3029 1186 3029 1155 3030 1313 3030 1169 3030 1155 3031 1304 3031 1313 3031 1390 3032 1252 3032 1387 3032 1387 3033 1327 3033 1223 3033 1185 3034 1209 3034 1389 3034 1393 3035 1283 3035 1303 3035 1392 3036 1286 3036 1296 3036 1302 3037 1298 3037 1396 3037 1396 3038 1393 3038 1302 3038 1394 3039 1297 3039 1283 3039 1297 3040 1397 3040 1392 3040 1286 3041 1398 3041 1391 3041 1399 3042 1282 3042 1391 3042 1392 3043 1402 3043 1398 3043 1395 3044 1280 3044 1399 3044 1393 3045 1400 3045 1394 3045 1397 3046 1401 3046 1392 3046 1394 3047 1400 3047 1397 3047 1410 3048 1406 3048 1405 3048 1801 3049 1178 3049 1310 3049 1417 3050 1418 3050 1416 3050 1311 3051 1317 3051 1415 3051 1422 3052 1443 3052 1442 3052 1396 3053 1414 3053 1400 3053 1446 3054 1400 3054 1420 3054 1446 3055 1401 3055 1400 3055 1453 3056 1403 3056 1407 3056 1379 3057 1326 3057 1381 3057 1461 3058 1370 3058 1425 3058 988 3059 997 3059 982 3059 999 3060 993 3060 1427 3060 998 3061 999 3061 1428 3061 1428 3062 1514 3062 998 3062 992 3063 1430 3063 1432 3063 1435 3064 1430 3064 989 3064 972 3065 965 3065 963 3065 959 3066 1004 3066 960 3066 1437 3067 1434 3067 1126 3067 1011 3068 1112 3068 1013 3068 1012 3069 1042 3069 1015 3069 1075 3070 1074 3070 1064 3070 1010 3071 1043 3071 1503 3071 997 3072 993 3072 999 3072 1514 3073 1428 3073 1429 3073 1432 3074 1429 3074 992 3074 940 3075 938 3075 1492 3075 1126 3076 1125 3076 1437 3076 1131 3077 1433 3077 1437 3077 1126 3078 1434 3078 1330 3078 1455 3079 1140 3079 1438 3079 1333 3080 1438 3080 1139 3080 1363 3081 1441 3081 1458 3081 1376 3082 1440 3082 1363 3082 1387 3083 1223 3083 1222 3083 1306 3084 1315 3084 1178 3084 1389 3085 1224 3085 1327 3085 1419 3086 1442 3086 1274 3086 1185 3087 1389 3087 1323 3087 1418 3088 1417 3088 1317 3088 1276 3089 1274 3089 1443 3089 1325 3090 1168 3090 1313 3090 1176 3091 1168 3091 1444 3091 1276 3092 1443 3092 1312 3092 1318 3093 1254 3093 1312 3093 1178 3094 1314 3094 1311 3094 1320 3095 1319 3095 1381 3095 1407 3096 1402 3096 1401 3096 1325 3097 1421 3097 1444 3097 1444 3098 1408 3098 1446 3098 1170 3099 1444 3099 1446 3099 1423 3100 1422 3100 1413 3100 1423 3101 1447 3101 1445 3101 1450 3102 1449 3102 1447 3102 1407 3103 1451 3103 1453 3103 1447 3104 1423 3104 1411 3104 1450 3105 1447 3105 1405 3105 1454 3106 1384 3106 1450 3106 1384 3107 1454 3107 1452 3107 1450 3108 1405 3108 1404 3108 1387 3109 1386 3109 1320 3109 1442 3110 1419 3110 1413 3110 1410 3111 1412 3111 1316 3111 1406 3112 1410 3112 1316 3112 1314 3113 1406 3113 1316 3113 1315 3114 1170 3114 1420 3114 1439 3115 1336 3115 1438 3115 1351 3116 1456 3116 1439 3116 1458 3117 1457 3117 1351 3117 1441 3118 1359 3118 1458 3118 1440 3119 1373 3119 1441 3119 1421 3120 1383 3120 1409 3120 1319 3121 1318 3121 1312 3121 1460 3122 1370 3122 1356 3122 1460 3123 1434 3123 1339 3123 1343 3124 1330 3124 1460 3124 1377 3125 1370 3125 1461 3125 1407 3126 1401 3126 1408 3126 1406 3127 1396 3127 1404 3127 1454 3128 1404 3128 1391 3128 1454 3129 1391 3129 1403 3129 1451 3130 1461 3130 1452 3130 1383 3131 1377 3131 1451 3131 1383 3132 1366 3132 1378 3132 1368 3133 1449 3133 1371 3133 1371 3134 1449 3134 1384 3134 1382 3135 1445 3135 1376 3135 1445 3136 1448 3136 1440 3136 1319 3137 1445 3137 1382 3137 1383 3138 1324 3138 1380 3138 1380 3139 1326 3139 1379 3139 1315 3140 1420 3140 1314 3140 1572 3141 1654 3141 1567 3141 1464 3142 1463 3142 1613 3142 1607 3143 1613 3143 1463 3143 1607 3144 1802 3144 1471 3144 1802 3145 1481 3145 1480 3145 1607 3146 1471 3146 1473 3146 1476 3147 1469 3147 1475 3147 1774 3148 1468 3148 1470 3148 1607 3149 1481 3149 1802 3149 1473 3150 1472 3150 1474 3150 1773 3151 1467 3151 1653 3151 1481 3152 1466 3152 1479 3152 1611 3153 1469 3153 1612 3153 1619 3154 1481 3154 1463 3154 1469 3155 1611 3155 1474 3155 1079 3156 1779 3156 923 3156 924 3157 1779 3157 926 3157 1077 3158 928 3158 930 3158 1496 3159 924 3159 926 3159 923 3160 922 3160 1077 3160 918 3161 925 3161 921 3161 1803 3162 1725 3162 1724 3162 1690 3163 1485 3163 1487 3163 1722 3164 1721 3164 1684 3164 1740 3165 1738 3165 1725 3165 1602 3166 1804 3166 1715 3166 1769 3167 1679 3167 1615 3167 1696 3168 1602 3168 1715 3168 922 3169 1494 3169 1498 3169 1073 3170 940 3170 1491 3170 1513 3171 1436 3171 953 3171 956 3172 629 3172 955 3172 629 3173 956 3173 948 3173 948 3174 958 3174 27 3174 942 3175 1492 3175 938 3175 1109 3176 1047 3176 1493 3176 1101 3177 1091 3177 1495 3177 1096 3178 1107 3178 1095 3178 1107 3179 1104 3179 1094 3179 1108 3180 1105 3180 1097 3180 628 3181 1513 3181 955 3181 1504 3182 960 3182 1004 3182 950 3183 1436 3183 1505 3183 1029 3184 1499 3184 1493 3184 1502 3185 1109 3185 1499 3185 1010 3186 1500 3186 185 3186 943 3187 1029 3187 1031 3187 1003 3188 641 3188 1500 3188 1004 3189 1003 3189 1500 3189 1506 3190 1498 3190 950 3190 944 3191 943 3191 1060 3191 1109 3192 1507 3192 1045 3192 1491 3193 1508 3193 647 3193 951 3194 950 3194 1498 3194 1035 3195 1034 3195 1039 3195 1036 3196 1805 3196 1065 3196 1034 3197 1509 3197 1038 3197 1805 3198 1036 3198 1509 3198 1034 3199 1038 3199 1039 3199 1037 3200 1036 3200 1065 3200 1504 3201 1510 3201 960 3201 1503 3202 1507 3202 1504 3202 922 3203 1506 3203 1041 3203 1507 3204 1502 3204 1504 3204 1495 3205 1103 3205 1101 3205 1101 3206 1511 3206 1512 3206 944 3207 1492 3207 942 3207 1041 3208 928 3208 922 3208 1512 3209 1083 3209 1092 3209 1083 3210 1076 3210 1092 3210 1083 3211 1089 3211 1078 3211 960 3212 1505 3212 961 3212 1506 3213 1505 3213 1510 3213 42 3214 964 3214 633 3214 979 3215 963 3215 973 3215 1432 3216 991 3216 994 3216 998 3217 1001 3217 1000 3217 1429 3218 1432 3218 1002 3218 991 3219 1432 3219 1431 3219 984 3220 990 3220 980 3220 1499 3221 1029 3221 937 3221 1029 3222 943 3222 936 3222 942 3223 938 3223 936 3223 1562 3224 1565 3224 1048 3224 1054 3225 1057 3225 1055 3225 1060 3226 1517 3226 1518 3226 1517 3227 1060 3227 1031 3227 1031 3228 1030 3228 1516 3228 1525 3229 1110 3229 1066 3229 1537 3230 1559 3230 1528 3230 1516 3231 1528 3231 1559 3231 1524 3232 1526 3232 1030 3232 1564 3233 1531 3233 1521 3233 1526 3234 1524 3234 1525 3234 1557 3235 1516 3235 1559 3235 1557 3236 1529 3236 1520 3236 1535 3237 1534 3237 1532 3237 1564 3238 1530 3238 1549 3238 1529 3239 1550 3239 1530 3239 1553 3240 1537 3240 1554 3240 1542 3241 1541 3241 1536 3241 1545 3242 1551 3242 1552 3242 1546 3243 1540 3243 1542 3243 1547 3244 1544 3244 1546 3244 1537 3245 1553 3245 1559 3245 1518 3246 1069 3246 1060 3246 1069 3247 1059 3247 1058 3247 1065 3248 1805 3248 1067 3248 177 3249 1508 3249 1059 3249 1063 3250 1035 3250 160 3250 1067 3251 1805 3251 1509 3251 1065 3252 1067 3252 1515 3252 1533 3253 1546 3253 1526 3253 1541 3254 1806 3254 1536 3254 1564 3255 1549 3255 1531 3255 1556 3256 1806 3256 1555 3256 1556 3257 1552 3257 1554 3257 1543 3258 1541 3258 1544 3258 1540 3259 1544 3259 1541 3259 1806 3260 1541 3260 1555 3260 1543 3261 1552 3261 1555 3261 1542 3262 1536 3262 1526 3262 1547 3263 1546 3263 1538 3263 1537 3264 1536 3264 1806 3264 1533 3265 1538 3265 1546 3265 1538 3266 1539 3266 1547 3266 1537 3267 1806 3267 1556 3267 1532 3268 1534 3268 1560 3268 1521 3269 1532 3269 1561 3269 1558 3270 1520 3270 1519 3270 1522 3271 1563 3271 1560 3271 1524 3272 1030 3272 1110 3272 1522 3273 1560 3273 1523 3273 1561 3274 1560 3274 1563 3274 1558 3275 1519 3275 1562 3275 1552 3276 1543 3276 1545 3276 1525 3277 1066 3277 1523 3277 1515 3278 1068 3278 1522 3278 1555 3279 1552 3279 1556 3279 1539 3280 1549 3280 1551 3280 1563 3281 1562 3281 1561 3281 1068 3282 1033 3282 1562 3282 1050 3283 1049 3283 1517 3283 1052 3284 1032 3284 1051 3284 1028 3285 945 3285 1052 3285 1028 3286 1026 3286 945 3286 1026 3287 153 3287 1061 3287 1054 3288 1053 3288 1062 3288 1724 3289 1577 3289 1803 3289 1702 3290 1683 3290 1682 3290 1569 3291 1566 3291 1568 3291 1648 3292 1569 3292 1570 3292 1646 3293 1658 3293 1657 3293 1650 3294 1572 3294 1566 3294 1580 3295 1583 3295 1712 3295 1726 3296 1742 3296 1728 3296 1777 3297 1668 3297 1667 3297 1736 3298 1590 3298 1592 3298 1667 3299 1669 3299 1731 3299 1731 3300 1733 3300 1667 3300 1731 3301 1728 3301 1732 3301 1731 3302 1669 3302 1728 3302 1758 3303 1596 3303 1598 3303 1758 3304 1600 3304 1596 3304 1769 3305 1658 3305 1670 3305 1719 3306 1717 3306 1716 3306 1748 3307 1747 3308 1751 3309 1573 3310 1702 3310 1682 3310 1714 3311 1588 3311 1576 3311 1575 3312 1603 3312 1605 3312 1732 3313 1728 3313 1742 3313 1713 3314 1603 3314 1574 3314 1569 3315 1770 3315 1566 3315 1613 3316 1704 3316 1655 3316 1704 3317 1613 3317 1473 3317 1646 3318 1657 3318 1644 3318 1463 3319 1462 3319 1619 3319 1623 3320 1594 3320 1621 3320 1671 3321 1624 3321 1616 3321 1627 3322 1624 3322 1671 3322 1626 3323 1627 3323 1629 3323 1622 3324 1630 3324 1631 3324 1566 3325 1771 3325 1650 3325 1628 3326 1633 3326 1635 3326 1621 3327 1620 3327 1634 3327 1639 3328 1662 3328 1608 3328 1654 3329 1643 3329 1571 3329 1647 3330 1770 3330 1569 3330 1644 3331 1484 3331 1646 3331 1706 3332 1645 3332 1617 3332 1637 3333 1570 3333 1638 3333 1654 3334 1572 3334 1619 3334 1618 3335 1638 3335 1643 3335 1771 3336 1566 3336 1770 3336 1652 3337 1650 3337 1771 3337 1650 3338 1652 3338 1651 3338 1651 3339 1653 3339 1467 3339 1773 3340 1772 3340 1775 3340 1618 3341 1654 3341 1619 3341 1481 3342 1572 3342 1466 3342 1572 3343 1651 3343 1466 3343 1462 3344 1623 3344 1642 3344 1619 3345 1572 3345 1481 3345 1769 3346 1614 3346 1658 3346 1470 3347 1469 3347 1477 3347 1475 3348 1474 3348 1478 3348 1747 3349 1749 3349 1751 3349 1614 3350 1769 3350 1615 3350 1646 3351 1649 3351 1658 3351 1772 3352 1649 3352 1468 3352 1638 3353 1618 3353 1642 3353 1464 3354 1630 3354 1623 3354 1636 3355 1656 3355 1637 3355 1630 3356 1464 3356 1655 3356 1634 3357 1633 3357 1636 3357 1600 3358 1765 3358 1601 3358 1776 3359 1659 3360 1661 3361 1624 3362 1664 3362 1625 3362 1632 3363 1630 3363 1655 3363 1606 3364 1743 3364 1596 3364 1655 3365 1609 3365 1632 3365 1669 3366 1668 3366 1737 3366 1743 3367 1666 3367 1596 3367 1649 3368 1772 3368 1670 3368 1462 3369 1464 3369 1623 3369 1663 3370 1626 3370 1746 3370 1629 3371 1746 3371 1626 3371 1640 3372 1484 3372 1644 3372 1627 3373 1672 3373 1628 3373 1616 3374 1615 3374 1671 3374 1570 3375 1674 3375 1648 3375 1633 3376 1673 3376 1678 3376 1673 3377 1672 3377 1677 3377 1674 3378 1637 3378 1678 3378 1678 3379 1656 3379 1633 3379 1671 3380 1676 3380 1672 3380 1648 3381 1677 3381 1675 3381 1648 3382 1674 3382 1677 3382 1679 3383 1675 3383 1615 3383 1641 3384 1723 3384 1740 3384 1687 3385 1683 3385 1724 3385 1687 3386 1681 3386 1683 3386 1688 3387 1687 3387 1725 3387 1739 3388 1684 3388 1686 3388 1681 3389 1687 3389 1689 3389 1487 3390 1721 3390 1690 3390 1692 3391 1682 3391 1485 3391 1485 3392 1690 3392 1692 3392 1720 3393 1691 3393 1690 3393 1486 3394 1681 3394 1689 3394 1702 3395 1696 3395 1683 3395 1718 3396 1698 3396 1700 3396 1489 3397 1804 3397 1602 3397 1750 3398 1751 3398 1749 3398 1748 3399 1751 3399 1718 3399 1716 3400 1748 3400 1718 3400 1696 3401 1702 3401 1703 3401 1573 3402 1575 3402 1701 3402 1617 3403 1645 3403 1657 3403 1608 3404 1482 3404 1484 3404 1473 3405 1474 3405 1611 3405 1611 3406 1610 3406 1473 3406 1704 3407 1609 3407 1655 3407 1617 3408 1616 3408 1706 3408 1625 3409 1705 3409 1616 3409 1587 3410 1589 3410 1585 3410 1583 3411 1709 3411 1710 3411 1741 3412 1582 3412 1580 3412 1584 3413 1709 3413 1582 3413 1583 3414 1710 3414 1712 3414 1710 3415 1586 3415 1604 3415 1603 3416 1710 3416 1604 3416 1710 3417 1603 3417 1711 3417 1589 3418 1588 3418 1604 3418 1588 3419 1714 3419 1605 3419 1699 3420 1701 3420 1605 3420 1699 3421 1714 3421 1700 3421 1703 3422 1701 3422 1602 3422 1697 3423 1715 3423 1717 3423 1719 3424 1716 3424 1700 3424 1697 3425 1719 3425 1683 3425 1576 3426 1578 3426 1719 3426 1576 3427 1719 3427 1714 3427 1578 3428 1577 3428 1683 3428 1577 3429 1724 3429 1683 3429 1720 3430 1721 3430 1723 3430 1725 3431 1739 3431 1688 3431 1669 3432 1729 3432 1728 3432 1606 3433 1729 3433 1744 3433 1660 3434 1659 3434 1734 3434 1590 3435 1777 3435 1667 3435 1667 3436 1733 3436 1590 3436 1736 3437 1666 3437 1734 3437 1661 3438 1660 3438 1737 3438 1744 3439 1729 3439 1737 3439 1737 3440 1735 3440 1744 3440 1727 3441 1708 3441 1707 3441 1727 3442 1728 3442 1708 3442 1686 3443 1685 3443 1694 3443 1725 3444 1803 3444 1740 3444 1803 3445 1577 3445 1740 3445 1723 3446 1722 3446 1740 3446 1684 3447 1738 3447 1722 3447 1581 3448 1712 3448 1726 3448 1581 3449 1580 3449 1712 3449 1708 3450 1730 3450 1585 3450 1582 3451 1741 3451 1584 3451 1726 3452 1711 3452 1742 3452 1743 3453 1606 3453 1744 3453 1735 3454 1666 3454 1744 3454 1705 3455 1720 3455 1745 3455 1745 3456 1645 3456 1706 3456 1641 3457 1576 3457 1639 3457 1662 3458 1639 3458 1729 3458 1662 3459 1606 3459 1631 3459 1664 3460 1663 3460 1746 3460 1732 3461 1629 3461 1768 3461 1716 3462 1715 3462 1747 3462 1715 3463 1804 3463 1749 3463 1804 3464 1489 3464 1749 3464 1489 3465 1488 3465 1750 3465 1751 3466 1488 3466 1718 3466 1759 3467 1766 3467 1778 3467 1763 3468 1753 3468 1752 3468 1758 3469 1759 3469 1778 3469 1721 3470 1487 3470 1684 3470 1757 3471 1763 3471 1752 3471 1487 3472 1693 3472 1685 3472 1695 3473 1685 3473 1693 3473 1778 3474 1755 3474 1758 3474 1693 3475 1689 3475 1695 3475 1694 3476 1695 3476 1689 3476 1755 3477 1761 3477 1763 3477 1689 3478 1688 3478 1694 3478 1694 3479 1688 3479 1686 3479 1764 3480 1766 3480 1759 3480 1764 3481 1759 3482 1598 3483 1765 3484 1600 3484 1756 3484 1754 3485 1753 3485 1764 3485 1686 3486 1688 3486 1739 3486 1593 3487 1765 3487 1757 3487 1757 3488 1754 3488 1593 3488 1767 3489 1599 3489 1754 3489 1765 3490 1593 3490 1595 3490 1601 3491 1595 3491 1631 3491 1706 3492 1705 3492 1745 3492 1641 3493 1645 3493 1723 3493 1577 3494 1576 3494 1641 3494 1484 3495 1641 3495 1639 3495 1730 3496 1639 3496 1588 3496 1682 3497 1692 3497 1746 3497 1682 3498 1746 3498 1573 3498 1732 3499 1768 3499 1597 3499 1680 3500 1768 3500 1629 3500 1574 3501 1746 3501 1742 3501 1595 3502 1594 3502 1622 3502 1620 3503 1599 3503 1635 3503 1597 3504 1680 3504 1767 3504 1672 3505 1676 3505 1675 3505 1647 3506 1679 3506 1770 3506 1770 3507 1769 3507 1771 3507 1468 3508 1774 3508 1772 3508 1579 3509 1741 3509 1580 3509 1707 3510 1741 3510 1727 3510 1734 3511 1659 3511 1736 3511 1590 3512 1736 3512 1659 3512 1590 3513 1659 3513 1777 3513 1777 3514 1776 3514 1668 3514 1778 3515 1761 3515 1755 3515 920 3516 1080 3516 1082 3516 1798 3517 237 3517 230 3517 1807 3518 1808 3518 1809 3518 1810 3519 1811 3519 1812 3519 1813 3520 1814 3520 1815 3520 1816 3521 1817 3521 1818 3521 1819 3522 1820 3522 1821 3522 1814 3523 1813 3523 1822 3523 1823 3524 1812 3524 1811 3524 1824 3525 1825 3525 1826 3525 1827 3526 1828 3526 1829 3526 1830 3527 1826 3527 1831 3527 1832 3528 1829 3528 1828 3528 1815 3529 1833 3529 1834 3529 1835 3530 1831 3530 1833 3530 1836 3531 1837 3531 1818 3531 1817 3532 2023 3532 2024 3532 1817 3533 2024 3533 2025 3533 2025 3534 2026 3534 1817 3534 2030 3535 2032 3535 1818 3535 2042 3536 2043 3536 2044 3536 1810 3537 1818 3537 2032 3537 2045 3538 1892 3538 1811 3538 2034 3539 2024 3539 2046 3539 1824 3540 2047 3540 2046 3540 2046 3541 2024 3541 2023 3541 1807 3542 2048 3542 1808 3542 1807 3543 1828 3543 2049 3543 2050 3544 1835 3544 1815 3544 2051 3545 2052 3545 2050 3545 2053 3546 2049 3546 1828 3546 2053 3547 1811 3547 1892 3547 2047 3548 1830 3548 1835 3548 2054 3549 2056 3549 2048 3549 1807 3550 2049 3550 2054 3550 2048 3551 2065 3551 1821 3551 2066 3552 2065 3552 2056 3552 1814 3553 2067 3553 2057 3553 2072 3554 2044 3554 2043 3554 2073 3555 2072 3555 2074 3555 2075 3556 2076 3556 2074 3556 2077 3557 2078 3557 2079 3557 2080 3558 1821 3558 2065 3558 2081 3559 2065 3559 2066 3559 2067 3560 1814 3560 2075 3560 2082 3561 2080 3561 2081 3561 2043 3562 2074 3562 2072 3562 2043 3563 2042 3563 2075 3563 2078 3564 2082 3564 2044 3564 1808 3565 1821 3565 1820 3565 1832 3566 1807 3566 1809 3566 1836 3567 1810 3567 1812 3567 1824 3568 2210 3568 1825 3568 1834 3569 1813 3569 1815 3569 1837 3570 1816 3570 1818 3570 2077 3571 1819 3571 1821 3571 2075 3572 1822 3572 2076 3572 1827 3573 1823 3573 1811 3573 1830 3574 1824 3574 1826 3574 1823 3575 1827 3575 1829 3575 1817 3576 1816 3576 2023 3576 1835 3577 1830 3577 1831 3577 1807 3578 1832 3578 1828 3578 1815 3579 1835 3579 1833 3579 1810 3580 1836 3580 1818 3580 1818 3581 1817 3581 2030 3581 2030 3582 1817 3582 2026 3582 1810 3583 2045 3583 1811 3583 2045 3584 1810 3584 2032 3584 2210 3585 1824 3585 2046 3585 2210 3586 2046 3586 2023 3586 2051 3587 2050 3587 1815 3587 1827 3588 2053 3588 1828 3588 2053 3589 1827 3589 1811 3589 2047 3590 1824 3590 1830 3590 2050 3591 2047 3591 1835 3591 2047 3592 2050 3592 2055 3592 2052 3593 2055 3593 2050 3593 1807 3594 2054 3594 2048 3594 1808 3595 2048 3595 1821 3595 1815 3596 1814 3596 2051 3596 2048 3597 2056 3597 2065 3597 2051 3598 1814 3598 2052 3598 2052 3599 1814 3599 2057 3599 1819 3600 2077 3600 2079 3600 2074 3601 2076 3601 2216 3601 2077 3602 2080 3602 2078 3602 2080 3603 2077 3603 1821 3603 2075 3604 1814 3604 1822 3604 2081 3605 2080 3605 2065 3605 2042 3606 2067 3606 2075 3606 2083 3607 2082 3607 2081 3607 2043 3608 2075 3608 2074 3608 2144 3609 2142 3609 2198 3609 2073 3610 2219 3610 2072 3610 2078 3611 2072 3611 2219 3611 2083 3612 2044 3612 2082 3612 2219 3613 2079 3613 2078 3613 2082 3614 2078 3614 2080 3614 2072 3615 2078 3615 2044 3615 2083 3616 2084 3616 2044 3616 1809 3617 1808 3617 1820 3617 2418 3618 2419 3618 2420 3618 2444 3619 2457 3619 2458 3619 2413 3620 2427 3620 2460 3620 2462 3621 2461 3621 2463 3621 2464 3622 2310 3622 2459 3622 2465 3623 2466 3623 2467 3623 2467 3624 2320 3624 2319 3624 2468 3625 2419 3625 2425 3625 2468 3626 2458 3626 2457 3626 2469 3627 2460 3627 2427 3627 2470 3628 2466 3628 2465 3628 2469 3629 2465 3629 2459 3629 2472 3630 2473 3630 2463 3630 2466 3631 2476 3631 2474 3631 2470 3632 2426 3632 2478 3632 2470 3633 2478 3633 2479 3633 2504 3634 2479 3634 2478 3634 2478 3635 2505 3635 2504 3635 2530 3636 2531 3636 2532 3636 2542 3637 2507 3637 2477 3637 2543 3638 2544 3638 2545 3638 2560 3639 2561 3639 2544 3639 2476 3640 2479 3640 2548 3640 2560 3641 2473 3641 2472 3641 2472 3642 2532 3642 2531 3642 2472 3643 2562 3643 2561 3643 2564 3644 2474 3644 2476 3644 2459 3645 2413 3645 2460 3645 2462 3646 2463 3646 2457 3646 2465 3647 2464 3647 2459 3647 2464 3648 2465 3648 2467 3648 2458 3649 2468 3649 2425 3649 2463 3650 2468 3650 2457 3650 2426 3651 2469 3651 2427 3651 2470 3652 2469 3652 2426 3652 2469 3653 2470 3653 2465 3653 2460 3654 2469 3654 2459 3654 2472 3655 2461 3655 2471 3655 2461 3656 2472 3656 2463 3656 2467 3657 2466 3657 2474 3657 2473 3658 2420 3658 2468 3658 2473 3659 2468 3659 2463 3659 2470 3660 2476 3660 2466 3660 2476 3661 2470 3661 2479 3661 2505 3662 2478 3662 2426 3662 2543 3663 2542 3663 2477 3663 2542 3664 2543 3664 2545 3664 2560 3665 2543 3665 2473 3665 2543 3666 2560 3666 2544 3666 2476 3667 2624 3667 2625 3667 2624 3668 2476 3668 2548 3668 2562 3669 2472 3669 2531 3669 2560 3670 2472 3670 2561 3670 2564 3671 2563 3671 2474 3671 2625 3672 2564 3672 2476 3672 2638 3673 2639 3673 2640 3673 2680 3674 2677 3674 2681 3674 2686 3675 2685 3675 2690 3675 2691 3676 2692 3676 2693 3676 2704 3677 2705 3677 2706 3677 2677 3678 2680 3678 2715 3678 2754 3679 2705 3679 2755 3679 2757 3680 2691 3680 2693 3680 2790 3681 2791 3681 2792 3681 2790 3682 2792 3682 2804 3682 2819 3683 2786 3683 2820 3683 2821 3684 2786 3684 2813 3684 2765 3685 2867 3685 2791 3685 2877 3686 2878 3686 2812 3686 2816 3687 2853 3687 2880 3687 3297 3688 3298 3688 3299 3688 3300 3689 3301 3689 3298 3689 2676 3690 2638 3690 2640 3690 2734 3691 2677 3691 2715 3691 2706 3692 2705 3692 2754 3692 3433 3693 2680 3693 2681 3693 2638 3694 2734 3694 2639 3694 2706 3695 2740 3695 2644 3695 2681 3696 2677 3696 2735 3696 2692 3697 2738 3697 2693 3697 2640 3698 3436 3698 2676 3698 3436 3699 2697 3699 2676 3699 2704 3700 2752 3700 3437 3700 2704 3701 2706 3701 2752 3701 2791 3702 2867 3702 3439 3702 2790 3703 2765 3703 2791 3703 3440 3704 3441 3704 2813 3704 3442 3705 2820 3705 2786 3705 2766 3706 2816 3706 3443 3706 2867 3707 2765 3707 2768 3707 3440 3708 2813 3708 2878 3708 3443 3709 2816 3709 2880 3709 3441 3710 3444 3710 2813 3710 2786 3711 2821 3711 3442 3711 3290 3712 3296 3712 3533 3712 3297 3713 3300 3713 3298 3713 3301 3714 3300 3714 3535 3714 3567 3715 3568 3715 3569 3715 3570 3716 3571 3716 3572 3716 3573 3717 3574 3717 3571 3717 3575 3718 3576 3718 3577 3718 3577 3719 3578 3719 3579 3719 3577 3720 3580 3720 3578 3720 3581 3721 3582 3721 3577 3721 3581 3722 3577 3722 3576 3722 3583 3723 3584 3723 3585 3723 3583 3724 3578 3724 3584 3724 3571 3725 3574 3725 3568 3725 3572 3726 3571 3726 3567 3726 3579 3727 3583 3727 3586 3727 3575 3728 3579 3728 3586 3728 3587 3729 3573 3729 3570 3729 3580 3730 3584 3730 3578 3730 3588 3731 3589 3731 3590 3731 3591 3732 3592 3732 3593 3732 3594 3733 3591 3733 3593 3733 3595 3734 3594 3734 3596 3734 3597 3735 3598 3735 3599 3735 3598 3736 3600 3736 3599 3736 3591 3737 3599 3737 3592 3737 3601 3738 3602 3738 3603 3738 3604 3739 3600 3739 3605 3739 3589 3740 3606 3740 3596 3740 3600 3741 3598 3741 3605 3741 3593 3742 3604 3742 3590 3742 3607 3743 3598 3743 3597 3743 3608 3744 3590 3744 3604 3744 3602 3745 3601 3745 3594 3745 3600 3746 3604 3746 3592 3746 3593 3747 3592 3747 3604 3747 3585 3748 3567 3748 3569 3748 3581 3749 3570 3749 3582 3749 3580 3750 3582 3750 3572 3750 3582 3751 3570 3751 3572 3751 3570 3752 3573 3752 3571 3752 3579 3753 3575 3753 3577 3753 3577 3754 3582 3754 3580 3754 3569 3755 3586 3755 3585 3755 3583 3756 3585 3756 3586 3756 3587 3757 3581 3757 3576 3757 3567 3758 3571 3758 3568 3758 3579 3759 3578 3759 3583 3759 3584 3760 3572 3760 3567 3760 3567 3761 3585 3761 3584 3761 3581 3762 3587 3762 3570 3762 3580 3763 3572 3763 3584 3763 3608 3764 3588 3764 3590 3764 3601 3765 3591 3765 3594 3765 3596 3766 3594 3766 3593 3766 3606 3767 3595 3767 3596 3767 3603 3768 3597 3768 3599 3768 3592 3769 3599 3769 3600 3769 3591 3770 3601 3770 3599 3770 3588 3771 3608 3771 3607 3771 3605 3772 3607 3772 3608 3772 3599 3773 3601 3773 3603 3773 3604 3774 3605 3774 3608 3774 3590 3775 3589 3775 3596 3775 3596 3776 3593 3776 3590 3776 3605 3777 3598 3777 3607 3777 3595 3778 3602 3778 3594 3778 3609 3779 3610 3779 3611 3779 3610 3780 3612 3780 3611 3780 3613 3781 3609 3781 3614 3781 3614 3782 3609 3782 3611 3782 3615 3783 3616 3783 3617 3783 3618 3784 3614 3784 3619 3784 3616 3785 3615 3785 3614 3785 3619 3786 3614 3786 3611 3786 3620 3787 3615 3787 3621 3787 3622 3788 3623 3788 3624 3788 3622 3789 3625 3789 3623 3789 3626 3790 3624 3790 3627 3790 3628 3791 3629 3791 3630 3791 3631 3792 3632 3792 3626 3792 3633 3793 3634 3793 3622 3793 3622 3794 3634 3794 3635 3794 3611 3795 3612 3795 3636 3795 3615 3796 3613 3796 3614 3796 3621 3797 3615 3797 3617 3797 3618 3798 3616 3798 3614 3798 3637 3799 3619 3799 3611 3799 3637 3800 3611 3800 3636 3800 3620 3801 3613 3801 3615 3801 3622 3802 3635 3803 3625 3804 3628 3805 3626 3805 3627 3805 3624 3806 3626 3806 3622 3806 3631 3807 3628 3807 3630 3807 3626 3808 3632 3808 3633 3808 3628 3809 3631 3809 3626 3809 3626 3810 3633 3810 3622 3810 3638 3811 3628 3811 3627 3811 3628 3812 3638 3812 3629 3812 3639 3813 3640 3813 3641 3813 3642 3814 3643 3814 3644 3814 3645 3815 3646 3815 3647 3815 3647 3816 3642 3816 3648 3816 3649 3817 3650 3817 3639 3817 3639 3818 3651 3818 3652 3818 3653 3819 3654 3819 3655 3819 3656 3820 3657 3820 3658 3820 3659 3821 3644 3821 3660 3821 3659 3822 3661 3822 3644 3822 3659 3823 3662 3823 3648 3823 3663 3824 3645 3824 3648 3824 3663 3825 3664 3825 3645 3825 3665 3826 3666 3826 3645 3826 3667 3827 3668 3827 3669 3827 3670 3828 3671 3828 3667 3828 3672 3829 3673 3829 3674 3829 3675 3830 3676 3830 3670 3830 3641 3831 3672 3831 3677 3831 3678 3832 3676 3832 3675 3832 3679 3833 3640 3833 3639 3833 3641 3834 3676 3834 3680 3834 3681 3835 3655 3835 3682 3835 3683 3836 3684 3836 3681 3836 3655 3837 3685 3837 3653 3837 3658 3838 3657 3838 3684 3838 3657 3839 3686 3839 3684 3839 3687 3840 3688 3840 3689 3840 3655 3841 3690 3841 3685 3841 3691 3842 3690 3842 3655 3842 3643 3843 3692 3843 3678 3843 3693 3844 3649 3844 3639 3844 3680 3845 3692 3845 3643 3845 3660 3846 3678 3846 3686 3846 3694 3847 3680 3847 3642 3847 3684 3848 3695 3848 3691 3848 3684 3849 3696 3849 3695 3849 3646 3850 3639 3850 3652 3850 3646 3851 3651 3851 3694 3851 3652 3852 3651 3852 3646 3852 3650 3853 3689 3853 3679 3853 3665 3854 3697 3854 3698 3854 3666 3855 3698 3855 3699 3855 3689 3856 3700 3856 3672 3856 3700 3857 3701 3857 3673 3857 3693 3858 3699 3858 3649 3858 3702 3859 3703 3859 3699 3859 3651 3860 3639 3860 3694 3860 3691 3861 3670 3861 3669 3861 3675 3862 3670 3862 3695 3862 3704 3863 3705 3863 3650 3863 3698 3864 3706 3864 3707 3864 3700 3865 3708 3865 3701 3865 3709 3866 3710 3866 3711 3866 3712 3867 3713 3867 3714 3867 3715 3868 3716 3868 3717 3868 3718 3869 3719 3869 3720 3869 3721 3870 3722 3870 3709 3870 3723 3871 3709 3871 3711 3871 3711 3872 3724 3872 3725 3872 3726 3873 3724 3873 3727 3873 3727 3874 3728 3874 3729 3874 3728 3875 3730 3875 3731 3875 3732 3876 3733 3876 3734 3876 3733 3877 3735 3877 3734 3877 3720 3878 3736 3878 3737 3878 3720 3879 3737 3879 3738 3879 3717 3880 3716 3880 3739 3880 3740 3881 3741 3881 3742 3881 3722 3882 3743 3882 3744 3882 3709 3883 3712 3883 3714 3883 3722 3884 3745 3884 3712 3884 3710 3885 3709 3885 3714 3885 3730 3886 3732 3886 3731 3886 3711 3887 3710 3887 3746 3887 3747 3888 3748 3888 3740 3888 3735 3889 3733 3889 3718 3889 3749 3890 3750 3890 3748 3890 3728 3891 3751 3891 3730 3891 3749 3892 3746 3892 3750 3892 3712 3893 3745 3893 3715 3893 3728 3894 3752 3894 3751 3894 3753 3895 3754 3895 3755 3895 3710 3896 3756 3896 3750 3896 3710 3897 3714 3897 3756 3897 3753 3898 3757 3898 3754 3898 3756 3899 3713 3899 3717 3899 3751 3900 3736 3900 3719 3900 3718 3901 3732 3901 3719 3901 3758 3902 3738 3902 3759 3902 3735 3903 3755 3903 3734 3903 3757 3904 3720 3904 3758 3904 3754 3905 3757 3905 3760 3905 3751 3906 3740 3906 3736 3906 3757 3907 3758 3907 3760 3907 3760 3908 3759 3908 3754 3908 3761 3909 3762 3909 3763 3909 3764 3910 3754 3910 3703 3910 3765 3911 3764 3911 3702 3911 3764 3912 3703 3912 3702 3912 3763 3913 3687 3913 3704 3913 3688 3914 3766 3914 3700 3914 3737 3915 3742 3915 3767 3915 3741 3916 3739 3916 3767 3916 3768 3917 3755 3917 3764 3917 3769 3918 3770 3918 3771 3918 3772 3919 3773 3919 3761 3919 3774 3920 3775 3920 3776 3920 3777 3921 3778 3921 3779 3921 3780 3922 3779 3922 3781 3922 3782 3923 3783 3923 3784 3923 3784 3924 3785 3924 3786 3924 3787 3925 3788 3925 3789 3925 3788 3926 3790 3926 3791 3926 3792 3927 3793 3927 3794 3927 3794 3928 3793 3928 3795 3928 3795 3929 3777 3929 3796 3929 3777 3930 3797 3930 3796 3930 3796 3931 3797 3931 3780 3931 3780 3932 3775 3932 3798 3932 3775 3933 3799 3933 3800 3933 3801 3934 3668 3934 3802 3934 3786 3935 3803 3935 3804 3935 3805 3936 3786 3936 3806 3936 3807 3937 3808 3937 3803 3937 3809 3938 3669 3938 3801 3938 3784 3939 3805 3939 3810 3939 3811 3940 3784 3940 3810 3940 3807 3941 3803 3941 3786 3941 3785 3942 3807 3942 3786 3942 3812 3943 3674 3943 3673 3943 3804 3944 3677 3944 3674 3944 3775 3945 3780 3945 3781 3945 3780 3946 3797 3946 3777 3946 3653 3947 3685 3947 3787 3947 3813 3948 3814 3948 3815 3948 3795 3949 3793 3949 3816 3949 3685 3950 3809 3950 3817 3950 3774 3951 3776 3951 3784 3951 3778 3952 3808 3952 3807 3952 3788 3953 3787 3953 3817 3953 3779 3954 3807 3954 3785 3954 3790 3955 3788 3955 3817 3955 3776 3956 3781 3956 3785 3956 3776 3957 3783 3957 3782 3957 3810 3958 3813 3958 3811 3958 3806 3959 3812 3959 3818 3959 3800 3960 3799 3960 3819 3960 3799 3961 3774 3961 3820 3961 3673 3962 3701 3962 3818 3962 3806 3963 3821 3963 3813 3963 3820 3964 3822 3964 3823 3964 3701 3965 3824 3965 3818 3965 3820 3966 3825 3966 3826 3966 3820 3967 3823 3967 3825 3967 3827 3968 3802 3968 3828 3968 3829 3969 3827 3969 3828 3969 3830 3970 3829 3970 3828 3970 3809 3971 3690 3971 3669 3971 3823 3972 3831 3972 3815 3972 3811 3973 3831 3973 3823 3973 3832 3974 3833 3974 3819 3974 3770 3975 3825 3975 3771 3975 3818 3976 3834 3976 3821 3976 3835 3977 3836 3977 3837 3977 3835 3978 3838 3978 3839 3978 3840 3979 3841 3979 3842 3979 3843 3980 3844 3980 3845 3980 3846 3981 3847 3981 3722 3981 3848 3982 3849 3982 3835 3982 3849 3983 3838 3983 3835 3983 3849 3984 3850 3984 3838 3984 3850 3985 3851 3985 3838 3985 3852 3986 3853 3986 3854 3986 3855 3987 3856 3987 3854 3987 3857 3988 3858 3988 3856 3988 3859 3989 3860 3989 3861 3989 3859 3990 3862 3990 3860 3990 3863 3991 3864 3991 3845 3991 3865 3992 3864 3992 3866 3992 3867 3993 3868 3993 3869 3993 3716 3994 3869 3994 3739 3994 3870 3995 3868 3995 3871 3995 3866 3996 3767 3996 3739 3996 3863 3997 3738 3997 3737 3997 3864 3998 3737 3998 3767 3998 3840 3999 3842 3999 3837 3999 3838 4000 3872 4000 3839 4000 3842 4001 3745 4001 3722 4001 3838 4002 3873 4002 3872 4002 3857 4003 3861 4003 3858 4003 3839 4004 3836 4004 3835 4004 3854 4005 3874 4005 3873 4005 3875 4006 3871 4006 3873 4006 3840 4007 3867 4007 3841 4007 3874 4008 3876 4008 3875 4008 3871 4009 3877 4009 3872 4009 3858 4010 3876 4010 3856 4010 3878 4011 3879 4011 3880 4011 3877 4012 3867 4012 3836 4012 3860 4013 3843 4013 3861 4013 3863 4014 3770 4014 3759 4014 3861 4015 3881 4015 3858 4015 3882 4016 3716 4016 3842 4016 3881 4017 3865 4017 3876 4017 3845 4018 3883 4018 3863 4018 3883 4019 3884 4019 3770 4019 3859 4020 3878 4020 3862 4020 3885 4021 3886 4021 3878 4021 3867 4022 3716 4022 3882 4022 3875 4023 3865 4023 3870 4023 3884 4024 3883 4024 3844 4024 3879 4025 3770 4026 3884 4027 3770 4028 3769 4028 3772 4028 3826 4029 3887 4029 3888 4029 3826 4030 3825 4030 3887 4030 3823 4031 3815 4031 3771 4031 3824 4032 3708 4032 3834 4032 3821 4033 3889 4033 3814 4033 3761 4034 3769 4034 3890 4034 3886 4035 3891 4035 3887 4035 3761 4036 3773 4036 3892 4036 3772 4037 3769 4037 3892 4037 3773 4038 3893 4038 3894 4038 3892 4039 3894 4039 3893 4039 3772 4040 3761 4040 3763 4040 3895 4041 3896 4041 3897 4041 3895 4042 3898 4042 3899 4042 3898 4043 3900 4043 3899 4043 3901 4044 3902 4044 3903 4044 3897 4045 3902 4045 3901 4045 3902 4046 3900 4046 3903 4046 3904 4047 3905 4047 3906 4047 3906 4048 3907 4048 3904 4048 3908 4049 3907 4049 3906 4049 3909 4050 3910 4050 3908 4050 3909 4051 3906 4051 3905 4051 3911 4052 3912 4052 3913 4052 3914 4053 3913 4053 3912 4053 3914 4054 3915 4054 3916 4054 3911 4055 3913 4055 3916 4055 3917 4056 3911 4056 3916 4056 3918 4057 3919 4057 3920 4057 3918 4058 3921 4058 3922 4058 3920 4059 3923 4059 3924 4059 3924 4060 3923 4060 3922 4060 3925 4061 3926 4061 3927 4061 3928 4062 3929 4062 3930 4062 3931 4063 3932 4063 3929 4063 3928 4064 3933 4064 3931 4064 3925 4065 3934 4065 3933 4065 3935 4066 3933 4066 3934 4066 3935 4067 3934 4067 3932 4067 3926 4068 3928 4068 3927 4068 3936 4069 3937 4069 3938 4069 3939 4070 3938 4070 3937 4070 3939 4071 3940 4071 3938 4071 3941 4072 3942 4072 3936 4072 3943 4073 3940 4073 3944 4073 3936 4074 3942 4074 3937 4074 3941 4075 3943 4075 3945 4075 3944 4076 3945 4076 3943 4076 3937 4077 3942 4077 3945 4077 3946 4078 3947 4078 3948 4078 3949 4079 3950 4079 3951 4079 3952 4080 3953 4080 3954 4080 3953 4081 3955 4081 3954 4081 3948 4082 3954 4082 3955 4082 3956 4083 3957 4083 3958 4083 3959 4084 3957 4084 3956 4084 3956 4085 3960 4085 3959 4085 3961 4086 3957 4086 3959 4086 3960 4087 3956 4087 3962 4087 3963 4088 3961 4088 3964 4088 3962 4089 3963 4089 3964 4089 3965 4090 3966 4090 3967 4090 3968 4091 3969 4091 3970 4091 3965 4092 3971 4092 3972 4092 3973 4093 3967 4093 3974 4093 3973 4094 3972 4094 3971 4094 3975 4095 3976 4095 3977 4095 3978 4096 3979 4096 3977 4096 3980 4097 3981 4097 3978 4097 3978 4098 3977 4098 3976 4098 3975 4099 3980 4099 3976 4099 3982 4100 3975 4100 3979 4100 3979 4101 3975 4101 3977 4101 3983 4102 3984 4102 3985 4102 3986 4103 3987 4103 3984 4103 3988 4104 3989 4104 3990 4104 3990 4105 3989 4105 3986 4105 3985 4106 3984 4106 3988 4106 3991 4107 3992 4107 3993 4107 3994 4108 3995 4108 3996 4108 3996 4109 3995 4109 3991 4109 3997 4110 3998 4110 3993 4110 3994 4111 3997 4111 3993 4111 3999 4112 4000 4112 4001 4112 4002 4113 4003 4113 4001 4113 4004 4114 4001 4114 4000 4114 4004 4115 4002 4115 4001 4115 4005 4116 4002 4116 4004 4116 4006 4117 4002 4117 4005 4117 4005 4118 4004 4118 4007 4118 4008 4119 4009 4119 4010 4119 4011 4120 4010 4120 4009 4120 4010 4121 4011 4121 4012 4121 4013 4122 4012 4122 4011 4122 4014 4123 4015 4123 4016 4123 4016 4124 4015 4124 4013 4124 4013 4125 4015 4125 4012 4125 4017 4126 4018 4126 4019 4126 4018 4127 4017 4127 4020 4127 4021 4128 4022 4128 4017 4128 4023 4129 4024 4129 4022 4129 4021 4130 4025 4130 4026 4130 4027 4131 4028 4131 4029 4131 4030 4132 4031 4132 4032 4132 4032 4133 4033 4133 4030 4133 4027 4134 4034 4134 4032 4134 4035 4135 4030 4135 4033 4135 4036 4136 4035 4136 4029 4136 4037 4137 4038 4137 4039 4137 4040 4138 4041 4138 4042 4138 4041 4139 4038 4139 4042 4139 4043 4140 4044 4140 4045 4140 4039 4141 4043 4141 4046 4141 4047 4142 4046 4142 4043 4142 4043 4143 4039 4143 4044 4143 4041 4144 4048 4144 4044 4144 4049 4145 4050 4145 4051 4145 4052 4146 4053 4146 4054 4146 4055 4147 4051 4147 4056 4147 4057 4148 4058 4148 4059 4148 4060 4149 4061 4149 4057 4149 4062 4150 4056 4150 4057 4150 4058 4151 4054 4151 4059 4151 4054 4152 4053 4152 4059 4152 4056 4153 4062 4153 4059 4153 4056 4154 4059 4154 4053 4154 4063 4155 4064 4155 4065 4155 4066 4156 4064 4156 4063 4156 4067 4157 4065 4157 4064 4157 4068 4158 4069 4158 4070 4158 4070 4159 4066 4159 4068 4159 3751 4160 4071 4160 4072 4160 4071 4161 4073 4161 4074 4161 4072 4162 4066 4162 3751 4162 4063 4163 4075 4163 3751 4163 4076 4164 4077 4164 4078 4164 4079 4165 4080 4165 4081 4165 4082 4166 4078 4166 4077 4166 4082 4167 4083 4167 4078 4167 4084 4168 4085 4168 4086 4168 4087 4169 4088 4169 4089 4169 4090 4170 4087 4170 4089 4170 4091 4171 4089 4171 4088 4171 4091 4172 4090 4172 4089 4172 4091 4173 4092 4173 4093 4173 4085 4174 4093 4174 4092 4174 4094 4175 4095 4175 4096 4175 4097 4176 4098 4176 4096 4176 4099 4177 4100 4177 4098 4177 4100 4178 4099 4178 4101 4178 4101 4179 4099 4179 4097 4179 4102 4180 4103 4180 4104 4180 4103 4181 4105 4181 4104 4181 4105 4182 4106 4182 4107 4182 4106 4183 4105 4183 4103 4183 4108 4184 4109 4184 4104 4184 4110 4185 4111 4185 4102 4185 4103 4186 4102 4186 4111 4186 4103 4187 4111 4187 4106 4187 4102 4188 4109 4188 4110 4188 4105 4189 4108 4189 4104 4189 4112 4190 4113 4190 4114 4190 4115 4191 4112 4191 4114 4191 4116 4192 4114 4192 4117 4192 4114 4193 4116 4193 4118 4193 4119 4194 4120 4194 4121 4194 4121 4195 4120 4195 4115 4195 4119 4196 4121 4196 4117 4196 4122 4197 4123 4197 4124 4197 4125 4198 4126 4198 4127 4198 4128 4199 4122 4199 4129 4199 4130 4200 4131 4200 4124 4200 4131 4201 4130 4201 4125 4201 4132 4202 4131 4202 4125 4202 4132 4203 4125 4203 4127 4203 4133 4204 4129 4204 4134 4204 4135 4205 4136 4205 4134 4205 4137 4206 4138 4206 4139 4206 4140 4207 4141 4207 4139 4207 4142 4208 4143 4208 4144 4208 4145 4209 4146 4209 4142 4209 4144 4210 4140 4210 4147 4210 4148 4211 4142 4211 4137 4211 4148 4212 4141 4212 4140 4212 4149 4213 4150 4213 4151 4213 4152 4214 4153 4214 4154 4214 4153 4215 4152 4215 4155 4215 4151 4216 4156 4216 4155 4216 4150 4217 4157 4217 4156 4217 4150 4218 4158 4218 4157 4218 4158 4219 4150 4219 4149 4219 4159 4220 3876 4220 4160 4220 4160 4221 4158 4221 4149 4221 4160 4222 4151 4222 4161 4222 3876 4223 4159 4223 4154 4223 4157 4224 3876 4224 4154 4224 4151 4225 4160 4225 4149 4225 4162 4226 4163 4226 4164 4226 4165 4227 4166 4227 4162 4227 4167 4228 4168 4228 4162 4228 4169 4229 4167 4229 4170 4229 4171 4230 4170 4230 4164 4230 4166 4231 4164 4231 4163 4231 4170 4232 4171 4232 4169 4232 4166 4233 4165 4233 4171 4233 4166 4234 4171 4234 4164 4234 4167 4235 4169 4235 4168 4235 4172 4236 4173 4236 4174 4236 4175 4237 4176 4237 4173 4237 4175 4238 4173 4238 4177 4238 4178 4239 4179 4239 4177 4239 4180 4240 4177 4240 4173 4240 4180 4241 4178 4241 4177 4241 4178 4242 4180 4242 4172 4242 4181 4243 4179 4243 4178 4243 4182 4244 4178 4244 4172 4244 4183 4245 4184 4245 4185 4245 4185 4246 4186 4246 4183 4246 4187 4247 4188 4247 4189 4247 4184 4248 4188 4248 4185 4248 4184 4249 4190 4249 4189 4249 4190 4250 4191 4250 4189 4250 4190 4251 4183 4251 4191 4251 4187 4252 4191 4252 4183 4252 4192 4253 4193 4253 4194 4253 4192 4254 4195 4254 4193 4254 4196 4255 4197 4255 4198 4255 4192 4256 4194 4256 4198 4256 4199 4257 4194 4257 4193 4257 4196 4258 4198 4258 4194 4258 4192 4259 4197 4259 4195 4259 4200 4260 4201 4260 4202 4260 4203 4261 4202 4261 4201 4261 4203 4262 4201 4262 4204 4262 4203 4263 4204 4263 4205 4263 4206 4264 4207 4264 4203 4264 4208 4265 4206 4265 4203 4265 4209 4266 4207 4266 4206 4266 4209 4267 4208 4267 4205 4267 3645 4268 3693 4268 3646 4268 3648 4269 3642 4269 3644 4269 3686 4270 3678 4270 3696 4270 3694 4271 3639 4271 3641 4271 3655 4272 3654 4272 3682 4272 3657 4273 3656 4273 3660 4273 3656 4274 3659 4274 3660 4274 3661 4275 3659 4275 3648 4275 3662 4276 4210 4276 3648 4276 4210 4277 3663 4277 3648 4277 3664 4278 3665 4278 3645 4278 3669 4279 3670 4279 3667 4279 3676 4280 3677 4280 3671 4280 3672 4281 3674 4281 3677 4281 3676 4282 3671 4282 3670 4282 3676 4283 3641 4283 3677 4283 3679 4284 3672 4284 3640 4284 3641 4285 3640 4285 3672 4285 3692 4286 3680 4286 3676 4286 3692 4287 3676 4287 3678 4287 3639 4288 3650 4288 3679 4288 3680 4289 3694 4289 3641 4289 3669 4290 3668 4290 3801 4290 3648 4291 3645 4291 3647 4291 3666 4292 3693 4292 3645 4292 3682 4293 3683 4293 3681 4293 3661 4294 3648 4294 3644 4294 3683 4295 3658 4295 3684 4295 3697 4296 4211 4296 3698 4296 3705 4297 3687 4297 3689 4297 3657 4298 3660 4298 3686 4298 3644 4299 3643 4299 3660 4299 3686 4300 3696 4300 3684 4300 3646 4301 3693 4301 3639 4301 3642 4302 3680 4302 3643 4302 3655 4303 3681 4303 3691 4303 3647 4304 3694 4304 3642 4304 3681 4305 3684 4305 3691 4305 3689 4306 3688 4306 3700 4306 3643 4307 3678 4307 3660 4307 3647 4308 3646 4308 3694 4308 3679 4309 3689 4309 3672 4309 3666 4310 3665 4310 3698 4310 3693 4311 3666 4311 3699 4311 3672 4312 3700 4312 3673 4312 3650 4313 3705 4313 3689 4313 3649 4314 3699 4314 3704 4314 3698 4315 3702 4315 3699 4315 4211 4316 3706 4316 3698 4316 3704 4317 3699 4317 3703 4317 3691 4318 3669 4318 3690 4318 3695 4319 3696 4319 3675 4319 3695 4320 3670 4320 3691 4320 3696 4321 3678 4321 3675 4321 3705 4322 3704 4322 3687 4322 3649 4323 3704 4323 3650 4323 3702 4324 3698 4324 3707 4324 3703 4325 3759 4325 3763 4325 3722 4326 3712 4326 3709 4326 3724 4327 3711 4327 3746 4327 3724 4328 3747 4328 3727 4328 3727 4329 3752 4329 3728 4329 3750 4330 3756 4330 3748 4330 3757 4331 3718 4331 3720 4331 3721 4332 3743 4332 3722 4332 3721 4333 3709 4333 3723 4333 3725 4334 3723 4334 3711 4334 4212 4335 3725 4335 3724 4335 4213 4336 4212 4336 3724 4336 4213 4337 3724 4337 3726 4337 4214 4338 3726 4338 3727 4338 4214 4339 3727 4339 3729 4339 3729 4340 3728 4340 3731 4340 3731 4341 3732 4341 4215 4341 4215 4342 3732 4342 3734 4342 3737 4343 3736 4343 3742 4343 3741 4344 3756 4344 3739 4344 3756 4345 3717 4345 3739 4345 3748 4346 3756 4346 3741 4346 3740 4347 3748 4347 3741 4347 3749 4348 3724 4348 3746 4348 3747 4349 3724 4349 3749 4349 3752 4350 3727 4350 3747 4350 3756 4351 3714 4351 3713 4351 3751 4352 3752 4352 3740 4352 3747 4353 3749 4353 3748 4353 3753 4354 3735 4354 3718 4354 3746 4355 3710 4355 3750 4355 3718 4356 3733 4356 3732 4356 3752 4357 3747 4357 3740 4357 3719 4358 3732 4358 3730 4358 3713 4359 3712 4359 3717 4359 3730 4360 3751 4360 3719 4360 3712 4361 3715 4361 3717 4361 3758 4362 3720 4362 3738 4362 3760 4363 3758 4363 3759 4363 3753 4364 3718 4364 3757 4364 3734 4365 3755 4365 4216 4365 3735 4366 3753 4366 3755 4366 3768 4367 4216 4367 3755 4367 3719 4368 3736 4368 3720 4368 3736 4369 3740 4369 3742 4369 4217 4370 3764 4370 3765 4370 3754 4371 3759 4371 3703 4371 3707 4372 3765 4372 3702 4372 3703 4373 3763 4373 3704 4373 3701 4374 3708 4374 3824 4374 3687 4375 4218 4375 3688 4375 3763 4376 4218 4376 3687 4376 3700 4377 3766 4377 3708 4377 3742 4378 3741 4378 3767 4378 3755 4379 3754 4379 3764 4379 4217 4380 3768 4380 3764 4380 3772 4381 3893 4381 3773 4381 3805 4382 3784 4382 3786 4382 3780 4383 3777 4383 3779 4383 3776 4384 3775 4384 3781 4384 3811 4385 3822 4385 3784 4385 3816 4386 3829 4386 3830 4386 4219 4387 3653 4387 3787 4387 4219 4388 3787 4388 3789 4388 3789 4389 3788 4389 3791 4389 3791 4390 3790 4390 3792 4390 3794 4391 3795 4391 3796 4391 4220 4392 3796 4392 3780 4392 4220 4393 3780 4393 4221 4393 4221 4394 3780 4394 3798 4394 4222 4395 3798 4395 3775 4395 4222 4396 3775 4396 3800 4396 3803 4397 4223 4397 3804 4397 3806 4398 3804 4398 3812 4398 3803 4399 3828 4399 4223 4399 3810 4400 3805 4400 3806 4400 3806 4401 3786 4401 3804 4401 4223 4402 3828 4402 3802 4402 3808 4403 3830 4403 3803 4403 3803 4404 3830 4404 3828 4404 3804 4405 4223 4405 3671 4405 3677 4406 3804 4406 3671 4406 3812 4407 3804 4407 3674 4407 3671 4408 4223 4408 3667 4408 3802 4409 3668 4409 3667 4409 4223 4410 3802 4410 3667 4410 3799 4411 3775 4411 3774 4411 3793 4412 3792 4412 3790 4412 3816 4413 3793 4413 3790 4413 4224 4414 3819 4414 4225 4414 3831 4415 3813 4415 3815 4415 3777 4416 3795 4416 3778 4416 3787 4417 3685 4417 3817 4417 3808 4418 3778 4418 3830 4418 3816 4419 3790 4419 3829 4419 3822 4420 3774 4420 3784 4420 3779 4421 3778 4421 3807 4421 3830 4422 3795 4422 3816 4422 3781 4423 3779 4423 3785 4423 3827 4424 3790 4424 3817 4424 3809 4425 3685 4425 3690 4425 3813 4426 3821 4426 3814 4426 3778 4427 3795 4427 3830 4427 3829 4428 3790 4428 3827 4428 3784 4429 3776 4429 3782 4429 3783 4430 3776 4430 3785 4430 3812 4431 3673 4431 3818 4431 3810 4432 3806 4432 3813 4432 4224 4433 3800 4433 3819 4433 3819 4434 3799 4434 3820 4434 3806 4435 3818 4435 3821 4435 3820 4436 3774 4436 3822 4436 3811 4437 3813 4437 3831 4437 3819 4438 3820 4438 3826 4438 4225 4439 3819 4439 3833 4439 3784 4440 3783 4440 3785 4440 3802 4441 3817 4441 3801 4441 3817 4442 3809 4442 3801 4442 3827 4443 3817 4443 3802 4443 3822 4444 3811 4444 3823 4444 3826 4445 3832 4445 3819 4445 3722 4446 3837 4446 3842 4446 3838 4447 3854 4447 3873 4447 3854 4448 3856 4448 3874 4448 3877 4449 3871 4449 3867 4449 3881 4450 3843 4450 3845 4450 3722 4451 3847 4451 3837 4451 3847 4452 3848 4452 3837 4452 3837 4453 3848 4453 3835 4453 3851 4454 3852 4454 3838 4454 3838 4455 3852 4455 3854 4455 3853 4456 3855 4456 3854 4456 3855 4457 3857 4457 3856 4457 3857 4458 4226 4458 3861 4458 4226 4459 3859 4459 3861 4459 3865 4460 3845 4460 3864 4460 3868 4461 3870 4461 3866 4461 3865 4462 3866 4462 3870 4462 3867 4463 3869 4463 3716 4463 3871 4464 3868 4464 3867 4464 3875 4465 3870 4465 3871 4465 3864 4466 3863 4466 3737 4466 3866 4467 3864 4467 3767 4467 3869 4468 3868 4468 3739 4468 3866 4469 3739 4469 3868 4469 3846 4470 3722 4470 3744 4470 3837 4471 3836 4471 3840 4471 3860 4472 3862 4472 3843 4472 3873 4473 3871 4473 3872 4473 3839 4474 3872 4474 3877 4474 3880 4475 3843 4475 3862 4475 3745 4476 3842 4476 3715 4476 3874 4477 3856 4477 3876 4477 3839 4478 3877 4478 3836 4478 3874 4479 3875 4479 3873 4479 3738 4480 3863 4480 3759 4480 3840 4481 3836 4481 3867 4481 3844 4482 3880 4482 3879 4482 3841 4483 3867 4483 3882 4483 3841 4484 3882 4484 3842 4484 3858 4485 3881 4485 3876 4485 3842 4486 3716 4486 3715 4486 3861 4487 3843 4487 3881 4487 3863 4488 3883 4488 3770 4488 3845 4489 3844 4489 3883 4489 3880 4490 3844 4490 3843 4490 3859 4491 3885 4491 3878 4491 3862 4492 3878 4492 3880 4492 3844 4493 3879 4493 3884 4493 3881 4494 3845 4494 3865 4494 3875 4495 3876 4495 3865 4495 3759 4496 3770 4496 3772 4496 3891 4497 3888 4497 3887 4497 3879 4498 3825 4498 3770 4498 3890 4499 3769 4499 3771 4499 3879 4500 3887 4500 3825 4500 3832 4501 3826 4501 3888 4501 3825 4502 3823 4502 3771 4502 3818 4503 3824 4503 3834 4503 3815 4504 3814 4504 4227 4504 3771 4505 3815 4505 4227 4505 3821 4506 3834 4506 3889 4506 3762 4507 3761 4507 3890 4507 3878 4508 3887 4508 3879 4508 3878 4509 3886 4509 3887 4509 3769 4510 3761 4510 3892 4510 3892 4511 3773 4511 3894 4511 3772 4512 3892 4512 3893 4512 3759 4513 3772 4513 3763 4513 4228 4514 3900 4514 3902 4514 3899 4515 4229 4515 3896 4515 3896 4516 3895 4516 3899 4516 3898 4517 3895 4517 3901 4517 3897 4518 4228 4518 3902 4518 3903 4519 3900 4519 3898 4519 3901 4520 3895 4520 3897 4520 3898 4521 3901 4521 3903 4521 3909 4522 3905 4522 3910 4522 4230 4523 3908 4523 3910 4523 3909 4524 3908 4524 3906 4524 3905 4525 4231 4525 4230 4525 4231 4526 3905 4526 3904 4526 3905 4527 4230 4527 3910 4527 4232 4528 3914 4528 3912 4528 3915 4529 3917 4529 3916 4529 3913 4530 3914 4530 3916 4530 4232 4531 3912 4531 3917 4531 3912 4532 3911 4532 3917 4532 4233 4533 3918 4533 3920 4533 3921 4534 3924 4534 3922 4534 3919 4535 3918 4535 3922 4535 3919 4536 3922 4536 3923 4536 3919 4537 3923 4537 3920 4537 4233 4538 3920 4538 3924 4538 3928 4539 3930 4539 3927 4539 3926 4540 3933 4540 3928 4540 3928 4541 3931 4541 3929 4541 3933 4542 3935 4542 3931 4542 3931 4543 3935 4543 3932 4543 3926 4544 3925 4544 3933 4544 3939 4545 3944 4545 3940 4545 3944 4546 3939 4546 3937 4546 3937 4547 3945 4547 3944 4547 3942 4548 3941 4548 3945 4548 3955 4549 3946 4549 3948 4549 3949 4550 3948 4550 3950 4550 3948 4551 3947 4551 3950 4551 3949 4552 3954 4552 3948 4552 3954 4553 3949 4553 3952 4553 3951 4554 3952 4554 3949 4554 3953 4555 3946 4555 3955 4555 4234 4556 3961 4556 3963 4556 3959 4557 3960 4557 3962 4557 4234 4558 3963 4558 4235 4558 3956 4559 4235 4559 3962 4559 3964 4560 3961 4560 3959 4560 3962 4561 4235 4561 3963 4561 3964 4562 3959 4562 3962 4562 3969 4563 3968 4563 3974 4563 3970 4564 3969 4564 4236 4564 3972 4565 3968 4565 3970 4565 3965 4566 3972 4566 3970 4566 3972 4567 3973 4567 3968 4567 3967 4568 3973 4568 3971 4568 3974 4569 3967 4569 3966 4569 3973 4570 3974 4570 3968 4570 3965 4571 3967 4571 3971 4571 3975 4572 4237 4572 3980 4572 3981 4573 3980 4573 4237 4573 3976 4574 3980 4574 3978 4574 3982 4575 4237 4575 3975 4575 3983 4576 3986 4576 3984 4576 3983 4577 3990 4577 3986 4577 3983 4578 3985 4578 3990 4578 3987 4579 3988 4579 3984 4579 3985 4580 3988 4580 3990 4580 3998 4581 3991 4581 3993 4581 3998 4582 3996 4582 3991 4582 3998 4583 3997 4583 3996 4583 3992 4584 3994 4584 3993 4584 3997 4585 3994 4585 3996 4585 4003 4586 4238 4586 4239 4586 4001 4587 4239 4587 3999 4587 4007 4588 4004 4588 4000 4588 4006 4589 4238 4589 4002 4589 4006 4590 4005 4590 4007 4590 4003 4591 4002 4591 4238 4591 4001 4592 4003 4592 4239 4592 4012 4593 4014 4593 4008 4593 4008 4594 4010 4594 4012 4594 4009 4595 4240 4595 4011 4595 4015 4596 4014 4596 4012 4596 4240 4597 4016 4597 4013 4597 4013 4598 4011 4598 4240 4598 4025 4599 4017 4599 4019 4599 4020 4600 4022 4600 4024 4600 4022 4601 4020 4601 4017 4601 4026 4602 4023 4602 4021 4602 4021 4603 4023 4603 4022 4603 4026 4604 4025 4604 4019 4604 4021 4605 4017 4605 4025 4605 4031 4606 4030 4606 4241 4606 4032 4607 4035 4607 4033 4607 4028 4608 4036 4608 4029 4608 4030 4609 4035 4609 4036 4609 4031 4610 4027 4610 4032 4610 4027 4611 4029 4611 4034 4611 4034 4612 4035 4612 4032 4612 4029 4613 4035 4613 4034 4613 4242 4614 4037 4614 4039 4614 4042 4615 4047 4615 4040 4615 4038 4616 4243 4616 4042 4616 4037 4617 4243 4617 4038 4617 4048 4618 4040 4618 4244 4618 4041 4619 4040 4619 4048 4619 4045 4620 4048 4620 4244 4620 4242 4621 4039 4621 4046 4621 4045 4622 4244 4622 4043 4622 4043 4623 4244 4623 4047 4623 4039 4624 4038 4624 4044 4624 4047 4625 4244 4625 4040 4625 4038 4626 4041 4626 4044 4626 4048 4627 4045 4627 4044 4627 4051 4628 4050 4628 4057 4628 4053 4629 4052 4629 4049 4629 4051 4630 4055 4630 4049 4630 4055 4631 4053 4631 4049 4631 4062 4632 4057 4632 4059 4632 4061 4633 4058 4633 4057 4633 4060 4634 4057 4634 4050 4634 4057 4635 4056 4635 4051 4635 4055 4636 4056 4636 4053 4636 4068 4637 4245 4637 4069 4637 4070 4638 4067 4638 4064 4638 4070 4639 4064 4639 4066 4639 4070 4640 4069 4640 4067 4640 4072 4641 4068 4641 4066 4641 4068 4642 4072 4642 4245 4642 3751 4643 4075 4643 4071 4643 4072 4644 4071 4644 4245 4644 4073 4645 4071 4645 4075 4645 4069 4646 4071 4646 4074 4646 3751 4647 4066 4647 4063 4647 4071 4648 4069 4648 4245 4648 4080 4649 4076 4649 4081 4649 4246 4650 4076 4650 4080 4650 4247 4651 4076 4651 4078 4651 4247 4652 4081 4652 4076 4652 4083 4653 4247 4653 4078 4653 4081 4654 4083 4654 4079 4654 4079 4655 4082 4655 4080 4655 4080 4656 4077 4656 4246 4656 4082 4657 4079 4657 4083 4657 4082 4658 4077 4658 4080 4658 4083 4659 4081 4659 4247 4659 4090 4660 4085 4660 4084 4660 4088 4661 4092 4661 4091 4661 4091 4662 4093 4662 4090 4662 4088 4663 4248 4663 4249 4663 4248 4664 4088 4664 4087 4664 4088 4665 4249 4665 4092 4665 4249 4666 4086 4666 4092 4666 4092 4667 4086 4667 4085 4667 4093 4668 4085 4668 4090 4668 4096 4669 4098 4669 4100 4669 4096 4670 4100 4670 4094 4670 4250 4671 4094 4671 4100 4671 4095 4672 4101 4672 4097 4672 4096 4673 4095 4673 4097 4673 4099 4674 4098 4674 4097 4674 4250 4675 4100 4675 4101 4675 4108 4676 4110 4676 4109 4676 4105 4677 4107 4677 4108 4677 4102 4678 4104 4678 4109 4678 4113 4679 4119 4679 4117 4679 4117 4680 4114 4680 4113 4680 4251 4681 4115 4681 4114 4681 4118 4682 4251 4682 4114 4682 4116 4683 4121 4683 4118 4683 4251 4684 4121 4684 4115 4684 4116 4685 4117 4685 4121 4685 4121 4686 4251 4686 4118 4686 4129 4687 4122 4687 4124 4687 4129 4688 4126 4688 4128 4688 4133 4689 4127 4689 4126 4689 4129 4690 4133 4690 4126 4690 4136 4691 4132 4691 4127 4691 4133 4692 4136 4692 4127 4692 4135 4693 4132 4693 4136 4693 4134 4694 4131 4694 4135 4694 4123 4695 4130 4695 4124 4695 4135 4696 4131 4696 4132 4696 4124 4697 4131 4697 4134 4697 4124 4698 4134 4698 4129 4698 4136 4699 4133 4699 4134 4699 4137 4700 4142 4700 4138 4700 4140 4701 4139 4701 4252 4701 4137 4702 4139 4702 4141 4702 4140 4703 4252 4703 4147 4703 4137 4704 4141 4704 4148 4704 4145 4705 4142 4705 4144 4705 4146 4706 4253 4706 4142 4706 4148 4707 4143 4707 4142 4707 4253 4708 4138 4708 4142 4708 4147 4709 4145 4709 4144 4709 4143 4710 4148 4710 4144 4710 4144 4711 4148 4711 4140 4711 4153 4712 4157 4712 4154 4712 4156 4713 4153 4713 4155 4713 4156 4714 4157 4714 4153 4714 4151 4715 4150 4715 4156 4715 4160 4716 3876 4716 4158 4716 4254 4717 4159 4717 4160 4717 4254 4718 4160 4718 4161 4718 4157 4719 4158 4719 3876 4719 4164 4720 4167 4720 4162 4720 4168 4721 4165 4721 4162 4721 4169 4722 4165 4722 4168 4722 4164 4723 4170 4723 4167 4723 4169 4724 4171 4724 4165 4724 4172 4725 4174 4725 4182 4725 4179 4726 4176 4726 4175 4726 4175 4727 4177 4727 4179 4727 4179 4728 4181 4728 4255 4728 4255 4729 4176 4729 4179 4729 4181 4730 4178 4730 4182 4730 4180 4731 4173 4731 4172 4731 4184 4732 4183 4732 4190 4732 4184 4733 4189 4733 4188 4733 4186 4734 4187 4734 4183 4734 4191 4735 4187 4735 4189 4735 4256 4736 4195 4736 4257 4736 4195 4737 4256 4737 4193 4737 4195 4738 4197 4738 4257 4738 4198 4739 4197 4739 4192 4739 4199 4740 4196 4740 4194 4740 4199 4741 4193 4741 4256 4741 4208 4742 4203 4742 4205 4742 4203 4743 4207 4743 4202 4743 4258 4744 4200 4744 4209 4744 4258 4745 4209 4745 4205 4745 4209 4746 4200 4746 4202 4746 4207 4747 4209 4747 4202 4747 4209 4748 4206 4748 4208 4748</p>
        </triangles>
        <triangles material="Blue-material" count="669">
          <input semantic="VERTEX" source="#Person_Standing_Simple-mesh-vertices" offset="0"/>
          <input semantic="NORMAL" source="#Person_Standing_Simple-mesh-normals" offset="1"/>
          <p>1838 4749 1839 4749 1840 4749 1841 4750 1840 4750 1842 4750 1843 4751 1844 4751 1845 4751 1846 4752 1847 4752 1848 4752 1849 4753 1850 4753 1851 4753 1852 4754 1851 4754 1853 4754 1854 4755 1838 4755 1841 4755 1852 4756 1841 4756 1855 4756 1856 4757 1845 4757 1857 4757 1858 4758 1859 4758 1860 4758 1856 4759 1860 4759 1847 4759 1850 4760 1861 4760 1862 4760 1851 4761 1862 4761 1863 4761 1863 4762 1853 4762 1851 4762 1858 4763 1857 4763 1864 4763 1865 4764 1866 4764 1859 4764 1867 4765 1868 4765 1869 4765 1862 4766 1869 4766 1863 4766 1870 4767 1866 4767 1865 4767 1867 4768 1871 4768 1872 4768 1867 4769 1872 4769 1868 4769 1873 4770 1874 4770 1875 4770 1876 4771 1875 4771 1877 4771 1876 4772 1878 4772 1870 4772 1879 4773 1880 4773 1881 4773 1882 4774 1883 4774 1884 4774 1885 4775 1886 4775 1887 4775 1887 4776 1888 4776 1885 4776 1889 4777 1890 4777 1891 4777 1889 4778 1891 4778 1892 4778 1893 4779 1845 4779 1844 4779 1894 4780 1895 4780 1896 4780 1890 4781 1897 4781 1898 4781 1890 4782 1899 4782 1891 4782 1890 4783 1838 4783 1854 4783 1854 4784 1853 4784 1897 4784 1900 4785 1857 4785 1845 4785 1893 4786 1896 4786 1901 4786 1900 4787 1901 4787 1902 4787 1903 4788 1904 4788 1898 4788 1905 4789 1864 4789 1857 4789 1902 4790 1906 4790 1905 4790 1907 4791 1908 4791 1909 4791 1903 4792 1909 4792 1904 4792 1903 4793 1863 4793 1869 4793 1903 4794 1869 4794 1868 4794 1874 4795 1864 4795 1905 4795 1910 4796 1905 4796 1906 4796 1906 4797 1911 4797 1912 4797 1910 4798 1912 4798 1874 4798 1907 4799 1913 4799 1914 4799 1907 4800 1868 4800 1872 4800 1875 4801 1874 4801 1912 4801 1912 4802 1877 4802 1875 4802 1915 4803 1916 4803 1917 4803 1918 4804 1881 4804 1880 4804 1918 4805 1880 4805 1919 4805 1920 4806 1921 4806 1922 4806 1922 4807 1923 4807 1924 4807 1920 4808 1924 4808 1888 4808 1925 4809 1926 4809 1927 4809 1927 4810 1892 4810 1891 4810 1928 4811 1896 4811 1895 4811 1928 4812 1929 4812 1930 4812 1931 4813 1932 4813 1925 4813 1931 4814 1891 4814 1899 4814 1931 4815 1899 4815 1898 4815 1933 4816 1901 4816 1896 4816 1933 4817 1930 4817 1934 4817 1935 4818 1902 4818 1901 4818 1936 4819 1937 4819 1932 4819 1936 4820 1898 4820 1904 4820 1935 4821 1934 4821 1938 4821 1935 4822 1939 4822 1906 4822 1940 4823 1941 4823 1942 4823 1940 4824 1942 4824 1937 4824 1940 4825 1909 4825 1908 4825 1938 4826 1943 4826 1944 4826 1939 4827 1944 4827 1911 4827 1945 4828 1946 4828 1947 4828 1945 4829 1947 4829 1941 4829 1945 4830 1908 4830 1914 4830 1943 4831 1948 4831 1944 4831 1949 4832 1950 4832 1951 4832 1949 4833 1917 4833 1916 4833 1952 4834 1953 4834 1954 4834 1955 4835 1956 4835 1957 4835 1955 4836 1926 4836 1925 4836 1958 4837 1959 4837 1960 4837 1960 4838 1961 4838 1958 4838 1962 4839 1963 4839 1956 4839 1955 4840 1925 4840 1932 4840 1958 4841 1964 4841 1934 4841 1965 4842 1966 4842 1967 4842 1965 4843 1968 4843 1963 4843 1965 4844 1962 4844 1932 4844 1964 4845 1969 4845 1970 4845 1971 4846 1938 4846 1934 4846 1972 4847 1973 4847 1974 4847 1975 4848 1974 4848 1967 4848 1966 4849 1937 4849 1942 4849 1975 4850 1942 4850 1941 4850 1971 4851 1970 4851 1976 4851 1971 4852 1977 4852 1943 4852 1978 4853 1973 4853 1972 4853 1972 4854 1941 4854 1947 4854 1972 4855 1947 4855 1946 4855 1976 4856 1979 4856 1977 4856 1980 4857 1981 4857 1982 4857 1980 4858 1982 4858 1983 4858 1980 4859 1951 4859 1950 4859 1954 4860 1953 4860 1984 4860 1985 4861 1984 4861 1986 4861 1985 4862 1986 4862 1987 4862 1988 4863 1989 4863 1990 4863 1990 4864 1957 4864 1956 4864 1990 4865 1991 4865 1992 4865 1993 4866 1994 4866 1961 4866 1993 4867 1995 4867 1996 4867 1996 4868 1997 4868 1994 4868 1991 4869 1956 4869 1963 4869 1994 4870 1998 4870 1969 4870 1969 4871 1961 4871 1994 4871 1997 4872 1999 4872 1998 4872 2000 4873 2001 4873 2002 4873 2003 4874 1963 4874 1968 4874 2000 4875 1968 4875 1967 4875 2000 4876 2004 4876 2005 4876 1998 4877 2006 4877 1970 4877 1970 4878 1969 4878 1998 4878 1999 4879 2007 4879 2006 4879 1974 4880 1973 4880 2008 4880 2008 4881 2009 4881 2005 4881 2006 4882 2010 4882 1976 4882 2006 4883 2007 4883 2011 4883 2008 4884 2012 4884 2009 4884 2010 4885 2013 4885 1979 4885 2014 4886 2015 4886 2013 4886 2016 4887 2017 4887 2018 4887 2019 4888 1983 4888 1982 4888 2020 4889 2021 4889 2022 4889 2026 4890 2027 4890 2028 4890 2029 4891 2027 4891 2026 4891 2030 4892 2031 4892 2032 4892 2031 4893 1842 4893 1840 4893 2031 4894 1840 4894 1839 4894 1843 4895 1848 4895 2033 4895 2024 4896 2034 4896 1844 4896 2028 4897 2030 4897 2026 4897 2028 4898 2035 4898 1842 4898 2036 4899 2037 4899 2029 4899 2033 4900 2029 4900 2025 4900 2038 4901 2039 4901 2040 4901 2027 4902 2037 4902 2041 4902 2037 4903 2027 4903 2029 4903 2032 4904 1839 4904 1889 4904 1894 4905 1844 4905 2034 4905 1894 4906 2046 4906 2047 4906 1894 4907 2047 4907 1895 4907 1927 4908 2054 4908 2049 4908 1927 4909 1926 4909 2054 4909 2055 4910 1928 4910 1895 4910 2052 4911 1929 4911 1928 4911 2057 4912 2058 4912 1929 4912 2059 4913 1926 4913 1955 4913 2060 4914 1955 4914 1957 4914 1959 4915 2061 4915 1960 4915 1959 4916 1929 4916 2058 4916 2062 4917 2063 4917 1957 4917 2062 4918 1989 4918 2064 4918 1995 4919 1993 4919 1960 4919 2056 4920 2060 4920 2066 4920 2068 4921 2066 4921 2060 4921 2063 4922 2062 4922 2068 4922 2069 4923 2067 4923 2070 4923 2071 4924 2068 4924 2062 4924 2039 4925 2070 4925 2040 4925 2066 4926 2068 4926 2081 4926 2042 4927 2070 4927 2067 4927 2083 4928 2081 4928 2068 4928 2068 4929 2071 4929 2084 4929 2084 4930 2040 4930 2070 4930 2064 4931 2085 4931 2086 4931 2038 4932 2086 4932 2087 4932 2088 4933 2089 4933 2090 4933 2091 4934 1989 4934 1988 4934 2091 4935 1988 4935 1992 4935 1996 4936 1995 4936 2087 4936 2092 4937 2093 4937 2094 4937 2087 4938 2094 4938 1997 4938 2095 4939 2096 4939 2097 4939 2097 4940 2090 4940 2089 4940 2098 4941 2099 4941 2100 4941 2101 4942 2102 4942 2089 4942 2088 4943 1992 4943 2002 4943 2093 4944 2103 4944 2104 4944 2094 4945 2104 4945 1999 4945 2101 4946 2105 4946 2106 4946 2101 4947 2002 4947 2001 4947 2001 4948 2005 4948 2105 4948 2103 4949 2107 4949 2108 4949 2108 4950 2007 4950 1999 4950 2109 4951 2110 4951 2111 4951 2102 4952 2106 4952 2110 4952 2112 4953 2113 4953 2114 4953 2112 4954 2115 4954 2107 4954 2116 4955 2106 4955 2105 4955 2117 4956 2105 4956 2005 4956 2005 4957 2009 4957 2117 4957 2108 4958 2011 4958 2007 4958 2108 4959 2107 4959 2118 4959 2110 4960 2119 4960 2120 4960 2120 4961 2111 4961 2110 4961 2115 4962 2114 4962 2121 4962 2115 4963 2118 4963 2107 4963 2122 4964 2116 4964 2117 4964 2123 4965 2117 4965 2009 4965 2124 4966 2014 4966 2011 4966 2125 4967 2120 4967 2119 4967 2126 4968 2119 4968 2116 4968 2115 4969 2121 4969 2127 4969 2128 4970 2129 4970 2130 4970 2131 4971 2130 4971 2018 4971 2132 4972 2022 4972 2133 4972 2134 4973 2133 4973 2135 4973 2136 4974 2137 4974 2138 4974 2136 4975 2129 4975 2128 4975 2139 4976 2140 4976 2141 4976 2142 4977 2143 4977 2090 4977 2144 4978 2098 4978 2092 4978 2085 4979 2064 4979 1989 4979 2091 4980 2090 4980 2143 4980 2145 4981 2092 4981 2087 4981 1995 4982 2039 4982 2087 4982 2143 4983 2086 4983 2085 4983 2087 4984 2086 4984 2143 4984 2037 4985 2146 4985 2041 4985 1882 4986 1871 4986 2147 4986 1886 4987 2148 4987 1887 4987 1886 4988 2149 4988 2150 4988 2151 4989 2150 4989 1878 4989 2151 4990 1877 4990 2148 4990 1918 4991 1917 4991 2152 4991 2153 4992 1922 4992 1921 4992 1921 4993 1887 4993 2148 4993 1913 4994 2154 4994 2152 4994 1872 4995 1881 4995 2154 4995 1912 4996 1911 4996 2155 4996 2156 4997 2155 4997 2153 4997 2156 4998 2148 4998 1877 4998 2157 4999 1951 4999 1946 4999 2157 5000 2152 5000 1917 5000 2158 5001 1953 5001 1952 5001 1952 5002 1922 5002 2153 5002 1914 5003 2152 5003 2157 5003 2159 5004 2155 5004 1911 5004 2159 5005 1948 5005 2158 5005 2159 5006 2153 5006 2155 5006 2160 5007 1946 5007 1951 5007 2161 5008 1986 5008 1984 5008 2162 5009 1984 5009 1953 5009 2160 5010 1983 5010 1978 5010 2163 5011 1977 5011 1979 5011 1979 5012 2161 5012 2162 5012 2163 5013 2162 5013 2158 5013 2164 5014 1978 5014 1983 5014 2164 5015 2165 5015 2012 5015 2015 5016 2166 5016 2167 5016 2013 5017 2167 5017 2161 5017 2019 5018 2018 5018 2165 5018 2166 5019 2022 5019 2021 5019 2167 5020 2021 5020 1986 5020 2130 5021 2168 5021 2165 5021 2169 5022 2135 5022 2133 5022 2133 5023 2022 5023 2166 5023 2168 5024 2170 5024 2122 5024 2168 5025 2123 5025 2012 5025 2118 5026 2169 5026 2133 5026 2124 5027 2133 5027 2166 5027 2136 5028 2138 5028 2171 5028 2171 5029 2170 5029 2129 5029 2140 5030 2172 5030 2173 5030 2126 5031 2122 5031 2170 5031 2172 5032 2174 5032 2127 5032 2099 5033 2113 5033 2112 5033 2095 5034 2089 5034 2102 5034 2175 5035 2176 5035 2177 5035 2178 5036 2177 5036 1855 5036 1855 5037 1842 5037 2178 5037 2179 5038 1848 5038 1847 5038 2180 5039 2181 5039 2176 5039 2182 5040 2183 5040 2113 5040 2177 5041 2176 5041 2181 5041 2177 5042 1849 5042 1855 5042 1860 5043 2184 5043 2183 5043 2182 5044 2185 5044 1860 5044 2183 5045 2114 5045 2113 5045 2181 5046 2111 5046 1861 5046 1859 5047 1866 5047 2186 5047 2184 5048 2186 5048 2187 5048 2188 5049 1861 5049 2111 5049 2189 5050 2186 5050 1866 5050 2189 5051 2121 5051 2187 5051 2190 5052 2191 5052 2120 5052 2190 5053 2147 5053 2192 5053 2192 5054 2188 5054 2191 5054 2189 5055 1870 5055 1878 5055 2193 5056 2141 5056 2194 5056 1883 5057 2195 5057 2196 5057 2175 5058 2197 5058 2198 5058 2199 5059 2185 5059 2200 5059 2200 5060 2098 5060 2144 5060 2197 5061 2178 5061 1842 5061 2035 5062 2041 5062 2201 5062 2146 5063 2037 5063 2036 5063 2202 5064 2036 5064 1848 5064 2179 5065 2185 5065 2199 5065 2201 5066 2041 5066 2146 5066 2203 5067 2190 5067 2125 5067 2173 5068 2127 5068 2121 5068 2204 5069 1878 5069 2150 5069 2205 5070 2206 5070 2173 5070 2205 5071 2173 5071 2121 5071 2195 5072 2203 5072 2207 5072 2140 5073 2173 5073 2206 5073 1883 5074 2147 5074 2208 5074 2205 5075 2150 5075 2149 5075 2096 5076 2176 5076 2175 5076 2209 5077 2097 5077 2096 5077 2099 5078 2098 5078 2200 5078 2084 5079 2071 5079 2040 5079 2103 5080 2093 5080 2100 5080 2209 5081 2142 5081 2097 5081 1841 5082 1838 5082 1840 5082 1855 5083 1841 5083 1842 5083 1846 5084 1843 5084 1845 5084 1856 5085 1846 5085 1845 5085 1846 5086 1856 5086 1847 5086 1843 5087 1846 5087 1848 5087 1852 5088 1849 5088 1851 5088 1854 5089 1852 5089 1853 5089 1852 5090 1854 5090 1841 5090 1849 5091 1852 5091 1855 5091 1858 5092 1856 5092 1857 5092 1856 5093 1858 5093 1860 5093 1851 5094 1850 5094 1862 5094 2211 5095 1858 5095 1864 5095 2211 5096 1864 5096 1865 5096 2211 5097 1865 5097 1859 5097 1858 5098 2211 5098 1859 5098 1862 5099 2188 5099 1867 5099 1862 5100 1867 5100 1869 5100 2188 5101 1862 5101 1861 5101 1874 5102 1865 5102 1864 5102 1865 5103 1874 5103 1873 5103 1865 5104 1873 5104 1870 5104 1867 5105 2192 5105 1871 5105 2192 5106 1867 5106 2188 5106 1876 5107 1873 5107 1875 5107 1873 5108 1876 5108 1870 5108 1882 5109 1879 5109 1881 5109 1879 5110 1882 5110 1884 5110 1885 5111 2149 5111 1886 5111 1838 5112 1889 5112 1839 5112 1889 5113 1838 5113 1890 5113 1894 5114 1893 5114 1844 5114 1893 5115 1894 5115 1896 5115 1899 5116 1890 5116 1898 5116 1890 5117 1854 5117 1897 5117 1893 5118 1900 5118 1845 5118 1900 5119 1893 5119 1901 5119 1897 5120 1903 5120 1898 5120 1863 5121 1897 5121 1853 5121 1897 5122 1863 5122 1903 5122 1900 5123 1905 5123 1857 5123 1905 5124 1900 5124 1902 5124 1903 5125 1907 5125 1909 5125 1907 5126 1903 5126 1868 5126 1910 5127 1874 5127 1905 5127 1910 5128 1906 5128 1912 5128 1908 5129 1907 5129 1914 5129 1913 5130 1907 5130 1872 5130 1918 5131 1915 5131 1917 5131 1915 5132 1918 5132 1919 5132 1920 5133 1887 5133 1921 5133 1920 5134 1922 5134 1924 5134 1887 5135 1920 5135 1888 5135 1927 5136 1931 5136 1925 5136 1931 5137 1927 5137 1891 5137 1933 5138 1928 5138 1930 5138 1928 5139 1933 5139 1896 5139 1931 5140 1936 5140 1932 5140 1936 5141 1931 5141 1898 5141 1935 5142 1933 5142 1934 5142 1933 5143 1935 5143 1901 5143 1936 5144 1909 5144 1937 5144 1909 5145 1936 5145 1904 5145 1939 5146 1935 5146 1938 5146 1902 5147 1935 5147 1906 5147 1909 5148 1940 5148 1937 5148 1939 5149 1938 5149 1944 5149 1906 5150 1939 5150 1911 5150 1940 5151 1945 5151 1941 5151 1945 5152 1940 5152 1908 5152 1949 5153 2212 5153 1950 5153 2212 5154 1949 5154 1916 5154 2213 5155 1922 5155 1952 5155 2213 5156 1952 5156 1954 5156 1922 5157 2213 5157 1923 5157 1958 5158 1929 5158 1959 5158 1929 5159 1958 5159 1930 5159 1955 5160 1962 5160 1956 5160 1962 5161 1955 5161 1932 5161 1969 5162 1958 5162 1961 5162 1964 5163 1958 5163 1969 5163 1930 5164 1958 5164 1934 5164 1968 5165 1965 5165 1967 5165 1962 5166 1965 5166 1963 5166 1937 5167 1965 5167 1932 5167 1966 5168 1965 5168 1937 5168 1971 5169 1964 5169 1970 5169 1964 5170 1971 5170 1934 5170 1975 5171 1972 5171 1974 5171 1966 5172 1975 5172 1967 5172 1975 5173 1966 5173 1942 5173 1972 5174 1975 5174 1941 5174 1977 5175 1971 5175 1976 5175 1938 5176 1971 5176 1943 5176 1972 5177 2214 5177 1978 5177 2214 5178 1972 5178 1946 5178 1943 5179 1977 5179 1948 5179 1981 5180 1980 5180 1950 5180 1985 5181 1954 5181 1984 5181 1991 5182 1990 5182 1956 5182 1988 5183 1990 5183 1992 5183 1960 5184 1993 5184 1961 5184 1993 5185 1996 5185 1994 5185 2003 5186 1992 5186 1991 5186 2003 5187 1991 5187 1963 5187 1992 5188 2003 5188 2002 5188 1994 5189 1997 5189 1998 5189 2003 5190 2000 5190 2002 5190 2000 5191 2003 5191 1968 5191 2004 5192 2000 5192 1967 5192 2001 5193 2000 5193 2005 5193 1998 5194 1999 5194 2006 5194 1974 5195 2004 5195 1967 5195 2004 5196 1974 5196 2008 5196 2004 5197 2008 5197 2005 5197 1970 5198 2006 5198 1976 5198 2010 5199 2006 5199 2011 5199 1978 5200 2008 5200 1973 5200 2164 5201 2008 5201 1978 5201 2008 5202 2164 5202 2012 5202 1976 5203 2010 5203 1979 5203 2014 5204 2010 5204 2011 5204 2010 5205 2014 5205 2013 5205 2019 5206 2016 5206 2018 5206 2016 5207 2019 5207 1982 5207 1986 5208 2020 5208 1987 5208 2020 5209 1986 5209 2021 5209 2132 5210 2020 5210 2022 5210 2025 5211 2029 5211 2026 5211 2024 5212 2215 5212 2025 5212 2032 5213 2031 5213 1839 5213 1843 5214 2215 5214 1844 5214 2215 5215 1843 5215 2033 5215 2215 5216 2024 5216 1844 5216 2035 5217 2028 5217 2041 5217 2031 5218 2028 5218 1842 5218 2030 5219 2028 5219 2031 5219 2036 5220 2033 5220 1848 5220 2033 5221 2036 5221 2029 5221 2215 5222 2033 5222 2025 5222 2071 5223 2038 5223 2040 5223 2028 5224 2027 5224 2041 5224 2045 5225 2032 5225 1889 5225 2045 5226 1889 5226 1892 5226 2046 5227 1894 5227 2034 5227 2053 5228 1927 5228 2049 5228 1927 5229 2053 5229 1892 5229 2047 5230 2055 5230 1895 5230 2055 5231 2052 5231 1928 5231 2059 5232 2054 5232 1926 5232 2054 5233 2059 5233 2056 5233 2052 5234 2057 5234 1929 5234 2059 5235 2060 5235 2056 5235 2060 5236 2059 5236 1955 5236 2063 5237 2060 5237 1957 5237 2069 5238 1959 5238 2058 5238 1959 5239 2069 5239 2061 5239 1990 5240 2062 5240 1957 5240 2062 5241 1990 5241 1989 5241 2061 5242 1995 5242 1960 5242 2039 5243 1995 5243 2061 5243 2058 5244 2057 5244 2067 5244 2063 5245 2068 5245 2060 5245 2069 5246 2058 5246 2067 5246 2061 5247 2069 5247 2070 5247 2064 5248 2071 5248 2062 5248 2039 5249 2061 5249 2070 5249 2064 5250 2038 5250 2071 5250 2083 5251 2068 5251 2084 5251 2038 5252 2064 5252 2086 5252 2039 5253 2038 5253 2087 5253 2091 5254 2088 5254 2090 5254 2088 5255 2091 5255 1992 5255 2087 5256 2092 5256 2094 5256 1996 5257 2087 5257 1997 5257 2097 5258 2142 5258 2090 5258 2095 5259 2097 5259 2089 5259 2100 5260 2092 5260 2098 5260 2092 5261 2100 5261 2093 5261 2088 5262 2101 5262 2089 5262 2101 5263 2088 5263 2002 5263 2094 5264 2093 5264 2104 5264 1997 5265 2094 5265 1999 5265 2102 5266 2101 5266 2106 5266 2101 5267 2001 5267 2105 5267 2103 5268 1999 5268 2104 5268 2103 5269 2108 5269 1999 5269 2180 5270 2109 5270 2111 5270 2109 5271 2102 5271 2110 5271 2115 5272 2112 5272 2114 5272 2103 5273 2112 5273 2107 5273 2117 5274 2116 5274 2105 5274 2124 5275 2108 5275 2118 5275 2108 5276 2124 5276 2011 5276 2116 5277 2110 5277 2106 5277 2110 5278 2116 5278 2119 5278 2123 5279 2122 5279 2117 5279 2012 5280 2123 5280 2009 5280 2014 5281 2124 5281 2015 5281 2126 5282 2125 5282 2119 5282 2122 5283 2126 5283 2116 5283 2115 5284 2174 5284 2118 5284 2174 5285 2115 5285 2127 5285 2131 5286 2128 5286 2130 5286 2017 5287 2131 5287 2018 5287 2134 5288 2132 5288 2133 5288 2139 5289 2135 5289 2140 5289 2217 5290 2139 5290 2141 5290 2142 5291 2144 5291 2143 5291 2145 5292 2144 5292 2092 5292 2091 5293 2085 5293 1989 5293 2085 5294 2091 5294 2143 5294 2145 5295 2143 5295 2144 5295 2145 5296 2087 5296 2143 5296 1882 5297 1881 5297 1871 5297 1883 5298 1882 5298 2147 5298 1872 5299 1871 5299 1881 5299 2147 5300 1871 5300 2192 5300 1876 5301 2151 5301 1878 5301 2151 5302 1876 5302 1877 5302 1886 5303 2151 5303 2148 5303 2151 5304 1886 5304 2150 5304 2154 5305 1918 5305 2152 5305 1918 5306 2154 5306 1881 5306 2156 5307 1921 5307 2148 5307 1921 5308 2156 5308 2153 5308 1914 5309 1913 5309 2152 5309 1913 5310 1872 5310 2154 5310 1912 5311 2156 5311 1877 5311 2156 5312 1912 5312 2155 5312 2157 5313 1949 5313 1951 5313 1949 5314 2157 5314 1917 5314 2159 5315 2158 5315 1952 5315 2159 5316 1952 5316 2153 5316 1945 5317 2157 5317 1946 5317 1945 5318 1914 5318 2157 5318 1944 5319 2159 5319 1911 5319 2159 5320 1944 5320 1948 5320 2160 5321 1980 5321 1983 5321 1980 5322 2160 5322 1951 5322 2162 5323 2161 5323 1984 5323 2158 5324 2162 5324 1953 5324 2214 5325 2160 5325 1978 5325 2160 5326 2214 5326 1946 5326 2163 5327 1948 5327 1977 5327 2163 5328 1979 5328 2162 5328 1948 5329 2163 5329 2158 5329 2019 5330 2164 5330 1983 5330 2164 5331 2019 5331 2165 5331 2013 5332 2015 5332 2167 5332 1979 5333 2013 5333 2161 5333 2167 5334 2166 5334 2021 5334 2161 5335 2167 5335 1986 5335 2170 5336 2130 5336 2129 5336 2168 5337 2130 5337 2170 5337 2018 5338 2130 5338 2165 5338 2123 5339 2168 5339 2122 5339 2165 5340 2168 5340 2012 5340 2124 5341 2118 5341 2133 5341 2015 5342 2124 5342 2166 5342 2171 5343 2207 5343 2170 5343 2136 5344 2171 5344 2129 5344 2140 5345 2169 5345 2172 5345 2169 5346 2140 5346 2135 5346 2126 5347 2207 5347 2125 5347 2207 5348 2126 5348 2170 5348 2172 5349 2118 5349 2174 5349 2173 5350 2172 5350 2127 5350 2118 5351 2172 5351 2169 5351 2100 5352 2099 5352 2112 5352 2109 5353 2096 5353 2095 5353 2109 5354 2095 5354 2102 5354 2178 5355 2175 5355 2177 5355 1860 5356 2179 5356 1847 5356 2179 5357 1860 5357 2185 5357 2176 5358 2109 5358 2180 5358 2176 5359 2096 5359 2109 5359 2099 5360 2182 5360 2113 5360 1849 5361 2177 5361 2181 5361 2184 5362 1860 5362 1859 5362 2182 5363 1860 5363 2183 5363 2181 5364 2180 5364 2111 5364 1850 5365 2181 5365 1861 5365 2181 5366 1850 5366 1849 5366 2184 5367 1859 5367 2186 5367 2183 5368 2184 5368 2187 5368 2120 5369 2191 5369 2111 5369 2187 5370 2121 5370 2114 5370 2183 5371 2187 5371 2114 5371 2191 5372 2188 5372 2111 5372 1870 5373 2189 5373 1866 5373 2189 5374 2187 5374 2186 5374 2125 5375 2190 5375 2120 5375 2190 5376 2192 5376 2191 5376 2204 5377 2189 5377 1878 5377 2189 5378 2204 5378 2121 5378 2138 5379 2196 5379 2195 5379 2196 5380 2138 5380 2137 5380 2193 5381 2217 5381 2141 5381 1884 5382 1883 5382 2196 5382 2218 5383 2194 5383 2149 5383 2218 5384 2193 5384 2194 5384 2209 5385 2175 5385 2198 5385 2209 5386 2198 5386 2142 5386 2200 5387 2198 5387 2199 5387 2198 5388 2200 5388 2144 5388 2197 5389 2175 5389 2178 5389 2035 5390 2197 5390 1842 5390 2197 5391 2035 5391 2201 5391 2202 5392 2146 5392 2036 5392 2179 5393 2202 5393 1848 5393 2202 5394 2179 5394 2199 5394 2146 5395 2202 5395 2199 5395 2201 5396 2198 5396 2197 5396 2201 5397 2199 5397 2198 5397 2199 5398 2201 5398 2146 5398 2207 5399 2203 5399 2125 5399 2147 5400 2203 5400 2208 5400 2203 5401 2147 5401 2190 5401 2205 5402 2204 5402 2150 5402 2204 5403 2205 5403 2121 5403 2195 5404 2171 5404 2138 5404 2171 5405 2195 5405 2207 5405 2141 5406 2206 5406 2194 5406 2140 5407 2206 5407 2141 5407 2208 5408 2195 5408 1883 5408 2195 5409 2208 5409 2203 5409 2194 5410 2205 5410 2149 5410 2205 5411 2194 5411 2206 5411 2209 5412 2096 5412 2175 5412 2200 5413 2185 5413 2182 5413 2182 5414 2099 5414 2200 5414 2112 5415 2103 5415 2100 5415 2543 5416 2477 5416 2473 5416 2419 5417 2418 5417 2425 5417</p>
        </triangles>
        <triangles material="Red-material" count="681">
          <input semantic="VERTEX" source="#Person_Standing_Simple-mesh-vertices" offset="0"/>
          <input semantic="NORMAL" source="#Person_Standing_Simple-mesh-normals" offset="1"/>
          <p>2042 5418 2084 5418 2070 5418 2044 5419 2084 5419 2042 5419 2220 5420 2221 5420 2222 5420 2220 5421 2222 5421 2223 5421 2224 5422 2225 5422 2226 5422 2226 5423 2227 5423 2221 5423 2228 5424 2229 5424 2230 5424 2231 5425 2230 5425 2232 5425 2231 5426 2233 5426 2234 5426 2235 5427 2236 5427 2228 5427 2224 5428 2223 5428 2237 5428 2238 5429 2237 5429 2239 5429 2240 5430 2241 5430 2242 5430 2238 5431 2242 5431 2225 5431 2243 5432 2244 5432 2245 5432 2230 5433 2245 5433 2246 5433 2247 5434 2248 5434 2223 5434 2249 5435 2250 5435 2251 5435 2223 5436 2248 5436 2252 5436 2237 5437 2252 5437 2253 5437 2253 5438 2239 5438 2237 5438 2254 5439 2255 5439 2256 5439 2254 5440 2257 5440 2258 5440 2259 5441 2260 5441 2261 5441 2262 5442 2263 5442 2264 5442 2265 5443 2264 5443 2266 5443 2267 5444 2268 5444 2269 5444 2267 5445 2269 5445 2270 5445 2270 5446 2271 5446 2272 5446 2273 5447 2274 5447 2275 5447 2260 5448 2263 5448 2276 5448 2276 5449 2261 5449 2260 5449 2262 5450 2274 5450 2277 5450 2268 5451 2277 5451 2278 5451 2269 5452 2278 5452 2279 5452 2273 5453 2280 5453 2279 5453 2278 5454 2277 5454 2274 5454 2221 5455 2281 5455 2282 5455 2283 5456 2222 5456 2221 5456 2235 5457 2284 5457 2236 5457 2235 5458 2234 5458 2285 5458 2235 5459 2285 5459 2286 5459 2235 5460 2287 5460 2284 5460 2288 5461 2289 5461 2222 5461 2283 5462 2282 5462 2290 5462 2291 5463 2292 5463 2251 5463 2251 5464 2250 5464 2293 5464 2291 5465 2293 5465 2294 5465 2295 5466 2296 5466 2297 5466 2298 5467 2299 5467 2300 5467 2280 5468 2301 5468 2299 5468 2296 5469 2279 5469 2302 5469 2303 5470 2297 5470 2296 5470 2279 5471 2298 5471 2304 5471 2305 5472 2302 5472 2279 5472 2306 5473 2239 5473 2307 5473 2306 5474 2308 5474 2241 5474 2309 5475 2310 5475 2311 5475 2309 5476 2311 5476 2312 5476 2313 5477 2246 5477 2245 5477 2309 5478 2245 5478 2244 5478 2314 5479 2307 5479 2315 5479 2314 5480 2316 5480 2317 5480 2314 5481 2318 5481 2308 5481 2319 5482 2320 5482 2321 5482 2322 5483 2312 5483 2311 5483 2321 5484 2311 5484 2310 5484 2255 5485 2323 5485 2256 5485 2307 5486 2324 5486 2325 5486 2325 5487 2326 5487 2315 5487 2325 5488 2315 5488 2307 5488 2327 5489 2328 5489 2329 5489 2255 5490 2329 5490 2330 5490 2330 5491 2323 5491 2255 5491 2331 5492 2332 5492 2333 5492 2331 5493 2333 5493 2334 5493 2335 5494 2336 5494 2337 5494 2338 5495 2339 5495 2340 5495 2340 5496 2341 5496 2342 5496 2333 5497 2332 5497 2260 5497 2259 5498 2343 5498 2334 5498 2338 5499 2344 5499 2266 5499 2345 5500 2337 5500 2346 5500 2345 5501 2347 5501 2348 5501 2345 5502 2348 5502 2332 5502 2349 5503 2340 5503 2339 5503 2349 5504 2346 5504 2341 5504 2348 5505 2347 5505 2263 5505 2316 5506 2315 5506 2350 5506 2350 5507 2351 5507 2352 5507 2353 5508 2354 5508 2355 5508 2353 5509 2355 5509 2356 5509 2357 5510 2358 5510 2321 5510 2353 5511 2321 5511 2320 5511 2359 5512 2360 5512 2361 5512 2361 5513 2352 5513 2351 5513 2362 5514 2355 5514 2363 5514 2364 5515 2365 5515 2362 5515 2366 5516 2351 5516 2350 5516 2367 5517 2350 5517 2315 5517 2329 5518 2328 5518 2368 5518 2369 5519 2330 5519 2329 5519 2370 5520 2371 5520 2372 5520 2373 5521 2366 5521 2371 5521 2374 5522 2337 5522 2336 5522 2375 5523 2342 5523 2341 5523 2376 5524 2377 5524 2378 5524 2376 5525 2346 5525 2337 5525 2375 5526 2341 5526 2346 5526 2379 5527 2380 5527 2381 5527 2382 5528 2383 5528 2379 5528 2384 5529 2385 5529 2386 5529 2384 5530 2387 5530 2388 5530 2389 5531 2267 5531 2272 5531 2272 5532 2271 5532 2390 5532 2389 5533 2390 5533 2381 5533 2301 5534 2275 5534 2391 5534 2391 5535 2392 5535 2393 5535 2394 5536 2395 5536 2396 5536 2396 5537 2380 5537 2397 5537 2398 5538 2385 5538 2392 5538 2398 5539 2386 5539 2385 5539 2399 5540 2396 5540 2395 5540 2343 5541 2267 5541 2389 5541 2399 5542 2389 5542 2380 5542 2400 5543 2391 5543 2275 5543 2275 5544 2266 5544 2401 5544 2400 5545 2401 5545 2402 5545 2402 5546 2392 5546 2391 5546 2382 5547 2381 5547 2403 5547 2403 5548 2404 5548 2405 5548 2406 5549 2407 5549 2393 5549 2393 5550 2388 5550 2406 5550 2403 5551 2381 5551 2390 5551 2408 5552 2390 5552 2271 5552 2271 5553 2409 5553 2408 5553 2410 5554 2300 5554 2299 5554 2411 5555 2299 5555 2301 5555 2411 5556 2393 5556 2407 5556 2411 5557 2407 5557 2412 5557 2413 5558 2414 5558 2402 5558 2415 5559 2334 5559 2343 5559 2401 5560 2266 5560 2344 5560 2401 5561 2416 5561 2417 5561 2417 5562 2402 5562 2401 5562 2418 5563 2421 5563 2422 5563 2423 5564 2395 5564 2424 5564 2418 5565 2424 5565 2425 5565 2426 5566 2427 5566 2417 5566 2423 5567 2422 5567 2428 5567 2429 5568 2428 5568 2336 5568 2335 5569 2334 5569 2415 5569 2429 5570 2415 5570 2395 5570 2344 5571 2342 5571 2430 5571 2416 5572 2430 5572 2431 5572 2416 5573 2431 5573 2417 5573 2432 5574 2336 5574 2428 5574 2433 5575 2428 5575 2422 5575 2434 5576 2430 5576 2342 5576 2435 5577 2436 5577 2430 5577 2437 5578 2226 5578 2225 5578 2242 5579 2438 5579 2437 5579 2437 5580 2439 5580 2227 5580 2236 5581 2440 5581 2441 5581 2442 5582 2229 5582 2228 5582 2441 5583 2228 5583 2236 5583 2438 5584 2397 5584 2379 5584 2437 5585 2379 5585 2383 5585 2387 5586 2386 5586 2442 5586 2441 5587 2440 5587 2388 5587 2443 5588 2444 5588 2445 5588 2242 5589 2445 5589 2438 5589 2446 5590 2447 5590 2448 5590 2243 5591 2448 5591 2244 5591 2243 5592 2229 5592 2442 5592 2449 5593 2445 5593 2444 5593 2444 5594 2394 5594 2449 5594 2398 5595 2414 5595 2447 5595 2450 5596 2227 5596 2439 5596 2284 5597 2451 5597 2440 5597 2450 5598 2452 5598 2453 5598 2454 5599 2455 5599 2406 5599 2451 5600 2406 5600 2388 5600 2388 5601 2440 5601 2451 5601 2443 5602 2241 5602 2308 5602 2456 5603 2448 5603 2447 5603 2309 5604 2244 5604 2448 5604 2458 5605 2425 5605 2424 5605 2458 5606 2424 5606 2394 5606 2459 5607 2447 5607 2414 5607 2318 5608 2317 5608 2461 5608 2462 5609 2457 5609 2308 5609 2468 5610 2420 5610 2419 5610 2461 5611 2317 5611 2471 5611 2467 5612 2474 5612 2475 5612 2475 5613 2320 5613 2467 5613 2473 5614 2477 5614 2420 5614 2480 5615 2365 5615 2364 5615 2364 5616 2363 5616 2481 5616 2482 5617 2483 5617 2484 5617 2484 5618 2485 5618 2482 5618 2486 5619 2487 5619 2481 5619 2488 5620 2489 5620 2490 5620 2491 5621 2492 5621 2493 5621 2494 5622 2495 5622 2496 5622 2497 5623 2498 5623 2499 5623 2500 5624 2499 5624 2436 5624 2436 5625 2501 5625 2500 5625 2502 5626 2494 5626 2422 5626 2502 5627 2503 5627 2495 5627 2498 5628 2504 5628 2505 5628 2499 5629 2505 5629 2431 5629 2430 5630 2436 5630 2499 5630 2506 5631 2422 5631 2421 5631 2420 5632 2477 5632 2507 5632 2421 5633 2507 5633 2503 5633 2508 5634 2483 5634 2509 5634 2510 5635 2492 5635 2491 5635 2491 5636 2496 5636 2511 5636 2508 5637 2511 5637 2484 5637 2512 5638 2497 5638 2500 5638 2513 5639 2500 5639 2501 5639 2514 5640 2487 5640 2486 5640 2513 5641 2486 5641 2490 5641 2316 5642 2352 5642 2515 5642 2354 5643 2516 5643 2517 5643 2517 5644 2355 5644 2354 5644 2518 5645 2515 5645 2352 5645 2519 5646 2520 5646 2515 5646 2521 5647 2517 5647 2522 5647 2521 5648 2363 5648 2355 5648 2523 5649 2524 5649 2520 5649 2525 5650 2526 5650 2527 5650 2528 5651 2522 5651 2517 5651 2525 5652 2529 5652 2526 5652 2471 5653 2520 5653 2524 5653 2525 5654 2517 5654 2516 5654 2533 5655 2534 5655 2484 5655 2533 5656 2511 5656 2496 5656 2535 5657 2536 5657 2534 5657 2537 5658 2538 5658 2539 5658 2512 5659 2490 5659 2540 5659 2540 5660 2541 5660 2537 5660 2542 5661 2545 5661 2546 5661 2547 5662 2548 5662 2479 5662 2547 5663 2549 5663 2550 5663 2507 5664 2546 5664 2551 5664 2552 5665 2551 5665 2553 5665 2554 5666 2550 5666 2549 5666 2549 5667 2539 5667 2555 5667 2495 5668 2553 5668 2556 5668 2496 5669 2556 5669 2535 5669 2557 5670 2534 5670 2536 5670 2558 5671 2541 5671 2540 5671 2540 5672 2490 5672 2489 5672 2540 5673 2559 5673 2558 5673 2482 5674 2518 5674 2361 5674 2485 5675 2519 5675 2518 5675 2488 5676 2522 5676 2489 5676 2488 5677 2481 5677 2363 5677 2472 5678 2471 5678 2532 5678 2563 5679 2475 5679 2474 5679 2565 5680 2566 5680 2567 5680 2565 5681 2568 5681 2492 5681 2510 5682 2509 5682 2566 5682 2569 5683 2570 5683 2487 5683 2501 5684 2571 5684 2569 5684 2572 5685 2567 5685 2566 5685 2573 5686 2574 5686 2575 5686 2576 5687 2509 5687 2577 5687 2570 5688 2575 5688 2481 5688 2570 5689 2481 5689 2487 5689 2557 5690 2578 5690 2579 5690 2527 5691 2558 5691 2559 5691 2559 5692 2489 5692 2522 5692 2233 5693 2232 5693 2580 5693 2233 5694 2580 5694 2258 5694 2233 5695 2581 5695 2251 5695 2582 5696 2583 5696 2584 5696 2584 5697 2585 5697 2582 5697 2586 5698 2587 5698 2588 5698 2589 5699 2583 5699 2582 5699 2590 5700 2568 5700 2591 5700 2592 5701 2591 5701 2567 5701 2567 5702 2593 5702 2592 5702 2594 5703 2588 5703 2587 5703 2594 5704 2595 5704 2596 5704 2572 5705 2597 5705 2593 5705 2598 5706 2574 5706 2573 5706 2573 5707 2596 5707 2595 5707 2573 5708 2595 5708 2598 5708 2599 5709 2600 5709 2601 5709 2601 5710 2602 5710 2603 5710 2604 5711 2574 5711 2598 5711 2605 5712 2432 5712 2433 5712 2606 5713 2433 5713 2494 5713 2606 5714 2493 5714 2492 5714 2606 5715 2492 5715 2568 5715 2605 5716 2377 5716 2432 5716 2607 5717 2378 5717 2377 5717 2583 5718 2568 5718 2584 5718 2589 5719 2588 5719 2607 5719 2608 5720 2378 5720 2607 5720 2608 5721 2607 5721 2588 5721 2435 5722 2608 5722 2571 5722 2360 5723 2601 5723 2609 5723 2580 5724 2246 5724 2610 5724 2610 5725 2258 5725 2580 5725 2611 5726 2612 5726 2613 5726 2249 5727 2257 5727 2248 5727 2572 5728 2614 5728 2609 5728 2615 5729 2609 5729 2601 5729 2601 5730 2600 5730 2615 5730 2234 5731 2251 5731 2292 5731 2285 5732 2616 5732 2286 5732 2313 5733 2312 5733 2322 5733 2246 5734 2322 5734 2327 5734 2327 5735 2610 5735 2246 5735 2322 5736 2358 5736 2617 5736 2322 5737 2617 5737 2328 5737 2357 5738 2356 5738 2618 5738 2617 5739 2618 5739 2368 5739 2618 5740 2611 5740 2602 5740 2372 5741 2368 5741 2618 5741 2248 5742 2257 5742 2254 5742 2254 5743 2252 5743 2248 5743 2619 5744 2294 5744 2293 5744 2293 5745 2250 5745 2289 5745 2288 5746 2290 5746 2619 5746 2253 5747 2256 5747 2323 5747 2324 5748 2323 5748 2330 5748 2620 5749 2325 5749 2324 5749 2369 5750 2620 5750 2330 5750 2369 5751 2372 5751 2371 5751 2369 5752 2371 5752 2366 5752 2367 5753 2326 5753 2620 5753 2609 5754 2577 5754 2361 5754 2373 5755 2601 5755 2360 5755 2359 5756 2351 5756 2366 5756 2480 5757 2575 5757 2574 5757 2604 5758 2611 5758 2365 5758 2618 5759 2362 5759 2365 5759 2365 5760 2611 5760 2618 5760 2618 5761 2356 5761 2362 5761 2224 5762 2220 5762 2223 5762 2220 5763 2224 5763 2226 5763 2220 5764 2226 5764 2221 5764 2231 5765 2228 5765 2230 5765 2233 5766 2231 5766 2232 5766 2235 5767 2231 5767 2234 5767 2231 5768 2235 5768 2228 5768 2238 5769 2224 5769 2237 5769 2240 5770 2238 5770 2239 5770 2238 5771 2240 5771 2242 5771 2224 5772 2238 5772 2225 5772 2230 5773 2243 5773 2245 5773 2232 5774 2230 5774 2246 5774 2243 5775 2230 5775 2229 5775 2222 5776 2289 5776 2247 5776 2222 5777 2247 5777 2223 5777 2257 5778 2581 5778 2258 5778 2581 5779 2257 5779 2249 5779 2581 5780 2249 5780 2251 5780 2237 5781 2223 5781 2252 5781 2254 5782 2610 5782 2255 5782 2610 5783 2254 5783 2258 5783 2267 5784 2261 5784 2268 5784 2261 5785 2267 5785 2343 5785 2259 5786 2261 5786 2343 5786 2265 5787 2275 5787 2274 5787 2262 5788 2265 5788 2274 5788 2265 5789 2262 5789 2264 5789 2275 5790 2265 5790 2266 5790 2267 5791 2270 5791 2272 5791 2273 5792 2301 5792 2280 5792 2301 5793 2273 5793 2275 5793 2268 5794 2276 5794 2277 5794 2276 5795 2268 5795 2261 5795 2276 5796 2262 5796 2277 5796 2262 5797 2276 5797 2263 5797 2269 5798 2268 5798 2278 5798 2278 5799 2273 5799 2279 5799 2273 5800 2278 5800 2274 5800 2283 5801 2221 5801 2282 5801 2621 5802 2221 5802 2227 5802 2221 5803 2621 5803 2281 5803 2287 5804 2235 5804 2286 5804 2283 5805 2288 5805 2222 5805 2288 5806 2283 5806 2290 5806 2291 5807 2251 5807 2293 5807 2622 5808 2291 5808 2294 5808 2291 5809 2622 5809 2292 5809 2295 5810 2270 5810 2296 5810 2271 5811 2295 5811 2409 5811 2295 5812 2271 5812 2270 5812 2298 5813 2280 5813 2299 5813 2296 5814 2269 5814 2279 5814 2303 5815 2296 5815 2302 5815 2269 5816 2296 5816 2270 5816 2305 5817 2279 5817 2304 5817 2298 5818 2279 5818 2280 5818 2306 5819 2240 5819 2239 5819 2314 5820 2306 5820 2307 5820 2306 5821 2314 5821 2308 5821 2240 5822 2306 5822 2241 5822 2313 5823 2309 5823 2312 5823 2309 5824 2313 5824 2245 5824 2314 5825 2315 5825 2316 5825 2318 5826 2314 5826 2317 5826 2322 5827 2321 5827 2358 5827 2321 5828 2322 5828 2311 5828 2319 5829 2321 5829 2310 5829 2324 5830 2307 5830 2239 5830 2253 5831 2324 5831 2239 5831 2327 5832 2255 5832 2610 5832 2255 5833 2327 5833 2329 5833 2335 5834 2331 5834 2334 5834 2331 5835 2335 5835 2337 5835 2338 5836 2340 5836 2344 5836 2344 5837 2340 5837 2342 5837 2259 5838 2333 5838 2260 5838 2333 5839 2259 5839 2334 5839 2339 5840 2264 5840 2263 5840 2338 5841 2264 5841 2339 5841 2264 5842 2338 5842 2266 5842 2331 5843 2345 5843 2332 5843 2345 5844 2331 5844 2337 5844 2347 5845 2349 5845 2339 5845 2345 5846 2349 5846 2347 5846 2349 5847 2345 5847 2346 5847 2340 5848 2349 5848 2341 5848 2260 5849 2348 5849 2263 5849 2348 5850 2260 5850 2332 5850 2347 5851 2339 5851 2263 5851 2316 5852 2350 5852 2352 5852 2357 5853 2353 5853 2356 5853 2353 5854 2357 5854 2321 5854 2354 5855 2353 5855 2320 5855 2359 5856 2361 5856 2351 5856 2355 5857 2362 5857 2356 5857 2364 5858 2362 5858 2363 5858 2367 5859 2366 5859 2350 5859 2326 5860 2367 5860 2315 5860 2372 5861 2329 5861 2368 5861 2329 5862 2372 5862 2369 5862 2601 5863 2370 5863 2602 5863 2373 5864 2370 5864 2601 5864 2370 5865 2373 5865 2371 5865 2432 5866 2374 5866 2336 5866 2374 5867 2432 5867 2377 5867 2375 5868 2434 5868 2342 5868 2608 5869 2375 5869 2378 5869 2375 5870 2608 5870 2434 5870 2374 5871 2376 5871 2337 5871 2376 5872 2374 5872 2377 5872 2376 5873 2375 5873 2346 5873 2375 5874 2376 5874 2378 5874 2379 5875 2397 5875 2380 5875 2382 5876 2379 5876 2381 5876 2384 5877 2393 5877 2392 5877 2385 5878 2384 5878 2392 5878 2387 5879 2384 5879 2386 5879 2393 5880 2384 5880 2388 5880 2389 5881 2272 5881 2390 5881 2380 5882 2389 5882 2381 5882 2391 5883 2411 5883 2301 5883 2411 5884 2391 5884 2393 5884 2449 5885 2394 5885 2396 5885 2449 5886 2396 5886 2397 5886 2402 5887 2398 5887 2392 5887 2398 5888 2402 5888 2414 5888 2399 5889 2343 5889 2389 5889 2396 5890 2399 5890 2380 5890 2400 5891 2275 5891 2401 5891 2400 5892 2402 5892 2391 5892 2382 5893 2405 5893 2383 5893 2405 5894 2382 5894 2403 5894 2383 5895 2405 5895 2452 5895 2406 5896 2412 5896 2407 5896 2412 5897 2406 5897 2455 5897 2408 5898 2403 5898 2390 5898 2403 5899 2408 5899 2404 5899 2411 5900 2410 5900 2299 5900 2410 5901 2411 5901 2412 5901 2394 5902 2424 5902 2395 5902 2417 5903 2413 5903 2402 5903 2413 5904 2417 5904 2427 5904 2399 5905 2415 5905 2343 5905 2415 5906 2399 5906 2395 5906 2416 5907 2401 5907 2344 5907 2421 5908 2418 5908 2420 5908 2423 5909 2418 5909 2422 5909 2418 5910 2423 5910 2424 5910 2431 5911 2426 5911 2417 5911 2426 5912 2431 5912 2505 5912 2429 5913 2423 5913 2428 5913 2335 5914 2429 5914 2336 5914 2429 5915 2335 5915 2415 5915 2423 5916 2429 5916 2395 5916 2416 5917 2344 5917 2430 5917 2433 5918 2432 5918 2428 5918 2494 5919 2433 5919 2422 5919 2435 5920 2434 5920 2608 5920 2434 5921 2435 5921 2430 5921 2242 5922 2437 5922 2225 5922 2226 5923 2437 5923 2227 5923 2441 5924 2442 5924 2228 5924 2437 5925 2438 5925 2379 5925 2439 5926 2437 5926 2383 5926 2441 5927 2387 5927 2442 5927 2387 5928 2441 5928 2388 5928 2443 5929 2242 5929 2241 5929 2242 5930 2443 5930 2445 5930 2446 5931 2243 5931 2442 5931 2243 5932 2446 5932 2448 5932 2438 5933 2449 5933 2397 5933 2449 5934 2438 5934 2445 5934 2398 5935 2446 5935 2386 5935 2446 5936 2398 5936 2447 5936 2386 5937 2446 5937 2442 5937 2450 5938 2621 5938 2227 5938 2450 5939 2453 5939 2621 5939 2284 5940 2623 5940 2451 5940 2236 5941 2284 5941 2440 5941 2450 5942 2439 5942 2383 5942 2450 5943 2383 5943 2452 5943 2451 5944 2454 5944 2406 5944 2454 5945 2451 5945 2623 5945 2443 5946 2457 5946 2444 5946 2457 5947 2443 5947 2308 5947 2310 5948 2456 5948 2447 5948 2309 5949 2456 5949 2310 5949 2456 5950 2309 5950 2448 5950 2444 5951 2458 5951 2394 5951 2413 5952 2459 5952 2414 5952 2459 5953 2310 5953 2447 5953 2462 5954 2318 5954 2461 5954 2318 5955 2462 5955 2308 5955 2464 5956 2467 5956 2319 5956 2464 5957 2319 5957 2310 5957 2575 5958 2364 5958 2481 5958 2480 5959 2364 5959 2575 5959 2509 5960 2482 5960 2577 5960 2482 5961 2509 5961 2483 5961 2488 5962 2486 5962 2481 5962 2486 5963 2488 5963 2490 5963 2493 5964 2494 5964 2496 5964 2491 5965 2493 5965 2496 5965 2500 5966 2497 5966 2499 5966 2506 5967 2502 5967 2422 5967 2502 5968 2506 5968 2503 5968 2494 5969 2502 5969 2495 5969 2499 5970 2498 5970 2505 5970 2430 5971 2499 5971 2431 5971 2421 5972 2420 5972 2507 5972 2506 5973 2421 5973 2503 5973 2510 5974 2508 5974 2509 5974 2508 5975 2510 5975 2491 5975 2508 5976 2491 5976 2511 5976 2483 5977 2508 5977 2484 5977 2513 5978 2512 5978 2500 5978 2514 5979 2513 5979 2501 5979 2513 5980 2514 5980 2486 5980 2512 5981 2513 5981 2490 5981 2316 5982 2515 5982 2317 5982 2471 5983 2515 5983 2520 5983 2515 5984 2471 5984 2317 5984 2475 5985 2354 5985 2320 5985 2354 5986 2475 5986 2516 5986 2361 5987 2518 5987 2352 5987 2518 5988 2519 5988 2515 5988 2517 5989 2521 5989 2355 5989 2523 5990 2519 5990 2579 5990 2519 5991 2523 5991 2520 5991 2528 5992 2525 5992 2527 5992 2525 5993 2528 5993 2517 5993 2530 5994 2471 5994 2524 5994 2471 5995 2530 5995 2532 5995 2525 5996 2516 5996 2529 5996 2563 5997 2516 5997 2475 5997 2516 5998 2563 5998 2529 5998 2511 5999 2533 5999 2484 5999 2533 6000 2535 6000 2534 6000 2512 6001 2539 6001 2497 6001 2539 6002 2512 6002 2540 6002 2539 6003 2540 6003 2537 6003 2507 6004 2542 6004 2546 6004 2504 6005 2547 6005 2479 6005 2547 6006 2504 6006 2549 6006 2552 6007 2495 6007 2503 6007 2507 6008 2552 6008 2503 6008 2552 6009 2507 6009 2551 6009 2495 6010 2552 6010 2553 6010 2498 6011 2549 6011 2504 6011 2549 6012 2498 6012 2539 6012 2554 6013 2549 6013 2555 6013 2496 6014 2495 6014 2556 6014 2533 6015 2496 6015 2535 6015 2497 6016 2539 6016 2498 6016 2555 6017 2539 6017 2538 6017 2484 6018 2557 6018 2485 6018 2557 6019 2484 6019 2534 6019 2578 6020 2557 6020 2536 6020 2559 6021 2540 6021 2489 6021 2577 6022 2482 6022 2361 6022 2482 6023 2485 6023 2518 6023 2521 6024 2488 6024 2363 6024 2488 6025 2521 6025 2522 6025 2565 6026 2591 6026 2568 6026 2591 6027 2565 6027 2567 6027 2571 6028 2596 6028 2569 6028 2510 6029 2565 6029 2492 6029 2565 6030 2510 6030 2566 6030 2514 6031 2569 6031 2487 6031 2569 6032 2514 6032 2501 6032 2570 6033 2569 6033 2596 6033 2576 6034 2572 6034 2566 6034 2572 6035 2576 6035 2614 6035 2576 6036 2566 6036 2509 6036 2614 6037 2576 6037 2577 6037 2573 6038 2570 6038 2596 6038 2570 6039 2573 6039 2575 6039 2485 6040 2579 6040 2519 6040 2579 6041 2485 6041 2557 6041 2528 6042 2527 6042 2559 6042 2528 6043 2559 6043 2522 6043 2581 6044 2233 6044 2258 6044 2234 6045 2233 6045 2251 6045 2590 6046 2584 6046 2568 6046 2584 6047 2590 6047 2585 6047 2589 6048 2586 6048 2588 6048 2589 6049 2582 6049 2586 6049 2592 6050 2590 6050 2591 6050 2571 6051 2594 6051 2596 6051 2594 6052 2571 6052 2588 6052 2567 6053 2572 6053 2593 6053 2597 6054 2572 6054 2626 6054 2599 6055 2601 6055 2603 6055 2611 6056 2604 6056 2612 6056 2606 6057 2605 6057 2433 6057 2493 6058 2606 6058 2494 6058 2605 6059 2606 6059 2568 6059 2583 6060 2605 6060 2568 6060 2605 6061 2583 6061 2377 6061 2583 6062 2607 6062 2377 6062 2589 6063 2607 6063 2583 6063 2571 6064 2608 6064 2588 6064 2501 6065 2435 6065 2571 6065 2435 6066 2501 6066 2436 6066 2580 6067 2232 6067 2246 6067 2602 6068 2611 6068 2613 6068 2602 6069 2613 6069 2603 6069 2247 6070 2250 6070 2249 6070 2247 6071 2249 6071 2248 6071 2250 6072 2247 6072 2289 6072 2572 6073 2615 6073 2626 6073 2615 6074 2572 6074 2609 6074 2285 6075 2234 6075 2292 6075 2616 6076 2285 6076 2292 6076 2246 6077 2313 6077 2322 6077 2327 6078 2322 6078 2328 6078 2617 6079 2357 6079 2618 6079 2328 6080 2617 6080 2368 6080 2357 6081 2617 6081 2358 6081 2370 6082 2618 6082 2602 6082 2370 6083 2372 6083 2618 6083 2253 6084 2254 6084 2256 6084 2254 6085 2253 6085 2252 6085 2288 6086 2293 6086 2289 6086 2293 6087 2288 6087 2619 6087 2324 6088 2253 6088 2323 6088 2620 6089 2324 6089 2330 6089 2325 6090 2620 6090 2326 6090 2367 6091 2369 6091 2366 6091 2369 6092 2367 6092 2620 6092 2609 6093 2614 6093 2577 6093 2360 6094 2609 6094 2361 6094 2373 6095 2359 6095 2366 6095 2359 6096 2373 6096 2360 6096 2604 6097 2480 6097 2574 6097 2480 6098 2604 6098 2365 6098</p>
        </triangles>
        <triangles material="black-material" count="964">
          <input semantic="VERTEX" source="#Person_Standing_Simple-mesh-vertices" offset="0"/>
          <input semantic="NORMAL" source="#Person_Standing_Simple-mesh-normals" offset="1"/>
          <p>1019 6099 1036 6099 1037 6099 1038 6100 1036 6100 1019 6100 2627 6101 2628 6101 2629 6101 2630 6102 2631 6102 2632 6102 2628 6103 2633 6103 2634 6103 2635 6104 2636 6104 2637 6104 2641 6105 2635 6105 2637 6105 2642 6106 2643 6106 2635 6106 2628 6107 2636 6107 2633 6107 2644 6108 2645 6108 2646 6108 2647 6109 2648 6109 2649 6109 2644 6110 2650 6110 2645 6110 2651 6111 2652 6111 2653 6111 2654 6112 2655 6112 2656 6112 2657 6113 2658 6113 2659 6113 2657 6114 2660 6114 2661 6114 2662 6115 2663 6115 2664 6115 2665 6116 2666 6116 2663 6116 2667 6117 2668 6117 2669 6117 2670 6118 2671 6118 2672 6118 2673 6119 2674 6119 2675 6119 2675 6120 2638 6120 2676 6120 2677 6121 2678 6121 2679 6121 2638 6122 2675 6122 2674 6122 2637 6123 2636 6123 2628 6123 2682 6124 2683 6124 2684 6124 2685 6125 2686 6125 2679 6125 2687 6126 2688 6126 2689 6126 2694 6127 2650 6127 2695 6127 2696 6128 2695 6128 2687 6128 2697 6129 2698 6129 2699 6129 2632 6130 2700 6130 2627 6130 2701 6131 2702 6131 2703 6131 2707 6132 2708 6132 2709 6132 2710 6133 2711 6133 2634 6133 2712 6134 2713 6134 2714 6134 2673 6135 2716 6135 2717 6135 2718 6136 2719 6136 2703 6136 2720 6137 2641 6137 2637 6137 2701 6138 2703 6138 2721 6138 2716 6139 2722 6139 2684 6139 2720 6140 2637 6140 2716 6140 2723 6141 2710 6141 2636 6141 2635 6142 2723 6142 2636 6142 2655 6143 2713 6143 2656 6143 2708 6144 2707 6144 2724 6144 2650 6145 2647 6145 2725 6145 2696 6146 2632 6146 2631 6146 2650 6147 2694 6147 2647 6147 2684 6148 2627 6148 2726 6148 2631 6149 2694 6149 2696 6149 2659 6150 2651 6150 2653 6150 2661 6151 2660 6151 2727 6151 2728 6152 2663 6152 2666 6152 2653 6153 2652 6153 2729 6153 2663 6154 2708 6154 2660 6154 2694 6155 2665 6155 2730 6155 2731 6156 2649 6156 2648 6156 2657 6157 2664 6157 2663 6157 2723 6158 2643 6158 2654 6158 2643 6159 2732 6159 2654 6159 2698 6160 2719 6160 2733 6160 2678 6161 2677 6161 2734 6161 2677 6162 2679 6162 2735 6162 2674 6163 2734 6163 2638 6163 2736 6164 2679 6164 2678 6164 2687 6165 2693 6165 2737 6165 2693 6166 2738 6166 2739 6166 2687 6167 2740 6167 2706 6167 2678 6168 2717 6168 2736 6168 2653 6169 2741 6169 2662 6169 2659 6170 2653 6170 2662 6170 2694 6171 2730 6171 2647 6171 2741 6172 2648 6172 2665 6172 2699 6173 2742 6173 2743 6173 2744 6174 2685 6174 2736 6174 2700 6175 2745 6175 2746 6175 2632 6176 2627 6176 2629 6176 2634 6177 2632 6177 2629 6177 2634 6178 2630 6178 2632 6178 2711 6179 2707 6179 2634 6179 2711 6180 2724 6180 2707 6180 2747 6181 2727 6181 2660 6181 2720 6182 2748 6182 2641 6182 2642 6183 2749 6183 2701 6183 2694 6184 2666 6184 2665 6184 2710 6185 2723 6185 2711 6185 2666 6186 2631 6186 2709 6186 2723 6187 2656 6187 2750 6187 2698 6188 2733 6188 2742 6188 2708 6189 2724 6189 2660 6189 2718 6190 2733 6190 2719 6190 2747 6191 2660 6191 2724 6191 2749 6192 2642 6192 2641 6192 2751 6193 2670 6193 2667 6193 2752 6194 2646 6194 2753 6194 2646 6195 2725 6195 2756 6195 2748 6196 2742 6196 2749 6196 2742 6197 2748 6197 2743 6197 2706 6198 2646 6198 2752 6198 2649 6199 2751 6199 2725 6199 2729 6200 2671 6200 2751 6200 2758 6201 2714 6201 2713 6201 2759 6202 2760 6202 2761 6202 2762 6203 2763 6203 2764 6203 2765 6204 2766 6204 2767 6204 2768 6205 2765 6205 2767 6205 2769 6206 2770 6206 2771 6206 2772 6207 2773 6207 2774 6207 2775 6208 2713 6208 2776 6208 2777 6209 2778 6209 2779 6209 2780 6210 2781 6210 2782 6210 2783 6211 2784 6211 2782 6211 2785 6212 2786 6212 2787 6212 2788 6213 2782 6213 2781 6213 2783 6214 2788 6214 2789 6214 2793 6215 2729 6215 2652 6215 2794 6216 2795 6216 2796 6216 2797 6217 2798 6217 2799 6217 2800 6218 2801 6218 2672 6218 2776 6219 2655 6219 2721 6219 2772 6220 2802 6220 2803 6220 2805 6221 2806 6221 2807 6221 2808 6222 2809 6222 2806 6222 2785 6223 2810 6223 2811 6223 2812 6224 2813 6224 2786 6224 2814 6225 2815 6225 2816 6225 2817 6226 2812 6226 2785 6226 2818 6227 2772 6227 2769 6227 2822 6228 2823 6228 2824 6228 2795 6229 2825 6229 2796 6229 2761 6230 2825 6230 2763 6230 2778 6231 2759 6231 2779 6231 2826 6232 2827 6232 2805 6232 2814 6233 2828 6233 2815 6233 2829 6234 2830 6234 2831 6234 2779 6235 2759 6235 2761 6235 2832 6236 2762 6236 2764 6236 2833 6237 2834 6237 2835 6237 2835 6238 2834 6238 2703 6238 2770 6239 2836 6239 2771 6239 2836 6240 2828 6240 2837 6240 2836 6241 2837 6241 2814 6241 2838 6242 2764 6242 2839 6242 2840 6243 2838 6243 2841 6243 2840 6244 2841 6244 2842 6244 2841 6245 2839 6245 2842 6245 2773 6246 2840 6246 2774 6246 2839 6247 2843 6247 2844 6247 2777 6248 2779 6248 2832 6248 2832 6249 2779 6249 2762 6249 2845 6250 2778 6250 2777 6250 2846 6251 2847 6251 2823 6251 2848 6252 2846 6252 2823 6252 2849 6253 2782 6253 2784 6253 2787 6254 2786 6254 2850 6254 2781 6255 2780 6255 2851 6255 2807 6256 2826 6256 2805 6256 2826 6257 2789 6257 2827 6257 2852 6258 2853 6258 2854 6258 2810 6259 2783 6259 2789 6259 2789 6260 2788 6260 2848 6260 2788 6261 2855 6261 2846 6261 2727 6262 2856 6262 2661 6262 2651 6263 2857 6263 2793 6263 2847 6264 2846 6264 2855 6264 2794 6265 2796 6265 2775 6265 2843 6266 2721 6266 2858 6266 2789 6267 2848 6267 2822 6267 2857 6268 2651 6268 2859 6268 2781 6269 2860 6269 2855 6269 2861 6270 2851 6270 2862 6270 2658 6271 2863 6271 2864 6271 2865 6272 2864 6272 2866 6272 2863 6273 2847 6273 2860 6273 2866 6274 2864 6274 2860 6274 2868 6275 2869 6275 2870 6275 2800 6276 2799 6276 2801 6276 2871 6277 2729 6277 2793 6277 2869 6278 2871 6278 2793 6278 2790 6279 2872 6279 2765 6279 2698 6280 2854 6280 2873 6280 2874 6281 2816 6281 2766 6281 2771 6282 2790 6282 2769 6282 2840 6283 2777 6283 2832 6283 2773 6284 2777 6284 2840 6284 2829 6285 2831 6285 2803 6285 2843 6286 2875 6286 2876 6286 2810 6287 2806 6287 2809 6287 2813 6288 2812 6288 2878 6288 2879 6289 2808 6289 2805 6289 2788 6290 2781 6290 2855 6290 2851 6291 2881 6291 2781 6291 2881 6292 2860 6292 2781 6292 2651 6293 2866 6293 2859 6293 2861 6294 2866 6294 2882 6294 2771 6295 2814 6295 2816 6295 2790 6296 2771 6296 2872 6296 2774 6297 2769 6297 2772 6297 2831 6298 2879 6298 2805 6298 2883 6299 2760 6299 2822 6299 2825 6300 2761 6300 2883 6300 2796 6301 2825 6301 2883 6301 2884 6302 2883 6302 2824 6302 2758 6303 2796 6303 2884 6303 2714 6304 2758 6304 2856 6304 2774 6305 2842 6305 2836 6305 2842 6306 2839 6306 2828 6306 2839 6307 2844 6307 2885 6307 2833 6308 2885 6308 2844 6308 2851 6309 2780 6309 2862 6309 2815 6310 2854 6310 2853 6310 2815 6311 2873 6311 2854 6311 2764 6312 2875 6312 2843 6312 2851 6313 2882 6313 2881 6313 2885 6314 2833 6314 2873 6314 2886 6315 2887 6315 2798 6315 2875 6316 2795 6316 2876 6316 2884 6317 2824 6317 2823 6317 2857 6318 2859 6318 2861 6318 2847 6319 2863 6319 2823 6319 2849 6320 2888 6320 2889 6320 2862 6321 2889 6321 2886 6321 2850 6322 2819 6322 2890 6322 2869 6323 2891 6323 2892 6323 2892 6324 2800 6324 2729 6324 2868 6325 2797 6325 2869 6325 2850 6326 2890 6326 2849 6326 2800 6327 2671 6327 2729 6327 2797 6328 2891 6328 2869 6328 2893 6329 2894 6329 2895 6329 2893 6330 2896 6330 2897 6330 2898 6331 2897 6331 2899 6331 2900 6332 2899 6332 2901 6332 2902 6333 2903 6333 2904 6333 2903 6334 2905 6334 2906 6334 2906 6335 2905 6335 2907 6335 2908 6336 2909 6336 2910 6336 2911 6337 2910 6337 2912 6337 2913 6338 2914 6338 2915 6338 2914 6339 2916 6339 2917 6339 2918 6340 2919 6340 2920 6340 2921 6341 2920 6341 2922 6341 2923 6342 2922 6342 2924 6342 2925 6343 2924 6343 2926 6343 2927 6344 2928 6344 2929 6344 2929 6345 2928 6345 2930 6345 2931 6346 2930 6346 2932 6346 2933 6347 2934 6347 2935 6347 2936 6348 2935 6348 2937 6348 2937 6349 2938 6349 2939 6349 2938 6350 2940 6350 2941 6350 2942 6351 2943 6351 2944 6351 2943 6352 2945 6352 2946 6352 2945 6353 2947 6353 2946 6353 2948 6354 2949 6354 2950 6354 2949 6355 2951 6355 2952 6355 2952 6356 2951 6356 2953 6356 2954 6357 2953 6357 2955 6357 2955 6358 2956 6358 2957 6358 2958 6359 2959 6359 2960 6359 2960 6360 2959 6360 2961 6360 2962 6361 2961 6361 2963 6361 2964 6362 2963 6362 2965 6362 2966 6363 2965 6363 2967 6363 2968 6364 2969 6364 2970 6364 2969 6365 2971 6365 2970 6365 2972 6366 2971 6366 2973 6366 2974 6367 2975 6367 2976 6367 2976 6368 2975 6368 2977 6368 2978 6369 2979 6369 2980 6369 2981 6370 2979 6370 2982 6370 2983 6371 2984 6371 2985 6371 2986 6372 2984 6372 2987 6372 2988 6373 2989 6373 2990 6373 2989 6374 2991 6374 2992 6374 2992 6375 2991 6375 2993 6375 2994 6376 2995 6376 2996 6376 2996 6377 2995 6377 2997 6377 2997 6378 2998 6378 2999 6378 3000 6379 3001 6379 3002 6379 3001 6380 3003 6380 3004 6380 3005 6381 3006 6381 3007 6381 3008 6382 3009 6382 3010 6382 3011 6383 3012 6383 3013 6383 3012 6384 3014 6384 3015 6384 3014 6385 3016 6385 3017 6385 3017 6386 3016 6386 3018 6386 3017 6387 3018 6387 3019 6387 3020 6388 3021 6388 3022 6388 3021 6389 3023 6389 3022 6389 3024 6390 3023 6390 3025 6390 3026 6391 3027 6391 3020 6391 3028 6392 3029 6392 3030 6392 3030 6393 3031 6393 3032 6393 3029 6394 3028 6394 3033 6394 3034 6395 3035 6395 3036 6395 3037 6396 3036 6396 3038 6396 3037 6397 3038 6397 3039 6397 3039 6398 3040 6398 3041 6398 3042 6399 3043 6399 3044 6399 3043 6400 3045 6400 3046 6400 3045 6401 3047 6401 3046 6401 3046 6402 3047 6402 3048 6402 3049 6403 3050 6403 3051 6403 3050 6404 3052 6404 3053 6404 3052 6405 3054 6405 3055 6405 3055 6406 3054 6406 3056 6406 3055 6407 3056 6407 3057 6407 3058 6408 3057 6408 3059 6408 3060 6409 3061 6409 3062 6409 3061 6410 3063 6410 3064 6410 3064 6411 3063 6411 3065 6411 3066 6412 3067 6412 3068 6412 3067 6413 3069 6413 3070 6413 3070 6414 3069 6414 3071 6414 3072 6415 3071 6415 3073 6415 3074 6416 3075 6416 3076 6416 3076 6417 3077 6417 3078 6417 3079 6418 3080 6418 3081 6418 3080 6419 3082 6419 3083 6419 3084 6420 3085 6420 3086 6420 3085 6421 3087 6421 3086 6421 3086 6422 3087 6422 3088 6422 3088 6423 3089 6423 3090 6423 3091 6424 3092 6424 3093 6424 3093 6425 3094 6425 3095 6425 3096 6426 3097 6426 3098 6426 3097 6427 3099 6427 3098 6427 3099 6428 3100 6428 3101 6428 3102 6429 3103 6429 3104 6429 3104 6430 3105 6430 3106 6430 3106 6431 3105 6431 3107 6431 3108 6432 3109 6432 3110 6432 3109 6433 3111 6433 3112 6433 3112 6434 3111 6434 3113 6434 3114 6435 3113 6435 3115 6435 3116 6436 3117 6436 3118 6436 3119 6437 3118 6437 3120 6437 3121 6438 3122 6438 3123 6438 3124 6439 3123 6439 3125 6439 3125 6440 3126 6440 3127 6440 3128 6441 3129 6441 3130 6441 3131 6442 3132 6442 3133 6442 3133 6443 3134 6443 3135 6443 3136 6444 3137 6444 3138 6444 3137 6445 3139 6445 3140 6445 3139 6446 3141 6446 3142 6446 3143 6447 3144 6447 3145 6447 3144 6448 3146 6448 3147 6448 3147 6449 3146 6449 3148 6449 3149 6450 3150 6450 3151 6450 3151 6451 3152 6451 3153 6451 3152 6452 3154 6452 3155 6452 3156 6453 3157 6453 3158 6453 3158 6454 3157 6454 3159 6454 3158 6455 3160 6455 3161 6455 3158 6456 3161 6456 3162 6456 3163 6457 3164 6457 3165 6457 3165 6458 3166 6458 3167 6458 3163 6459 3168 6459 3169 6459 3170 6460 3171 6460 3172 6460 3172 6461 3173 6461 3174 6461 3173 6462 3175 6462 3176 6462 3171 6463 3170 6463 3177 6463 3177 6464 3178 6464 3179 6464 3180 6465 3181 6465 3182 6465 3181 6466 3183 6466 3184 6466 3184 6467 3183 6467 3185 6467 3186 6468 3187 6468 3188 6468 3187 6469 3189 6469 3190 6469 3191 6470 3192 6470 3193 6470 3194 6471 3193 6471 3195 6471 3196 6472 3195 6472 3197 6472 3198 6473 3199 6473 3200 6473 3200 6474 3199 6474 3201 6474 3202 6475 3201 6475 3203 6475 3204 6476 3205 6476 3206 6476 3206 6477 3207 6477 3208 6477 3209 6478 3210 6478 3211 6478 3210 6479 3212 6479 3213 6479 3213 6480 3212 6480 3214 6480 3215 6481 3216 6481 3217 6481 3217 6482 3216 6482 3218 6482 3219 6483 3218 6483 3220 6483 3221 6484 3222 6484 3223 6484 3221 6485 3223 6485 3224 6485 3225 6486 3224 6486 3226 6486 3227 6487 3228 6487 3222 6487 3229 6488 3230 6488 3231 6488 3231 6489 3230 6489 3232 6489 3233 6490 3234 6490 3235 6490 3234 6491 3236 6491 3235 6491 3236 6492 3237 6492 3238 6492 3238 6493 3237 6493 3239 6493 3238 6494 3239 6494 3240 6494 3241 6495 3242 6495 3243 6495 3244 6496 3245 6496 3246 6496 3246 6497 3245 6497 3247 6497 3248 6498 3249 6498 3250 6498 3249 6499 3251 6499 3250 6499 3252 6500 3253 6500 3254 6500 3253 6501 3255 6501 3256 6501 3257 6502 3258 6502 3259 6502 3260 6503 3258 6503 3261 6503 3262 6504 3263 6504 3264 6504 3265 6505 3266 6505 3267 6505 3266 6506 3268 6506 3267 6506 3267 6507 3268 6507 3269 6507 3265 6508 3267 6508 3270 6508 3271 6509 3270 6509 3272 6509 3269 6510 3273 6510 3274 6510 3275 6511 3276 6511 3277 6511 3278 6512 3276 6512 3279 6512 3279 6513 3280 6513 3281 6513 3282 6514 3283 6514 3284 6514 3284 6515 3285 6515 3286 6515 3285 6516 3287 6516 3286 6516 3282 6517 3288 6517 3289 6517 3290 6518 3291 6518 3292 6518 3291 6519 3293 6519 3294 6519 3295 6520 3296 6520 3290 6520 3302 6521 3303 6521 3304 6521 3305 6522 3304 6522 3306 6522 3307 6523 3308 6523 3309 6523 3310 6524 3309 6524 3311 6524 3310 6525 3311 6525 3312 6525 3307 6526 3313 6526 3314 6526 3315 6527 3316 6527 3317 6527 3316 6528 3318 6528 3317 6528 3318 6529 3319 6529 3317 6529 3320 6530 3321 6530 3322 6530 3323 6531 3324 6531 3325 6531 3326 6532 3325 6532 3327 6532 3328 6533 3329 6533 3330 6533 3330 6534 3331 6534 3332 6534 3331 6535 3333 6535 3334 6535 3328 6536 3335 6536 3336 6536 3337 6537 3338 6537 3339 6537 3337 6538 3340 6538 3341 6538 3342 6539 3343 6539 3344 6539 3343 6540 3345 6540 3346 6540 3345 6541 3347 6541 3348 6541 3349 6542 3350 6542 3351 6542 3350 6543 3352 6543 3353 6543 3354 6544 3355 6544 3356 6544 3355 6545 3357 6545 3358 6545 3355 6546 3358 6546 3359 6546 3360 6547 3361 6547 3362 6547 3361 6548 3363 6548 3362 6548 3363 6549 3364 6549 3365 6549 3366 6550 3367 6550 3368 6550 3368 6551 3369 6551 3370 6551 3369 6552 3371 6552 3370 6552 3370 6553 3371 6553 3372 6553 3370 6554 3372 6554 3373 6554 3374 6555 3375 6555 3376 6555 3375 6556 3377 6556 3378 6556 3379 6557 3380 6557 3381 6557 3380 6558 3382 6558 3383 6558 3315 6559 3317 6559 3384 6559 3317 6560 3385 6560 3386 6560 3315 6561 3322 6561 3387 6561 3302 6562 3305 6562 3388 6562 3221 6563 3225 6563 3389 6563 3389 6564 3225 6564 3226 6564 3390 6565 3391 6565 3392 6565 3392 6566 3391 6566 3393 6566 3394 6567 3393 6567 3395 6567 3396 6568 3390 6568 3397 6568 3398 6569 2909 6569 2908 6569 3399 6570 2911 6570 3400 6570 3282 6571 3286 6571 3401 6571 3286 6572 3402 6572 3403 6572 3404 6573 3282 6573 3405 6573 3168 6574 3163 6574 3167 6574 3164 6575 3163 6575 3169 6575 3406 6576 3158 6576 3159 6576 3156 6577 3158 6577 3162 6577 3098 6578 3101 6578 3407 6578 3101 6579 3408 6579 3409 6579 3410 6580 3411 6580 3116 6580 3412 6581 3116 6581 3119 6581 3413 6582 3414 6582 3415 6582 3416 6583 3415 6583 2929 6583 2929 6584 2931 6584 3417 6584 3418 6585 3235 6585 3238 6585 3419 6586 3238 6586 3420 6586 3421 6587 3422 6587 3376 6587 3376 6588 3378 6588 3423 6588 3424 6589 3381 6589 3425 6589 3425 6590 3381 6590 3426 6590 3427 6591 3428 6591 3356 6591 3356 6592 3355 6592 3429 6592 3430 6593 3355 6593 3431 6593 2733 6594 2718 6594 2749 6594 2633 6595 2710 6595 2634 6595 2743 6596 2673 6596 2675 6596 2630 6597 2709 6597 2631 6597 2629 6598 2628 6598 2634 6598 2701 6599 2721 6599 2732 6599 2716 6600 2637 6600 2722 6600 2641 6601 2642 6601 2635 6601 2655 6602 2776 6602 2713 6602 2631 6603 2666 6603 2694 6603 2668 6604 2670 6604 2672 6604 2744 6605 2684 6605 2683 6605 2663 6606 2728 6606 2708 6606 3432 6607 2665 6607 2663 6607 2722 6608 2637 6608 2628 6608 2732 6609 2721 6609 2655 6609 2726 6610 2682 6610 2684 6610 2736 6611 2685 6611 2679 6611 2687 6612 2700 6612 2696 6612 2700 6613 2687 6613 2689 6613 3434 6614 2679 6614 2686 6614 2689 6615 2745 6615 2700 6615 2754 6616 2687 6616 2706 6616 2679 6617 3434 6617 2735 6617 2676 6618 2697 6618 2699 6618 2684 6619 2744 6619 2736 6619 2634 6620 2707 6620 2630 6620 2747 6621 2714 6621 2727 6621 2720 6622 2716 6622 2743 6622 2630 6623 2707 6623 2709 6623 2706 6624 2644 6624 2646 6624 2750 6625 2656 6625 2712 6625 2633 6626 2636 6626 2710 6626 2678 6627 2673 6627 2717 6627 2746 6628 2726 6628 2627 6628 2712 6629 2656 6629 2713 6629 2673 6630 2743 6630 2716 6630 2702 6631 2718 6631 2703 6631 2743 6632 2748 6632 2720 6632 2684 6633 2628 6633 2627 6633 2642 6634 2701 6634 2732 6634 2717 6635 2716 6635 2684 6635 2684 6636 2722 6636 2628 6636 2657 6637 2661 6637 2658 6637 2645 6638 2650 6638 2725 6638 2740 6639 2695 6639 2644 6639 2644 6640 2695 6640 2650 6640 2695 6641 2740 6641 2687 6641 2749 6642 2718 6642 2702 6642 2697 6643 2852 6643 2698 6643 2731 6644 2653 6644 2729 6644 2732 6645 2655 6645 2654 6645 2664 6646 2657 6646 2659 6646 2643 6647 2642 6647 2732 6647 2657 6648 2663 6648 2660 6648 2730 6649 2665 6649 2648 6649 2741 6650 2731 6650 2648 6650 2728 6651 2709 6651 2708 6651 2646 6652 2645 6652 2725 6652 2725 6653 2647 6653 2649 6653 2667 6654 2670 6654 2668 6654 2674 6655 2678 6655 2734 6655 2723 6656 2635 6656 2643 6656 2632 6657 2696 6657 2700 6657 2737 6658 2693 6658 2739 6658 3435 6659 2688 6659 2687 6659 2687 6660 2754 6660 2693 6660 2696 6661 2694 6661 2695 6661 2662 6662 2664 6662 2659 6662 2731 6663 2741 6663 2653 6663 3432 6664 2741 6664 2665 6664 2675 6665 2699 6665 2743 6665 2673 6666 2678 6666 2674 6666 2687 6667 2737 6667 3435 6667 2736 6668 2717 6668 2684 6668 2627 6669 2700 6669 2746 6669 2711 6670 2750 6670 2724 6670 2750 6671 2712 6671 2747 6671 2712 6672 2714 6672 2747 6672 2748 6673 2749 6673 2641 6673 2701 6674 2749 6674 2702 6674 2756 6675 2667 6675 2669 6675 2699 6676 2675 6676 2676 6676 2647 6677 2730 6677 2648 6677 2709 6678 2728 6678 2666 6678 2711 6679 2723 6679 2750 6679 2723 6680 2654 6680 2656 6680 2699 6681 2698 6681 2742 6681 2662 6682 3432 6682 2663 6682 2662 6683 2741 6683 3432 6683 2749 6684 2742 6684 2733 6684 2750 6685 2747 6685 2724 6685 2725 6686 2751 6686 2667 6686 2751 6687 2671 6687 2670 6687 2756 6688 2725 6688 2667 6688 2753 6689 2646 6689 2756 6689 2731 6690 2729 6690 2751 6690 2649 6691 2731 6691 2751 6691 2778 6692 2831 6692 2759 6692 2845 6693 2831 6693 2778 6693 2771 6694 2836 6694 2814 6694 2775 6695 2758 6695 2713 6695 2841 6696 2838 6696 2839 6696 2762 6697 2779 6697 2763 6697 2658 6698 2661 6698 2856 6698 2788 6699 2783 6699 2782 6699 2827 6700 2789 6700 2822 6700 2794 6701 2775 6701 2776 6701 2800 6702 2892 6702 2799 6702 2855 6703 2860 6703 2847 6703 2769 6704 2804 6704 3438 6704 2886 6705 2889 6705 2887 6705 2891 6706 2797 6706 2799 6706 2671 6707 2800 6707 2672 6707 2765 6708 2874 6708 2766 6708 2772 6709 2803 6709 2773 6709 2769 6710 2790 6710 2804 6710 2805 6711 2808 6711 2806 6711 2817 6712 2785 6712 2811 6712 2809 6713 2808 6713 2879 6713 3438 6714 2818 6714 2769 6714 2774 6715 2770 6715 2769 6715 2770 6716 2774 6716 2836 6716 2759 6717 2831 6717 2805 6717 2759 6718 2805 6718 2827 6718 2760 6719 2759 6719 2827 6719 2858 6720 2703 6720 2834 6720 2763 6721 2779 6721 2761 6721 2838 6722 2832 6722 2764 6722 2719 6723 2835 6723 2703 6723 2814 6724 2837 6724 2828 6724 2773 6725 2831 6725 2845 6725 2703 6726 2858 6726 2721 6726 2774 6727 2840 6727 2842 6727 2839 6728 2764 6728 2843 6728 2773 6729 2845 6729 2777 6729 2822 6730 2848 6730 2823 6730 2849 6731 2780 6731 2782 6731 2850 6732 2849 6732 2784 6732 2784 6733 2787 6733 2850 6733 2783 6734 2787 6734 2784 6734 2783 6735 2785 6735 2787 6735 2807 6736 2806 6736 2826 6736 2826 6737 2806 6737 2789 6737 2873 6738 2833 6738 2835 6738 2803 6739 2831 6739 2773 6739 2698 6740 2852 6740 2854 6740 2806 6741 2810 6741 2789 6741 2848 6742 2788 6742 2846 6742 2865 6743 2651 6743 2659 6743 2651 6744 2793 6744 2652 6744 2876 6745 2794 6745 2776 6745 2865 6746 2659 6746 2658 6746 2864 6747 2865 6747 2658 6747 2856 6748 2863 6748 2658 6748 2818 6749 2802 6749 2772 6749 2870 6750 2861 6750 2862 6750 2856 6751 2884 6751 2823 6751 2823 6752 2863 6752 2856 6752 2864 6753 2863 6753 2860 6753 2862 6754 2868 6754 2870 6754 2870 6755 2869 6755 2857 6755 2892 6756 2891 6756 2799 6756 2857 6757 2869 6757 2793 6757 2765 6758 2872 6758 2874 6758 2719 6759 2698 6759 2873 6759 2838 6760 2840 6760 2832 6760 2876 6761 2776 6761 2721 6761 2721 6762 2843 6762 2876 6762 2785 6763 2812 6763 2786 6763 2811 6764 2810 6764 2809 6764 2651 6765 2865 6765 2866 6765 2783 6766 2810 6766 2785 6766 2882 6767 2866 6767 2860 6767 2851 6768 2861 6768 2882 6768 2874 6769 2771 6769 2816 6769 2872 6770 2771 6770 2874 6770 2831 6771 2830 6771 2879 6771 2822 6772 2760 6772 2827 6772 2883 6773 2761 6773 2760 6773 2824 6774 2883 6774 2822 6774 2884 6775 2796 6775 2883 6775 2856 6776 2758 6776 2884 6776 2727 6777 2714 6777 2856 6777 2836 6778 2842 6778 2828 6778 2828 6779 2839 6779 2885 6779 2833 6780 2843 6780 2858 6780 2833 6781 2858 6781 2834 6781 2816 6782 2815 6782 2853 6782 2764 6783 2763 6783 2875 6783 2881 6784 2882 6784 2860 6784 2795 6785 2763 6785 2825 6785 2763 6786 2795 6786 2875 6786 2797 6787 2886 6787 2798 6787 2815 6788 2828 6788 2873 6788 2885 6789 2873 6789 2828 6789 2870 6790 2857 6790 2861 6790 2876 6791 2795 6791 2794 6791 2873 6792 2835 6792 2719 6792 2861 6793 2859 6793 2866 6793 2843 6794 2833 6794 2844 6794 2862 6795 2780 6795 2889 6795 2797 6796 2868 6796 2886 6796 2780 6797 2849 6797 2889 6797 2849 6798 2890 6798 2888 6798 2868 6799 2862 6799 2886 6799 2796 6800 2758 6800 2775 6800 2871 6801 2869 6801 2892 6801 2871 6802 2892 6802 2729 6802 2850 6803 2786 6803 2819 6803 2896 6804 2893 6804 2895 6804 2898 6805 2893 6805 2897 6805 2900 6806 2898 6806 2899 6806 3445 6807 2900 6807 2901 6807 3446 6808 2902 6808 2904 6808 2904 6809 2903 6809 2906 6809 2911 6810 2908 6810 2910 6810 3400 6811 2911 6811 2912 6811 3447 6812 2913 6812 2915 6812 2915 6813 2914 6813 3448 6813 3448 6814 2914 6814 2917 6814 2917 6815 2916 6815 3449 6815 2921 6816 2918 6816 2920 6816 2923 6817 2921 6817 2922 6817 2925 6818 2923 6818 2924 6818 3450 6819 2925 6819 2926 6819 2929 6820 3415 6820 2927 6820 2931 6821 2929 6821 2930 6821 2936 6822 2933 6822 2935 6822 2936 6823 2937 6823 2939 6823 2939 6824 2938 6824 2941 6824 3451 6825 2942 6825 2944 6825 2944 6826 2943 6826 2946 6826 2946 6827 2947 6827 3452 6827 3452 6828 2947 6828 3453 6828 3454 6829 2948 6829 2950 6829 2950 6830 2949 6830 2952 6830 2954 6831 2952 6831 2953 6831 3455 6832 2954 6832 2955 6832 3455 6833 2955 6833 2957 6833 2957 6834 2956 6834 3456 6834 3457 6835 2958 6835 2960 6835 2962 6836 2960 6836 2961 6836 2964 6837 2962 6837 2963 6837 2966 6838 2964 6838 2965 6838 3458 6839 2968 6839 2970 6839 2972 6840 2970 6840 2971 6840 3459 6841 2974 6841 2976 6841 3460 6842 2976 6842 2977 6842 3460 6843 2977 6843 3461 6843 3462 6844 2978 6844 2980 6844 2980 6845 2979 6845 2981 6845 3463 6846 2981 6846 2982 6846 2985 6847 2984 6847 2986 6847 3464 6848 2986 6848 2987 6848 3465 6849 2988 6849 2990 6849 2990 6850 2989 6850 2992 6850 3466 6851 2992 6851 2993 6851 3467 6852 2994 6852 2996 6852 3468 6853 2996 6853 2997 6853 3468 6854 2997 6854 2999 6854 3469 6855 3000 6855 3002 6855 3002 6856 3001 6856 3004 6856 3008 6857 3005 6857 3007 6857 3007 6858 3006 6858 3470 6858 3005 6859 3008 6859 3010 6859 3471 6860 3011 6860 3013 6860 3013 6861 3012 6861 3015 6861 3015 6862 3014 6862 3017 6862 3026 6863 3020 6863 3022 6863 3022 6864 3023 6864 3024 6864 3472 6865 3024 6865 3025 6865 3473 6866 3028 6866 3030 6866 3473 6867 3030 6867 3474 6867 3474 6868 3030 6868 3032 6868 3475 6869 3029 6869 3033 6869 3476 6870 3034 6870 3036 6870 3037 6871 3476 6871 3036 6871 3477 6872 3037 6872 3039 6872 3477 6873 3039 6873 3041 6873 3478 6874 3042 6874 3479 6874 3479 6875 3042 6875 3044 6875 3044 6876 3043 6876 3046 6876 3480 6877 3046 6877 3048 6877 3481 6878 3049 6878 3051 6878 3051 6879 3050 6879 3053 6879 3053 6880 3052 6880 3055 6880 3058 6881 3055 6881 3057 6881 3482 6882 3058 6882 3059 6882 3483 6883 3060 6883 3062 6883 3062 6884 3061 6884 3484 6884 3484 6885 3061 6885 3064 6885 3485 6886 3066 6886 3068 6886 3068 6887 3067 6887 3070 6887 3072 6888 3070 6888 3071 6888 3486 6889 3072 6889 3073 6889 3487 6890 3074 6890 3076 6890 3487 6891 3076 6891 3078 6891 3488 6892 3078 6892 3077 6892 3489 6893 3075 6893 3074 6893 3081 6894 3080 6894 3490 6894 3490 6895 3080 6895 3083 6895 3491 6896 3084 6896 3086 6896 3492 6897 3086 6897 3088 6897 3492 6898 3088 6898 3090 6898 3493 6899 3091 6899 3093 6899 3493 6900 3093 6900 3095 6900 3095 6901 3094 6901 3494 6901 3495 6902 3096 6902 3098 6902 3098 6903 3099 6903 3101 6903 3101 6904 3100 6904 3408 6904 3496 6905 3102 6905 3104 6905 3496 6906 3104 6906 3106 6906 3497 6907 3106 6907 3107 6907 3498 6908 3108 6908 3110 6908 3110 6909 3109 6909 3112 6909 3114 6910 3112 6910 3113 6910 3499 6911 3114 6911 3115 6911 3116 6912 3411 6912 3117 6912 3119 6913 3116 6913 3118 6913 3124 6914 3121 6914 3123 6914 3124 6915 3125 6915 3127 6915 3500 6916 3127 6916 3126 6916 3501 6917 3128 6917 3130 6917 3502 6918 3130 6918 3129 6918 3131 6919 3503 6919 3132 6919 3504 6920 3131 6920 3133 6920 3504 6921 3133 6921 3135 6921 3505 6922 3136 6922 3506 6922 3506 6923 3136 6923 3138 6923 3138 6924 3137 6924 3140 6924 3140 6925 3139 6925 3142 6925 3145 6926 3144 6926 3507 6926 3507 6927 3144 6927 3147 6927 3508 6928 3147 6928 3148 6928 3153 6929 3149 6929 3151 6929 3153 6930 3152 6930 3155 6930 3167 6931 3163 6931 3165 6931 3509 6932 3170 6932 3172 6932 3509 6933 3172 6933 3174 6933 3174 6934 3173 6934 3176 6934 3171 6935 3177 6935 3179 6935 3186 6936 3180 6936 3182 6936 3182 6937 3181 6937 3184 6937 3510 6938 3184 6938 3185 6938 3510 6939 3185 6939 3511 6939 3180 6940 3186 6940 3188 6940 3188 6941 3187 6941 3190 6941 3194 6942 3191 6942 3193 6942 3196 6943 3194 6943 3195 6943 3512 6944 3198 6944 3200 6944 3202 6945 3200 6945 3201 6945 3208 6946 3204 6946 3206 6946 3208 6947 3207 6947 3513 6947 3514 6948 3209 6948 3211 6948 3211 6949 3210 6949 3213 6949 3515 6950 3213 6950 3214 6950 3516 6951 3215 6951 3217 6951 3219 6952 3217 6952 3218 6952 3517 6953 3219 6953 3220 6953 3225 6954 3221 6954 3224 6954 3221 6955 3227 6955 3222 6955 3518 6956 3229 6956 3231 6956 3519 6957 3231 6957 3232 6957 3520 6958 3233 6958 3235 6958 3235 6959 3236 6959 3238 6959 3420 6960 3238 6960 3240 6960 3244 6961 3241 6961 3521 6961 3521 6962 3241 6962 3243 6962 3241 6963 3244 6963 3246 6963 3522 6964 3246 6964 3247 6964 3523 6965 3248 6965 3250 6965 3250 6966 3251 6966 3524 6966 3524 6967 3251 6967 3525 6967 3526 6968 3252 6968 3254 6968 3254 6969 3253 6969 3527 6969 3527 6970 3253 6970 3256 6970 3259 6971 3262 6971 3257 6971 3259 6972 3258 6972 3260 6972 3528 6973 3260 6973 3261 6973 3257 6974 3262 6974 3264 6974 3529 6975 3267 6975 3269 6975 3530 6976 3265 6976 3270 6976 3271 6977 3530 6977 3270 6977 3531 6978 3271 6978 3272 6978 3529 6979 3269 6979 3274 6979 3532 6980 3275 6980 3277 6980 3278 6981 3277 6981 3276 6981 3278 6982 3279 6982 3281 6982 3282 6983 3284 6983 3286 6983 3286 6984 3287 6984 3402 6984 3405 6985 3282 6985 3289 6985 3295 6986 3290 6986 3292 6986 3292 6987 3291 6987 3294 6987 3534 6988 3297 6988 3299 6988 3305 6989 3302 6989 3304 6989 3302 6990 3536 6990 3537 6990 3310 6991 3307 6991 3309 6991 3308 6992 3307 6992 3314 6992 3317 6993 3319 6993 3385 6993 3315 6994 3320 6994 3322 6994 3538 6995 3323 6995 3325 6995 3539 6996 3538 6996 3325 6996 3326 6997 3539 6997 3325 6997 3540 6998 3326 6998 3327 6998 3332 6999 3328 6999 3330 6999 3332 7000 3331 7000 3334 7000 3329 7001 3328 7001 3336 7001 3541 7002 3337 7002 3339 7002 3542 7003 3541 7003 3339 7003 3338 7004 3337 7004 3341 7004 3349 7005 3342 7005 3543 7005 3543 7006 3342 7006 3344 7006 3344 7007 3343 7007 3346 7007 3346 7008 3345 7008 3348 7008 3342 7009 3349 7009 3351 7009 3351 7010 3350 7010 3353 7010 3356 7011 3428 7011 3354 7011 3431 7012 3355 7012 3359 7012 3544 7013 3360 7013 3362 7013 3362 7014 3363 7014 3545 7014 3545 7015 3363 7015 3365 7015 3546 7016 3366 7016 3368 7016 3546 7017 3368 7017 3370 7017 3547 7018 3370 7018 3373 7018 3376 7019 3422 7019 3374 7019 3376 7020 3375 7020 3378 7020 3424 7021 3379 7021 3381 7021 3381 7022 3380 7022 3426 7022 3426 7023 3380 7023 3383 7023 3320 7024 3315 7024 3384 7024 3384 7025 3317 7025 3386 7025 3388 7026 3536 7026 3302 7026 3548 7027 3388 7027 3305 7027 3227 7028 3221 7028 3389 7028 3549 7029 3389 7029 3226 7029 3397 7030 3390 7030 3392 7030 3394 7031 3392 7031 3393 7031 3550 7032 3394 7032 3395 7032 3551 7033 2908 7033 2911 7033 3399 7034 3551 7034 2911 7034 3288 7035 3282 7035 3552 7035 3552 7036 3282 7036 3401 7036 3401 7037 3286 7037 3553 7037 3553 7038 3286 7038 3403 7038 3283 7039 3282 7039 3404 7039 3554 7040 3168 7040 3167 7040 3554 7041 3167 7041 3555 7041 3160 7042 3158 7042 3556 7042 3406 7043 3556 7043 3158 7043 3495 7044 3098 7044 3407 7044 3407 7045 3101 7045 3557 7045 3557 7046 3101 7046 3409 7046 3412 7047 3410 7047 3116 7047 3558 7048 3412 7048 3119 7048 3559 7049 3558 7049 3119 7049 3416 7050 3413 7050 3415 7050 3560 7051 3416 7051 2929 7051 3560 7052 2929 7052 3417 7052 3417 7053 2931 7053 3561 7053 3520 7054 3235 7054 3418 7054 3419 7055 3418 7055 3238 7055 3562 7056 3376 7056 3423 7056 3423 7057 3378 7057 3563 7057 3564 7058 3425 7058 3426 7058 3565 7059 3427 7059 3356 7059 3565 7060 3356 7060 3566 7060 3566 7061 3356 7061 3429 7061 3430 7062 3429 7062 3355 7062</p>
        </triangles>
      </mesh>
    </geometry>
  </library_geometries>
  <library_visual_scenes>
    <visual_scene id="Scene" name="Scene">
      <node id="Light_002" name="Light.002" type="NODE">
        <matrix sid="transform">-0.2908646 -0.7711008 0.5663933 4.076245 0.9551712 -0.1998833 0.2183913 1.005454 -0.05518912 0.6045247 0.7946723 5.903862 0 0 0 1</matrix>
        <instance_light url="#Light_002-light"/>
      </node>
      <node id="Camera_002" name="Camera.002" type="NODE">
        <matrix sid="transform">0.6859207 -0.3240135 0.6515582 7.358891 0.7276763 0.3054209 -0.6141704 -6.925791 -4.01133e-9 0.8953956 0.4452714 4.958309 0 0 0 1</matrix>
        <instance_camera url="#Camera_002-camera"/>
      </node>
      <node id="Person_Standing_Simple" name="Person Standing Simple" type="NODE">
        <matrix sid="transform">6.94581e-8 -0.92 0 0 0.92 6.94581e-8 0 0 0 0 0.92 0 0 0 0 1</matrix>
        <instance_geometry url="#Person_Standing_Simple-mesh" name="Person Standing Simple">
          <bind_material>
            <technique_common>
              <instance_material symbol="Tan-material" target="#Tan-material"/>
              <instance_material symbol="Blue-material" target="#Blue-material"/>
              <instance_material symbol="Red-material" target="#Red-material"/>
              <instance_material symbol="black-material" target="#black-material"/>
            </technique_common>
          </bind_material>
        </instance_geometry>
      </node>
      <node id="Camera_001" name="Camera.001" type="NODE">
        <matrix sid="transform">0.6859207 -0.3240135 0.6515582 7.358891 0.7276763 0.3054209 -0.6141704 -6.925791 -4.01133e-9 0.8953956 0.4452714 4.958309 0 0 0 1</matrix>
        <instance_camera url="#Camera_001-camera"/>
      </node>
      <node id="Light_001" name="Light.001" type="NODE">
        <matrix sid="transform">-0.2908646 -0.7711007 0.5663933 4.076245 0.9551712 -0.1998833 0.2183912 1.005454 -0.05518907 0.6045248 0.7946722 5.903862 0 0 0 1</matrix>
        <instance_light url="#Light_001-light"/>
      </node>
      <node id="Camera" name="Camera" type="NODE">
        <matrix sid="transform">0.6859207 -0.3240135 0.6515582 7.358891 0.7276763 0.3054208 -0.6141704 -6.925791 0 0.8953956 0.4452714 4.958309 0 0 0 1</matrix>
        <instance_camera url="#Camera-camera"/>
      </node>
      <node id="Light" name="Light" type="NODE">
        <matrix sid="transform">-0.2908646 -0.7711008 0.5663932 4.076245 0.9551712 -0.1998834 0.2183912 1.005454 -0.05518906 0.6045247 0.7946723 5.903862 0 0 0 1</matrix>
        <instance_light url="#Light-light"/>
      </node>
    </visual_scene>
  </library_visual_scenes>
  <scene>
    <instance_visual_scene url="#Scene"/>
  </scene>
</COLLADA>